payer_key,payer_name,organization_key,organization_name,year_month,encounter_count,total_claim_cost,total_payer_coverage,total_patient_responsibility,average_claim_cost,coverage_ratio
38194544675647776,Medicaid,164982158369714689,A&A HEALTHCARE LLC,1943-09,2,1999.20,1899.20,100.00,999.6000000000000000,0.94997999199679871949
38194544675647776,Medicaid,496794533100234578,WELLNESS ON WHEELS PC,1943-09,1,1329.55,1179.55,150.00,1329.5500000000000000,0.88717987288932345530
278663187212707114,NO_INSURANCE,622746900524004548,WHITTIER REHABILTATION HOSPITAL,1947-12,1,85.55,0.00,85.55,85.5500000000000000,0E-20
278663187212707114,NO_INSURANCE,622746900524004548,WHITTIER REHABILTATION HOSPITAL,1948-01,1,85.55,0.00,85.55,85.5500000000000000,0E-20
278663187212707114,NO_INSURANCE,622746900524004548,WHITTIER REHABILTATION HOSPITAL,1950-01,1,85.55,0.00,85.55,85.5500000000000000,0E-20
38194544675647776,Medicaid,679818074188163933,ARBOUR-FULLER HOSPITAL,1951-05,1,3817.64,3767.64,50.00,3817.6400000000000000,0.98690290336438218376
38194544675647776,Medicaid,742853919342579422,ENCOMPASS HEALTH BRAINTREE HOSPITAL OF BRAINTREE,1952-08,1,3611.37,3561.37,50.00,3611.3700000000000000,0.98615483874540686775
38194544675647776,Medicaid,742853919342579422,ENCOMPASS HEALTH BRAINTREE HOSPITAL OF BRAINTREE,1953-10,1,942.01,892.01,50.00,942.0100000000000000,0.94692200719737582404
38194544675647776,Medicaid,332886644979055046,MILFORD REGIONAL MEDICAL CENTER,1960-01,1,1005.38,955.38,50.00,1005.3800000000000000,0.95026756052437884183
278663187212707114,NO_INSURANCE,93679773638781409,TUFTS MEDICAL CENTER,1960-03,2,171.10,0.00,171.10,85.5500000000000000,0E-20
357555573157303140,Blue Cross Blue Shield,887471881291579676,WOODLAND INTERNISTS  P.C.,1960-09,1,704.20,0.00,704.20,704.2000000000000000,0E-20
38194544675647776,Medicaid,742853919342579422,ENCOMPASS HEALTH BRAINTREE HOSPITAL OF BRAINTREE,1961-06,1,3817.64,3767.64,50.00,3817.6400000000000000,0.98690290336438218376
357555573157303140,Blue Cross Blue Shield,887471881291579676,WOODLAND INTERNISTS  P.C.,1961-09,1,704.20,0.00,704.20,704.2000000000000000,0E-20
38194544675647776,Medicaid,164982158369714689,A&A HEALTHCARE LLC,1962-10,1,778.78,628.78,150.00,778.7800000000000000,0.80739104753588946814
357555573157303140,Blue Cross Blue Shield,441536440845856287,WELLESLEY FAMILY CARE ASSOCIATES  PC,1963-01,1,704.20,0.00,704.20,704.2000000000000000,0E-20
357555573157303140,Blue Cross Blue Shield,1100386330438199965,WALTHAM WESTON INTERNAL MEDICINE ASSOCIATES  P.C.,1963-01,1,704.20,0.00,704.20,704.2000000000000000,0E-20
357555573157303140,Blue Cross Blue Shield,1100386330438199965,WALTHAM WESTON INTERNAL MEDICINE ASSOCIATES  P.C.,1964-01,1,849.22,0.00,849.22,849.2200000000000000,0E-20
38194544675647776,Medicaid,332886644979055046,MILFORD REGIONAL MEDICAL CENTER,1964-08,1,85.55,35.55,50.00,85.5500000000000000,0.41554646405610753945
278663187212707114,NO_INSURANCE,790885867393293671,DUTTON FAMILY CARE ASSOCIATES LLP,1964-09,1,347.38,0.00,347.38,347.3800000000000000,0E-20
278663187212707114,NO_INSURANCE,814284400183858824,PRIMARY CARE NORTH PC,1965-02,3,2192.30,0.00,2192.30,730.7666666666666667,0E-20
278663187212707114,NO_INSURANCE,537663206495302230,MELROSE FAMILY OPTICIANS LLC,1965-02,1,919.90,0.00,919.90,919.9000000000000000,0E-20
38194544675647776,Medicaid,496794533100234578,WELLNESS ON WHEELS PC,1965-07,1,778.78,628.78,150.00,778.7800000000000000,0.80739104753588946814
38194544675647776,Medicaid,164982158369714689,A&A HEALTHCARE LLC,1965-07,2,2509.62,2209.62,300.00,1254.8100000000000000,0.88045998995863915653
38194544675647776,Medicaid,679818074188163933,ARBOUR-FULLER HOSPITAL,1965-08,1,92.93,42.93,50.00,92.9300000000000000,0.46196061551705584849
278663187212707114,NO_INSURANCE,814284400183858824,PRIMARY CARE NORTH PC,1966-03,1,1108.71,0.00,1108.71,1108.7100000000000000,0E-20
357555573157303140,Blue Cross Blue Shield,1100386330438199965,WALTHAM WESTON INTERNAL MEDICINE ASSOCIATES  P.C.,1967-02,1,1075.86,0.00,1075.86,1075.8600000000000000,0E-20
38194544675647776,Medicaid,909182873596142954,SOUTHCOAST HOSPITAL GROUP  INC,1967-07,2,171.10,71.10,100.00,85.5500000000000000,0.41554646405610753945
38194544675647776,Medicaid,164982158369714689,A&A HEALTHCARE LLC,1967-08,1,1339.09,1189.09,150.00,1339.0900000000000000,0.88798363067456257608
38194544675647776,Medicaid,496794533100234578,WELLNESS ON WHEELS PC,1968-08,1,849.22,699.22,150.00,849.2200000000000000,0.82336732531028473187
278663187212707114,NO_INSURANCE,50464693234281699,Lynn Community Based Outpatient Clinic (CBOC),1969-03,1,778.78,0.00,778.78,778.7800000000000000,0E-20
278663187212707114,NO_INSURANCE,814284400183858824,PRIMARY CARE NORTH PC,1969-03,1,778.78,0.00,778.78,778.7800000000000000,0E-20
38194544675647776,Medicaid,164982158369714689,A&A HEALTHCARE LLC,1969-08,1,860.16,710.16,150.00,860.1600000000000000,0.82561383928571428571
645688281511686373,UnitedHealthcare,476697113556229311,BETH ISRAEL DEACONESS HOSPITAL MILTON INC,1971-08,2,171.10,136.88,34.22,85.5500000000000000,0.80000000000000000000
38194544675647776,Medicaid,496794533100234578,WELLNESS ON WHEELS PC,1971-09,1,778.78,664.33,114.45,778.7800000000000000,0.85303936926988366419
1038854080955376456,Cigna Health,428720615426329859,COUNTRY CENTER FOR HEALTH & REHABILITATION,1972-03,1,146.18,0.00,146.18,146.1800000000000000,0E-20
278663187212707114,NO_INSURANCE,814284400183858824,PRIMARY CARE NORTH PC,1972-03,1,1567.00,0.00,1567.00,1567.0000000000000000,0E-20
1038854080955376456,Cigna Health,395615810080261442,ANNA JAQUES HOSPITAL SUBACUTE UNIT,1972-05,1,1018.55,0.00,1018.55,1018.5500000000000000,0E-20
38194544675647776,Medicaid,909182873596142954,SOUTHCOAST HOSPITAL GROUP  INC,1972-05,1,85.55,0.00,85.55,85.5500000000000000,0E-20
38194544675647776,Medicaid,132019786462314408,DAVIS SQUARE FAMILY PRACTICE,1973-08,1,783.90,633.90,150.00,783.9000000000000000,0.80864906238040566399
645688281511686373,UnitedHealthcare,476697113556229311,BETH ISRAEL DEACONESS HOSPITAL MILTON INC,1973-10,1,516.95,0.00,516.95,516.9500000000000000,0E-20
278663187212707114,NO_INSURANCE,814284400183858824,PRIMARY CARE NORTH PC,1975-03,1,994.48,0.00,994.48,994.4800000000000000,0E-20
645688281511686373,UnitedHealthcare,476697113556229311,BETH ISRAEL DEACONESS HOSPITAL MILTON INC,1975-05,1,516.95,413.56,103.39,516.9500000000000000,0.80000000000000000000
278663187212707114,NO_INSURANCE,723111811226363721,CHESTNUT WOODS REHABILITATION AND HEALTHCARE CTR,1976-03,1,6079.78,0.00,6079.78,6079.7800000000000000,0E-20
278663187212707114,NO_INSURANCE,622746900524004548,WHITTIER REHABILTATION HOSPITAL,1976-06,2,840.39,0.00,840.39,420.1950000000000000,0E-20
38194544675647776,Medicaid,496794533100234578,WELLNESS ON WHEELS PC,1976-09,1,1161.22,1098.02,63.20,1161.2200000000000000,0.94557448201029951258
278663187212707114,NO_INSURANCE,790885867393293671,DUTTON FAMILY CARE ASSOCIATES LLP,1976-11,1,704.20,0.00,704.20,704.2000000000000000,0E-20
952317639554652821,Medicare,814284400183858824,PRIMARY CARE NORTH PC,1978-03,1,994.48,615.67,378.81,994.4800000000000000,0.61908736223956238436
952317639554652821,Medicare,622746900524004548,WHITTIER REHABILTATION HOSPITAL,1978-04,2,3190.90,2552.72,638.18,1595.4500000000000000,0.80000000000000000000
38194544675647776,Medicaid,132019786462314408,DAVIS SQUARE FAMILY PRACTICE,1978-09,1,1567.00,1417.00,150.00,1567.0000000000000000,0.90427568602425015954
38194544675647776,Medicaid,164982158369714689,A&A HEALTHCARE LLC,1978-10,1,1865.32,1715.32,150.00,1865.3200000000000000,0.91958484335127484828
38194544675647776,Medicaid,742853919342579422,ENCOMPASS HEALTH BRAINTREE HOSPITAL OF BRAINTREE,1978-11,1,85.55,35.55,50.00,85.5500000000000000,0.41554646405610753945
38194544675647776,Medicaid,679818074188163933,ARBOUR-FULLER HOSPITAL,1979-04,1,1515.74,1465.74,50.00,1515.7400000000000000,0.96701281222373230237
952317639554652821,Medicare,622746900524004548,WHITTIER REHABILTATION HOSPITAL,1979-12,2,1428.74,958.36,470.38,714.3700000000000000,0.67077284880384114674
211105773257762680,Aetna,623047219859228790,GARDEN STATE HEALTHCARE ASSOCIATES LLC,1980-03,1,977.85,0.00,977.85,977.8500000000000000,0E-20
952317639554652821,Medicare,723111811226363721,CHESTNUT WOODS REHABILITATION AND HEALTHCARE CTR,1980-05,1,7503.03,5816.02,1687.01,7503.0300000000000000,0.77515617024055614865
952317639554652821,Medicare,723111811226363721,CHESTNUT WOODS REHABILITATION AND HEALTHCARE CTR,1980-11,1,4407.08,3525.66,881.42,4407.0800000000000000,0.79999909236955081369
952317639554652821,Medicare,622746900524004548,WHITTIER REHABILTATION HOSPITAL,1980-12,2,5952.05,4761.63,1190.42,2976.0250000000000000,0.79999831990658680623
952317639554652821,Medicare,814284400183858824,PRIMARY CARE NORTH PC,1981-03,1,853.36,496.28,357.08,853.3600000000000000,0.58155995125152338989
278663187212707114,NO_INSURANCE,537663206495302230,MELROSE FAMILY OPTICIANS LLC,1981-03,1,998.38,0.00,998.38,998.3800000000000000,0E-20
952317639554652821,Medicare,622746900524004548,WHITTIER REHABILTATION HOSPITAL,1981-04,1,3105.35,2484.28,621.07,3105.3500000000000000,0.80000000000000000000
38194544675647776,Medicaid,742853919342579422,ENCOMPASS HEALTH BRAINTREE HOSPITAL OF BRAINTREE,1982-07,1,948.35,898.35,50.00,948.3500000000000000,0.94727684926451204724
445788698227523135,Dual Eligible,742853919342579422,ENCOMPASS HEALTH BRAINTREE HOSPITAL OF BRAINTREE,1982-08,1,1032.34,997.34,35.00,1032.3400000000000000,0.96609644109498808532
38194544675647776,Medicaid,679818074188163933,ARBOUR-FULLER HOSPITAL,1982-12,1,740.69,690.69,50.00,740.6900000000000000,0.93249537593325142772
38194544675647776,Medicaid,969560228442772145,FAMILY PRACTICE GROUP PC,1983-03,1,704.20,554.20,150.00,704.2000000000000000,0.78699233172394206191
467436209270504951,Humana,919548777387151765,SOUTH SHORE CENTER FOR WELLNESS LTD,1983-07,1,704.20,0.00,704.20,704.2000000000000000,0E-20
357555573157303140,Blue Cross Blue Shield,815218868737845247,Causeway OPC,1983-07,1,778.78,0.00,778.78,778.7800000000000000,0E-20
278663187212707114,NO_INSURANCE,694540912856437675,PULMONARY INTERNISTS AND CONSULTANTS PC,1983-07,1,704.20,0.00,704.20,704.2000000000000000,0E-20
38194544675647776,Medicaid,496794533100234578,WELLNESS ON WHEELS PC,1983-11,1,791.94,718.83,73.11,791.9400000000000000,0.90768240018183195697
38194544675647776,Medicaid,1053862909723414558,COMPASSIONATE HEALTH CARE GROUP LLC,1983-11,1,1567.00,1417.00,150.00,1567.0000000000000000,0.90427568602425015954
952317639554652821,Medicare,814284400183858824,PRIMARY CARE NORTH PC,1984-03,1,1135.60,908.48,227.12,1135.6000000000000000,0.80000000000000000000
278663187212707114,NO_INSURANCE,814284400183858824,PRIMARY CARE NORTH PC,1984-03,1,778.78,0.00,778.78,778.7800000000000000,0E-20
278663187212707114,NO_INSURANCE,50464693234281699,Lynn Community Based Outpatient Clinic (CBOC),1984-03,1,1786.60,0.00,1786.60,1786.6000000000000000,0E-20
952317639554652821,Medicare,622746900524004548,WHITTIER REHABILTATION HOSPITAL,1984-03,3,6000.85,4656.00,1344.85,2000.2833333333333333,0.77589008223834956714
278663187212707114,NO_INSURANCE,537663206495302230,MELROSE FAMILY OPTICIANS LLC,1984-03,1,853.36,0.00,853.36,853.3600000000000000,0E-20
357555573157303140,Blue Cross Blue Shield,389966452681632557,BETH ISRAEL DEACONESS HOSPITAL-NEEDHAM  INC.,1984-03,1,802.11,0.00,802.11,802.1100000000000000,0E-20
952317639554652821,Medicare,723111811226363721,CHESTNUT WOODS REHABILITATION AND HEALTHCARE CTR,1984-07,1,17189.78,13751.82,3437.96,17189.7800000000000000,0.79999976730359550849
952317639554652821,Medicare,723111811226363721,CHESTNUT WOODS REHABILITATION AND HEALTHCARE CTR,1984-08,1,10317.26,8253.80,2063.46,10317.2600000000000000,0.79999922460032993256
38194544675647776,Medicaid,1053862909723414558,COMPASSIONATE HEALTH CARE GROUP LLC,1984-11,1,704.20,554.20,150.00,704.2000000000000000,0.78699233172394206191
952317639554652821,Medicare,44021524391093165,DIGNITY HOSPICE CARE INC,1985-04,1,11353.93,8896.74,2457.19,11353.9300000000000000,0.78358242476393636388
952317639554652821,Medicare,814284400183858824,PRIMARY CARE NORTH PC,1985-05,1,211.38,169.10,42.28,211.3800000000000000,0.79998107673384426152
38194544675647776,Medicaid,132019786462314408,DAVIS SQUARE FAMILY PRACTICE,1985-10,1,1058.12,908.12,150.00,1058.1200000000000000,0.85823914111820965486
38194544675647776,Medicaid,1053862909723414558,COMPASSIONATE HEALTH CARE GROUP LLC,1985-11,1,704.20,554.20,150.00,704.2000000000000000,0.78699233172394206191
645688281511686373,UnitedHealthcare,703727186913582450,ASSOCIATED INTERNISTS OF RANDOLPH  INC.,1986-04,1,994.48,0.00,994.48,994.4800000000000000,0E-20
278663187212707114,NO_INSURANCE,790885867393293671,DUTTON FAMILY CARE ASSOCIATES LLP,1986-11,1,1641.58,0.00,1641.58,1641.5800000000000000,0E-20
357555573157303140,Blue Cross Blue Shield,363458983347729064,Fitchburg Outpatient Clinic,1986-12,2,44049.83,28918.90,15130.93,22024.915000000000,0.65650423622520223120
357555573157303140,Blue Cross Blue Shield,441536440845856287,WELLESLEY FAMILY CARE ASSOCIATES  PC,1986-12,1,778.78,0.00,778.78,778.7800000000000000,0E-20
645688281511686373,UnitedHealthcare,137002283324145083,STURDY MEMORIAL HOSPITAL INC,1987-04,1,85.55,68.44,17.11,85.5500000000000000,0.80000000000000000000
278663187212707114,NO_INSURANCE,1037822919216517364,ANNA JAQUES HOSPITAL SUBACUTE UNIT,1987-04,1,85.55,0.00,85.55,85.5500000000000000,0E-20
278663187212707114,NO_INSURANCE,1037822919216517364,ANNA JAQUES HOSPITAL SUBACUTE UNIT,1987-05,1,516.95,0.00,516.95,516.9500000000000000,0E-20
645688281511686373,UnitedHealthcare,137002283324145083,STURDY MEMORIAL HOSPITAL INC,1987-05,1,516.95,413.56,103.39,516.9500000000000000,0.80000000000000000000
357555573157303140,Blue Cross Blue Shield,815218868737845247,Causeway OPC,1987-08,1,1159.14,0.00,1159.14,1159.1400000000000000,0E-20
467436209270504951,Humana,683258316057948949,STEWARD ST. ANNES HOSPITAL CORPORATION,1987-12,2,602.50,0.00,602.50,301.2500000000000000,0E-20
445788698227523135,Dual Eligible,164982158369714689,A&A HEALTHCARE LLC,1987-12,1,1284.76,1249.76,35.00,1284.7600000000000000,0.97275755783181294561
645688281511686373,UnitedHealthcare,703727186913582450,ASSOCIATED INTERNISTS OF RANDOLPH  INC.,1988-04,1,1501.07,242.36,1258.71,1501.0700000000000000,0.16145815984597653674
357555573157303140,Blue Cross Blue Shield,389966452681632557,BETH ISRAEL DEACONESS HOSPITAL-NEEDHAM  INC.,1988-11,1,948.35,55.39,892.96,948.3500000000000000,0.05840670638477355407
357555573157303140,Blue Cross Blue Shield,441536440845856287,WELLESLEY FAMILY CARE ASSOCIATES  PC,1988-12,1,704.20,0.00,704.20,704.2000000000000000,0E-20
952317639554652821,Medicare,389966452681632557,BETH ISRAEL DEACONESS HOSPITAL-NEEDHAM  INC.,1988-12,1,1027.63,822.11,205.52,1027.6300000000000000,0.80000583867734495879
445788698227523135,Dual Eligible,164982158369714689,A&A HEALTHCARE LLC,1988-12,1,1216.98,1181.98,35.00,1216.9800000000000000,0.97124028332429456524
645688281511686373,UnitedHealthcare,137002283324145083,STURDY MEMORIAL HOSPITAL INC,1989-04,1,516.95,413.56,103.39,516.9500000000000000,0.80000000000000000000
952317639554652821,Medicare,1037822919216517364,ANNA JAQUES HOSPITAL SUBACUTE UNIT,1989-04,1,516.95,413.56,103.39,516.9500000000000000,0.80000000000000000000
645688281511686373,UnitedHealthcare,476697113556229311,BETH ISRAEL DEACONESS HOSPITAL MILTON INC,1989-05,1,5423.98,4060.99,1362.99,5423.9800000000000000,0.74871035660160988794
278663187212707114,NO_INSURANCE,556944320275034302,PARADIGM HEALTHCARE  PC,1989-07,1,858.48,0.00,858.48,858.4800000000000000,0E-20
278663187212707114,NO_INSURANCE,658306035533165929,VMD PRIMARY PROVIDERS MASSACHUSETTS PLLC,1989-09,1,1202.63,0.00,1202.63,1202.6300000000000000,0E-20
445788698227523135,Dual Eligible,164982158369714689,A&A HEALTHCARE LLC,1989-12,1,785.58,750.58,35.00,785.5800000000000000,0.95544693093001349322
278663187212707114,NO_INSURANCE,583341618173404851,HOLYOKE VISITING NURSE ASSOC,1990-03,1,8057.89,0.00,8057.89,8057.8900000000000000,0E-20
38194544675647776,Medicaid,39538555446517326,VNA & HOSPICE OF GREATER MILFORD,1990-03,1,146.18,96.18,50.00,146.1800000000000000,0.65795594472568066767
645688281511686373,UnitedHealthcare,703727186913582450,ASSOCIATED INTERNISTS OF RANDOLPH  INC.,1990-04,1,840.20,672.16,168.04,840.2000000000000000,0.80000000000000000000
445788698227523135,Dual Eligible,965482326565273582,TIMOTHY DANIELS HOUSE,1990-04,1,5308.14,5273.14,35.00,5308.1400000000000000,0.99340635326121767700
278663187212707114,NO_INSURANCE,583341618173404851,HOLYOKE VISITING NURSE ASSOC,1990-06,1,87.71,0.00,87.71,87.7100000000000000,0E-20
445788698227523135,Dual Eligible,965482326565273582,TIMOTHY DANIELS HOUSE,1990-07,1,87.71,52.71,35.00,87.7100000000000000,0.60095770151636073424
445788698227523135,Dual Eligible,679818074188163933,ARBOUR-FULLER HOSPITAL,1990-07,1,146.18,111.18,35.00,146.1800000000000000,0.76056916130797646737
445788698227523135,Dual Eligible,965482326565273582,TIMOTHY DANIELS HOUSE,1990-08,1,146.18,111.18,35.00,146.1800000000000000,0.76056916130797646737
278663187212707114,NO_INSURANCE,622746900524004548,WHITTIER REHABILTATION HOSPITAL,1990-12,1,948.35,0.00,948.35,948.3500000000000000,0E-20
952317639554652821,Medicare,1100386330438199965,WALTHAM WESTON INTERNAL MEDICINE ASSOCIATES  P.C.,1990-12,1,1868.62,1311.39,557.23,1868.6200000000000000,0.70179597778039408762
278663187212707114,NO_INSURANCE,622746900524004548,WHITTIER REHABILTATION HOSPITAL,1991-01,1,966.87,0.00,966.87,966.8700000000000000,0E-20
211105773257762680,Aetna,814284400183858824,PRIMARY CARE NORTH PC,1991-01,1,704.20,0.00,704.20,704.2000000000000000,0E-20
278663187212707114,NO_INSURANCE,410915144747947572,COOLEY DICKINSON HOSPITAL INC,1991-01,1,516.95,0.00,516.95,516.9500000000000000,0E-20
278663187212707114,NO_INSURANCE,50464693234281699,Lynn Community Based Outpatient Clinic (CBOC),1991-01,2,1856.42,0.00,1856.42,928.2100000000000000,0E-20
445788698227523135,Dual Eligible,742853919342579422,ENCOMPASS HEALTH BRAINTREE HOSPITAL OF BRAINTREE,1991-02,1,516.95,481.95,35.00,516.9500000000000000,0.93229519295870006770
38194544675647776,Medicaid,39538555446517326,VNA & HOSPICE OF GREATER MILFORD,1991-03,1,87.71,37.71,50.00,87.7100000000000000,0.42993957359480104891
278663187212707114,NO_INSURANCE,556944320275034302,PARADIGM HEALTHCARE  PC,1991-08,1,919.90,0.00,919.90,919.9000000000000000,0E-20
445788698227523135,Dual Eligible,521143750033311203,SERENITY HILL NURSING CENTER,1991-10,1,146.18,111.18,35.00,146.1800000000000000,0.76056916130797646737
952317639554652821,Medicare,1100386330438199965,WALTHAM WESTON INTERNAL MEDICINE ASSOCIATES  P.C.,1991-12,1,1291.56,848.94,442.62,1291.5600000000000000,0.65729815107312087708
952317639554652821,Medicare,39538555446517326,VNA & HOSPICE OF GREATER MILFORD,1991-12,1,5308.14,4246.51,1061.63,5308.1400000000000000,0.79999962322018635530
211105773257762680,Aetna,814284400183858824,PRIMARY CARE NORTH PC,1992-01,1,919.90,0.00,919.90,919.9000000000000000,0E-20
357555573157303140,Blue Cross Blue Shield,815218868737845247,Causeway OPC,1992-07,1,948.35,323.69,624.66,948.3500000000000000,0.34131913323140190858
952317639554652821,Medicare,815218868737845247,Causeway OPC,1992-08,1,966.87,773.50,193.37,966.8700000000000000,0.80000413706082513678
278663187212707114,NO_INSURANCE,160559015988030201,HEALTHFIRST FAMILY CARE CENTER INC,1992-10,1,704.20,0.00,704.20,704.2000000000000000,0E-20
278663187212707114,NO_INSURANCE,583341618173404851,HOLYOKE VISITING NURSE ASSOC,1992-11,1,146.18,0.00,146.18,146.1800000000000000,0E-20
445788698227523135,Dual Eligible,164982158369714689,A&A HEALTHCARE LLC,1992-12,1,1210.18,1175.18,35.00,1210.1800000000000000,0.97107868251003982879
952317639554652821,Medicare,814284400183858824,PRIMARY CARE NORTH PC,1993-01,1,1069.06,668.84,400.22,1069.0600000000000000,0.62563373430864497783
952317639554652821,Medicare,1100386330438199965,WALTHAM WESTON INTERNAL MEDICINE ASSOCIATES  P.C.,1993-01,1,1507.26,1205.80,301.46,1507.2600000000000000,0.79999469235566524687
645688281511686373,UnitedHealthcare,703727186913582450,ASSOCIATED INTERNISTS OF RANDOLPH  INC.,1993-05,1,704.20,563.36,140.84,704.2000000000000000,0.80000000000000000000
445788698227523135,Dual Eligible,679818074188163933,ARBOUR-FULLER HOSPITAL,1993-05,1,1379.75,1344.75,35.00,1379.7500000000000000,0.97463308570393187172
445788698227523135,Dual Eligible,679818074188163933,ARBOUR-FULLER HOSPITAL,1993-07,1,740.69,705.69,35.00,740.6900000000000000,0.95274676315327599941
278663187212707114,NO_INSURANCE,658306035533165929,VMD PRIMARY PROVIDERS MASSACHUSETTS PLLC,1993-10,1,1071.59,0.00,1071.59,1071.5900000000000000,0E-20
278663187212707114,NO_INSURANCE,160559015988030201,HEALTHFIRST FAMILY CARE CENTER INC,1993-10,2,2580.84,0.00,2580.84,1290.4200000000000000,0E-20
445788698227523135,Dual Eligible,164982158369714689,A&A HEALTHCARE LLC,1994-01,1,860.16,825.16,35.00,860.1600000000000000,0.95930989583333333333
645688281511686373,UnitedHealthcare,703727186913582450,ASSOCIATED INTERNISTS OF RANDOLPH  INC.,1994-05,1,704.20,0.00,704.20,704.2000000000000000,0E-20
278663187212707114,NO_INSURANCE,687244083159868427,MELROSEWAKEFIELD HEALTHCARE  INC,1994-09,1,808.91,0.00,808.91,808.9100000000000000,0E-20
445788698227523135,Dual Eligible,679818074188163933,ARBOUR-FULLER HOSPITAL,1994-12,1,1603.49,1568.49,35.00,1603.4900000000000000,0.97817261099227310429
952317639554652821,Medicare,814284400183858824,PRIMARY CARE NORTH PC,1995-01,1,1755.57,1218.06,537.51,1755.5700000000000000,0.69382593687520292555
38194544675647776,Medicaid,742853919342579422,ENCOMPASS HEALTH BRAINTREE HOSPITAL OF BRAINTREE,1995-01,1,234.71,184.71,50.00,234.7100000000000000,0.78697115589450811640
38194544675647776,Medicaid,164982158369714689,A&A HEALTHCARE LLC,1995-01,1,1216.98,1166.98,50.00,1216.9800000000000000,0.95891469046327795034
278663187212707114,NO_INSURANCE,50464693234281699,Lynn Community Based Outpatient Clinic (CBOC),1995-01,1,1565.94,0.00,1565.94,1565.9400000000000000,0E-20
211105773257762680,Aetna,1037822919216517364,ANNA JAQUES HOSPITAL SUBACUTE UNIT,1995-01,1,1023.62,0.00,1023.62,1023.6200000000000000,0E-20
211105773257762680,Aetna,395615810080261442,ANNA JAQUES HOSPITAL SUBACUTE UNIT,1995-01,1,948.35,0.00,948.35,948.3500000000000000,0E-20
952317639554652821,Medicare,363458983347729064,Fitchburg Outpatient Clinic,1995-01,1,1444.46,1155.57,288.89,1444.4600000000000000,0.80000138460047353336
278663187212707114,NO_INSURANCE,687244083159868427,MELROSEWAKEFIELD HEALTHCARE  INC,1995-07,1,1509.58,0.00,1509.58,1509.5800000000000000,0E-20
38194544675647776,Medicaid,556944320275034302,PARADIGM HEALTHCARE  PC,1995-08,1,840.20,790.20,50.00,840.2000000000000000,0.94049035943822899310
445788698227523135,Dual Eligible,164982158369714689,A&A HEALTHCARE LLC,1995-11,1,15835.89,15800.89,35.00,15835.8900000000000000,0.99778983056841137442
445788698227523135,Dual Eligible,742853919342579422,ENCOMPASS HEALTH BRAINTREE HOSPITAL OF BRAINTREE,1995-11,1,516.95,481.95,35.00,516.9500000000000000,0.93229519295870006770
445788698227523135,Dual Eligible,742853919342579422,ENCOMPASS HEALTH BRAINTREE HOSPITAL OF BRAINTREE,1995-12,1,516.95,481.95,35.00,516.9500000000000000,0.93229519295870006770
278663187212707114,NO_INSURANCE,790885867393293671,DUTTON FAMILY CARE ASSOCIATES LLP,1995-12,1,778.78,0.00,778.78,778.7800000000000000,0E-20
445788698227523135,Dual Eligible,742853919342579422,ENCOMPASS HEALTH BRAINTREE HOSPITAL OF BRAINTREE,1996-01,2,3622.30,3552.30,70.00,1811.1500000000000000,0.98067526157413797863
445788698227523135,Dual Eligible,164982158369714689,A&A HEALTHCARE LLC,1996-01,1,1997.47,1962.47,35.00,1997.4700000000000000,0.98247783446059264970
278663187212707114,NO_INSURANCE,50464693234281699,Lynn Community Based Outpatient Clinic (CBOC),1996-01,1,808.91,0.00,808.91,808.9100000000000000,0E-20
1038854080955376456,Cigna Health,814284400183858824,PRIMARY CARE NORTH PC,1996-01,1,1050.78,0.00,1050.78,1050.7800000000000000,0E-20
278663187212707114,NO_INSURANCE,537663206495302230,MELROSE FAMILY OPTICIANS LLC,1996-02,1,933.06,0.00,933.06,933.0600000000000000,0E-20
38194544675647776,Medicaid,264175530648959689,SIGNATURE HEALTHCARE MEDICAL GROUP INC,1996-02,1,1048.62,998.62,50.00,1048.6200000000000000,0.95231828498407430718
278663187212707114,NO_INSURANCE,363458983347729064,Fitchburg Outpatient Clinic,1996-02,1,948.35,0.00,948.35,948.3500000000000000,0E-20
445788698227523135,Dual Eligible,742853919342579422,ENCOMPASS HEALTH BRAINTREE HOSPITAL OF BRAINTREE,1996-02,2,751.66,681.66,70.00,375.8300000000000000,0.90687278822872043211
952317639554652821,Medicare,623047219859228790,GARDEN STATE HEALTHCARE ASSOCIATES LLC,1996-03,1,1422.98,951.97,471.01,1422.9800000000000000,0.66899745604295211458
445788698227523135,Dual Eligible,742853919342579422,ENCOMPASS HEALTH BRAINTREE HOSPITAL OF BRAINTREE,1996-03,1,516.95,481.95,35.00,516.9500000000000000,0.93229519295870006770
445788698227523135,Dual Eligible,679818074188163933,ARBOUR-FULLER HOSPITAL,1996-04,1,988.63,953.63,35.00,988.6300000000000000,0.96459747327109231967
445788698227523135,Dual Eligible,257983333266586147,WOONSOCKET URGENT CARE PC,1996-06,1,797.72,762.72,35.00,797.7200000000000000,0.95612495612495612496
445788698227523135,Dual Eligible,965482326565273582,TIMOTHY DANIELS HOUSE,1996-08,1,146.18,111.18,35.00,146.1800000000000000,0.76056916130797646737
445788698227523135,Dual Eligible,257983333266586147,WOONSOCKET URGENT CARE PC,1996-08,1,1409.29,1374.29,35.00,1409.2900000000000000,0.97516479929609945434
445788698227523135,Dual Eligible,679818074188163933,ARBOUR-FULLER HOSPITAL,1996-09,9,8868.70,8553.70,315.00,985.4111111111111111,0.96448182935492236743
445788698227523135,Dual Eligible,742853919342579422,ENCOMPASS HEALTH BRAINTREE HOSPITAL OF BRAINTREE,1996-10,1,516.95,481.95,35.00,516.9500000000000000,0.93229519295870006770
445788698227523135,Dual Eligible,679818074188163933,ARBOUR-FULLER HOSPITAL,1996-10,11,10005.18,9620.18,385.00,909.5618181818181818,0.96151993267487441505
445788698227523135,Dual Eligible,257983333266586147,WOONSOCKET URGENT CARE PC,1996-11,1,1013.42,978.42,35.00,1013.4200000000000000,0.96546348009709695881
445788698227523135,Dual Eligible,679818074188163933,ARBOUR-FULLER HOSPITAL,1996-11,7,5362.33,5117.33,245.00,766.0471428571428571,0.95431090589352016754
445788698227523135,Dual Eligible,742853919342579422,ENCOMPASS HEALTH BRAINTREE HOSPITAL OF BRAINTREE,1996-11,1,516.95,481.95,35.00,516.9500000000000000,0.93229519295870006770
357555573157303140,Blue Cross Blue Shield,389966452681632557,BETH ISRAEL DEACONESS HOSPITAL-NEEDHAM  INC.,1996-12,1,727.53,0.00,727.53,727.5300000000000000,0E-20
445788698227523135,Dual Eligible,679818074188163933,ARBOUR-FULLER HOSPITAL,1996-12,12,9533.15,9113.15,420.00,794.4291666666666667,0.95594320869806936847
445788698227523135,Dual Eligible,742853919342579422,ENCOMPASS HEALTH BRAINTREE HOSPITAL OF BRAINTREE,1996-12,1,516.95,481.95,35.00,516.9500000000000000,0.93229519295870006770
445788698227523135,Dual Eligible,164982158369714689,A&A HEALTHCARE LLC,1997-01,1,1036.34,1001.34,35.00,1036.3400000000000000,0.96622729992087538839
445788698227523135,Dual Eligible,679818074188163933,ARBOUR-FULLER HOSPITAL,1997-01,5,5030.67,4855.67,175.00,1006.1340000000000000,0.96521338112020864020
445788698227523135,Dual Eligible,496794533100234578,WELLNESS ON WHEELS PC,1997-01,1,1685.47,1650.47,35.00,1685.4700000000000000,0.97923427886583564228
278663187212707114,NO_INSURANCE,537663206495302230,MELROSE FAMILY OPTICIANS LLC,1997-02,1,1498.72,0.00,1498.72,1498.7200000000000000,0E-20
445788698227523135,Dual Eligible,679818074188163933,ARBOUR-FULLER HOSPITAL,1997-02,9,6945.30,6630.30,315.00,771.7000000000000000,0.95464558766359984450
278663187212707114,NO_INSURANCE,683258316057948949,STEWARD ST. ANNES HOSPITAL CORPORATION,1997-02,1,1005.38,0.00,1005.38,1005.3800000000000000,0E-20
445788698227523135,Dual Eligible,742853919342579422,ENCOMPASS HEALTH BRAINTREE HOSPITAL OF BRAINTREE,1997-02,1,234.71,199.71,35.00,234.7100000000000000,0.85087980912615568148
445788698227523135,Dual Eligible,679818074188163933,ARBOUR-FULLER HOSPITAL,1997-03,7,5710.80,5465.80,245.00,815.8285714285714286,0.95709883028647474960
445788698227523135,Dual Eligible,742853919342579422,ENCOMPASS HEALTH BRAINTREE HOSPITAL OF BRAINTREE,1997-04,3,6075.43,5970.43,105.00,2025.1433333333333333,0.98271727268687154654
445788698227523135,Dual Eligible,679818074188163933,ARBOUR-FULLER HOSPITAL,1997-04,6,4509.10,4299.10,210.00,751.5166666666666667,0.95342751325098134883
445788698227523135,Dual Eligible,679818074188163933,ARBOUR-FULLER HOSPITAL,1997-05,8,7497.48,7217.48,280.00,937.1850000000000000,0.96265411845046602325
445788698227523135,Dual Eligible,679818074188163933,ARBOUR-FULLER HOSPITAL,1997-06,11,7242.72,6857.72,385.00,658.4290909090909091,0.94684317493980162149
445788698227523135,Dual Eligible,679818074188163933,ARBOUR-FULLER HOSPITAL,1997-07,10,9738.38,9388.38,350.00,973.8380000000000000,0.96405973067389031851
445788698227523135,Dual Eligible,735781928677083388,PEACE & HARMONY HOME CARE LLC,1997-08,10,7101.56,6751.56,350.00,710.1560000000000000,0.95071505415711477478
278663187212707114,NO_INSURANCE,410915144747947572,COOLEY DICKINSON HOSPITAL INC,1997-08,1,1005.38,0.00,1005.38,1005.3800000000000000,0E-20
445788698227523135,Dual Eligible,257983333266586147,WOONSOCKET URGENT CARE PC,1997-08,1,573.98,538.98,35.00,573.9800000000000000,0.93902226558416669570
445788698227523135,Dual Eligible,679818074188163933,ARBOUR-FULLER HOSPITAL,1997-08,11,9744.58,9359.58,385.00,885.8709090909090909,0.96049085748180013915
445788698227523135,Dual Eligible,735781928677083388,PEACE & HARMONY HOME CARE LLC,1997-09,1,991.33,956.33,35.00,991.3300000000000000,0.96469389607900497312
445788698227523135,Dual Eligible,679818074188163933,ARBOUR-FULLER HOSPITAL,1997-09,12,10835.49,10415.49,420.00,902.9575000000000000,0.96123848575375917471
952317639554652821,Medicare,1098770971879567184,MIDDLETON FAMILY MEDICINE URGENT CARE  LLC,1997-10,1,142.58,114.06,28.52,142.5800000000000000,0.79997194557441436387
278663187212707114,NO_INSURANCE,658306035533165929,VMD PRIMARY PROVIDERS MASSACHUSETTS PLLC,1997-10,1,1266.48,0.00,1266.48,1266.4800000000000000,0E-20
445788698227523135,Dual Eligible,742853919342579422,ENCOMPASS HEALTH BRAINTREE HOSPITAL OF BRAINTREE,1997-10,1,516.95,481.95,35.00,516.9500000000000000,0.93229519295870006770
445788698227523135,Dual Eligible,679818074188163933,ARBOUR-FULLER HOSPITAL,1997-10,6,6746.63,6536.63,210.00,1124.4383333333333333,0.96887334861997767774
278663187212707114,NO_INSURANCE,160559015988030201,HEALTHFIRST FAMILY CARE CENTER INC,1997-10,1,1050.78,0.00,1050.78,1050.7800000000000000,0E-20
445788698227523135,Dual Eligible,742853919342579422,ENCOMPASS HEALTH BRAINTREE HOSPITAL OF BRAINTREE,1997-11,1,516.95,481.95,35.00,516.9500000000000000,0.93229519295870006770
445788698227523135,Dual Eligible,679818074188163933,ARBOUR-FULLER HOSPITAL,1997-11,7,4545.44,4300.44,245.00,649.3485714285714286,0.94609982751944806223
445788698227523135,Dual Eligible,679818074188163933,ARBOUR-FULLER HOSPITAL,1997-12,12,11412.46,10992.46,420.00,951.0383333333333333,0.96319811854762251083
467436209270504951,Humana,222681380209834388,SOUTH SHORE HOSPITAL INC.,1998-01,2,602.50,0.00,602.50,301.2500000000000000,0E-20
445788698227523135,Dual Eligible,164982158369714689,A&A HEALTHCARE LLC,1998-01,1,1687.44,1652.44,35.00,1687.4400000000000000,0.97925852178447826293
445788698227523135,Dual Eligible,679818074188163933,ARBOUR-FULLER HOSPITAL,1998-01,10,9398.40,9048.40,350.00,939.8400000000000000,0.96275961865849506299
952317639554652821,Medicare,622746900524004548,WHITTIER REHABILTATION HOSPITAL,1998-01,1,85.55,68.44,17.11,85.5500000000000000,0.80000000000000000000
445788698227523135,Dual Eligible,679818074188163933,ARBOUR-FULLER HOSPITAL,1998-02,4,5521.70,5381.70,140.00,1380.4250000000000000,0.97464548961370592390
445788698227523135,Dual Eligible,742853919342579422,ENCOMPASS HEALTH BRAINTREE HOSPITAL OF BRAINTREE,1998-02,2,3771.46,3701.46,70.00,1885.7300000000000000,0.98143954860982219088
445788698227523135,Dual Eligible,496794533100234578,WELLNESS ON WHEELS PC,1998-02,1,927.94,892.94,35.00,927.9400000000000000,0.96228204409767872923
278663187212707114,NO_INSURANCE,537663206495302230,MELROSE FAMILY OPTICIANS LLC,1998-02,1,1063.94,0.00,1063.94,1063.9400000000000000,0E-20
445788698227523135,Dual Eligible,679818074188163933,ARBOUR-FULLER HOSPITAL,1998-03,10,7857.45,7507.45,350.00,785.7450000000000000,0.95545628670879229266
445788698227523135,Dual Eligible,679818074188163933,ARBOUR-FULLER HOSPITAL,1998-04,11,11317.11,10932.11,385.00,1028.8281818181818182,0.96598071415758970267
278663187212707114,NO_INSURANCE,469245621271018320,LYNN URGENT CARE LLC,1998-04,1,879.10,0.00,879.10,879.1000000000000000,0E-20
445788698227523135,Dual Eligible,679818074188163933,ARBOUR-FULLER HOSPITAL,1998-05,9,7307.37,6992.37,315.00,811.9300000000000000,0.95689283558927493749
445788698227523135,Dual Eligible,679818074188163933,ARBOUR-FULLER HOSPITAL,1998-06,6,9172.65,8962.65,210.00,1528.7750000000000000,0.97710585272522117382
445788698227523135,Dual Eligible,679818074188163933,ARBOUR-FULLER HOSPITAL,1998-07,11,9542.23,9157.23,385.00,867.4754545454545455,0.95965303707833493848
445788698227523135,Dual Eligible,679818074188163933,ARBOUR-FULLER HOSPITAL,1998-08,9,8093.10,7778.10,315.00,899.2333333333333333,0.96107795529525151055
445788698227523135,Dual Eligible,742853919342579422,ENCOMPASS HEALTH BRAINTREE HOSPITAL OF BRAINTREE,1998-09,2,231.73,161.73,70.00,115.8650000000000000,0.69792430846243473007
445788698227523135,Dual Eligible,679818074188163933,ARBOUR-FULLER HOSPITAL,1998-09,7,7231.66,6986.66,245.00,1033.0942857142857143,0.96612119485705909846
278663187212707114,NO_INSURANCE,723111811226363721,CHESTNUT WOODS REHABILITATION AND HEALTHCARE CTR,1998-10,1,1477.28,0.00,1477.28,1477.2800000000000000,0E-20
445788698227523135,Dual Eligible,679818074188163933,ARBOUR-FULLER HOSPITAL,1998-10,7,4149.29,3904.29,245.00,592.7557142857142857,0.94095375353373709719
445788698227523135,Dual Eligible,679818074188163933,ARBOUR-FULLER HOSPITAL,1998-11,5,5008.96,4833.96,175.00,1001.7920000000000000,0.96506260780681019613
445788698227523135,Dual Eligible,679818074188163933,ARBOUR-FULLER HOSPITAL,1998-12,9,8821.90,8506.90,315.00,980.2111111111111111,0.96429340618234167243
278663187212707114,NO_INSURANCE,50464693234281699,Lynn Community Based Outpatient Clinic (CBOC),1999-01,2,331.56,0.00,331.56,165.7800000000000000,0E-20
445788698227523135,Dual Eligible,679818074188163933,ARBOUR-FULLER HOSPITAL,1999-01,12,10008.23,9588.23,420.00,834.0191666666666667,0.95803453757557530153
445788698227523135,Dual Eligible,164982158369714689,A&A HEALTHCARE LLC,1999-02,1,1216.98,1181.98,35.00,1216.9800000000000000,0.97124028332429456524
278663187212707114,NO_INSURANCE,537663206495302230,MELROSE FAMILY OPTICIANS LLC,1999-02,1,860.16,0.00,860.16,860.1600000000000000,0E-20
445788698227523135,Dual Eligible,496794533100234578,WELLNESS ON WHEELS PC,1999-02,1,927.94,892.94,35.00,927.9400000000000000,0.96228204409767872923
38194544675647776,Medicaid,1031243542611916810,ENCOMPASS HEALTH REHABILITATION HOSP OF NEW ENGLAN,1999-02,1,13148.10,13098.10,50.00,13148.1000000000000000,0.99619716917273218184
445788698227523135,Dual Eligible,742853919342579422,ENCOMPASS HEALTH BRAINTREE HOSPITAL OF BRAINTREE,1999-02,1,234.71,199.71,35.00,234.7100000000000000,0.85087980912615568148
445788698227523135,Dual Eligible,679818074188163933,ARBOUR-FULLER HOSPITAL,1999-02,6,5030.89,4820.89,210.00,838.4816666666666667,0.95825788280006122177
445788698227523135,Dual Eligible,679818074188163933,ARBOUR-FULLER HOSPITAL,1999-03,11,7922.03,7537.03,385.00,720.1845454545454545,0.95140134536223669943
445788698227523135,Dual Eligible,679818074188163933,ARBOUR-FULLER HOSPITAL,1999-04,6,3495.01,3285.01,210.00,582.5016666666666667,0.93991433500905576808
445788698227523135,Dual Eligible,742853919342579422,ENCOMPASS HEALTH BRAINTREE HOSPITAL OF BRAINTREE,1999-04,1,516.95,481.95,35.00,516.9500000000000000,0.93229519295870006770
445788698227523135,Dual Eligible,679818074188163933,ARBOUR-FULLER HOSPITAL,1999-05,10,8592.02,8242.02,350.00,859.2020000000000000,0.95926452685166002872
445788698227523135,Dual Eligible,679818074188163933,ARBOUR-FULLER HOSPITAL,1999-06,9,8336.63,8021.63,315.00,926.2922222222222222,0.96221494776666350792
38194544675647776,Medicaid,587757060655614946,CLARITY HEALTH & WELLNESS LLC,1999-06,1,919.90,869.90,50.00,919.9000000000000000,0.94564626589846722470
38194544675647776,Medicaid,679818074188163933,ARBOUR-FULLER HOSPITAL,1999-07,1,553.07,403.07,150.00,553.0700000000000000,0.72878659120906937639
445788698227523135,Dual Eligible,679818074188163933,ARBOUR-FULLER HOSPITAL,1999-07,5,4745.01,4570.01,175.00,949.0020000000000000,0.96311915043382416475
38194544675647776,Medicaid,635544131513586331,CAMBRIDGE PUBLIC HEALTH COMMISSION,1999-07,1,85.55,35.55,50.00,85.5500000000000000,0.41554646405610753945
278663187212707114,NO_INSURANCE,694540912856437675,PULMONARY INTERNISTS AND CONSULTANTS PC,1999-07,1,1069.06,0.00,1069.06,1069.0600000000000000,0E-20
38194544675647776,Medicaid,635544131513586331,CAMBRIDGE PUBLIC HEALTH COMMISSION,1999-08,1,516.95,466.95,50.00,516.9500000000000000,0.90327884708385723958
38194544675647776,Medicaid,679818074188163933,ARBOUR-FULLER HOSPITAL,1999-08,7,5576.16,5226.16,350.00,796.5942857142857143,0.93723279102464778629
38194544675647776,Medicaid,679818074188163933,ARBOUR-FULLER HOSPITAL,1999-09,8,6070.20,5670.20,400.00,758.7750000000000000,0.93410431287272248031
38194544675647776,Medicaid,679818074188163933,ARBOUR-FULLER HOSPITAL,1999-10,7,8299.13,7949.13,350.00,1185.5900000000000000,0.95782690474784706349
952317639554652821,Medicare,257485178825861130,URGENT CARE MEDICAL ASSOCIATES  LLC,1999-11,1,1887.46,1509.95,377.51,1887.4600000000000000,0.79999046337405825819
38194544675647776,Medicaid,257983333266586147,WOONSOCKET URGENT CARE PC,1999-11,1,797.72,747.72,50.00,797.7200000000000000,0.93732136589279446422
38194544675647776,Medicaid,679818074188163933,ARBOUR-FULLER HOSPITAL,1999-11,5,2679.35,2429.35,250.00,535.8700000000000000,0.90669378767238322728
38194544675647776,Medicaid,679818074188163933,ARBOUR-FULLER HOSPITAL,1999-12,9,12138.52,11688.52,450.00,1348.7244444444444444,0.96292793520132602657
38194544675647776,Medicaid,679818074188163933,ARBOUR-FULLER HOSPITAL,2000-01,4,3228.82,3028.82,200.00,807.2050000000000000,0.93805786634126399118
278663187212707114,NO_INSURANCE,537663206495302230,MELROSE FAMILY OPTICIANS LLC,2000-02,1,860.16,0.00,860.16,860.1600000000000000,0E-20
38194544675647776,Medicaid,679818074188163933,ARBOUR-FULLER HOSPITAL,2000-02,2,2458.24,2358.24,100.00,1229.1200000000000000,0.95932048945587086696
445788698227523135,Dual Eligible,742853919342579422,ENCOMPASS HEALTH BRAINTREE HOSPITAL OF BRAINTREE,2000-02,1,234.71,199.71,35.00,234.7100000000000000,0.85087980912615568148
445788698227523135,Dual Eligible,164982158369714689,A&A HEALTHCARE LLC,2000-02,1,1291.56,1256.56,35.00,1291.5600000000000000,0.97290098795255350119
38194544675647776,Medicaid,496794533100234578,WELLNESS ON WHEELS PC,2000-02,1,853.36,803.36,50.00,853.3600000000000000,0.94140808099746882910
445788698227523135,Dual Eligible,965482326565273582,TIMOTHY DANIELS HOUSE,2000-03,1,146.18,111.18,35.00,146.1800000000000000,0.76056916130797646737
952317639554652821,Medicare,50464693234281699,Lynn Community Based Outpatient Clinic (CBOC),2000-03,1,142.58,114.06,28.52,142.5800000000000000,0.79997194557441436387
278663187212707114,NO_INSURANCE,687244083159868427,MELROSEWAKEFIELD HEALTHCARE  INC,2000-03,1,2730.98,0.00,2730.98,2730.9800000000000000,0E-20
38194544675647776,Medicaid,679818074188163933,ARBOUR-FULLER HOSPITAL,2000-03,1,1229.12,1179.12,50.00,1229.1200000000000000,0.95932048945587086696
445788698227523135,Dual Eligible,742853919342579422,ENCOMPASS HEALTH BRAINTREE HOSPITAL OF BRAINTREE,2000-06,1,516.95,481.95,35.00,516.9500000000000000,0.93229519295870006770
38194544675647776,Medicaid,679818074188163933,ARBOUR-FULLER HOSPITAL,2000-07,1,22153.92,22103.92,50.00,22153.920000000000,0.99774306307867862663
38194544675647776,Medicaid,587757060655614946,CLARITY HEALTH & WELLNESS LLC,2000-07,1,704.20,554.20,150.00,704.2000000000000000,0.78699233172394206191
445788698227523135,Dual Eligible,742853919342579422,ENCOMPASS HEALTH BRAINTREE HOSPITAL OF BRAINTREE,2000-07,2,5958.64,5888.64,70.00,2979.3200000000000000,0.98825235288589342535
38194544675647776,Medicaid,1101856705377912875,COMMUNITY VISITING NURSE AGENCY  INC.,2000-07,1,15236.53,15086.53,150.00,15236.5300000000000000,0.99015523875843121761
467436209270504951,Humana,433837020145504394,ZANJABEE INTEGRATIVE MEDICINE AND PRIMARY CARE LLC,2000-07,1,704.20,0.00,704.20,704.2000000000000000,0E-20
952317639554652821,Medicare,815218868737845247,Causeway OPC,2000-08,1,1291.56,867.50,424.06,1291.5600000000000000,0.67166837003313822045
38194544675647776,Medicaid,679818074188163933,ARBOUR-FULLER HOSPITAL,2000-09,1,516.95,466.95,50.00,516.9500000000000000,0.90327884708385723958
467436209270504951,Humana,222681380209834388,SOUTH SHORE HOSPITAL INC.,2000-09,1,13537.81,13537.81,0.00,13537.8100000000000000,1.00000000000000000000
38194544675647776,Medicaid,679818074188163933,ARBOUR-FULLER HOSPITAL,2000-10,1,516.95,466.95,50.00,516.9500000000000000,0.90327884708385723958
278663187212707114,NO_INSURANCE,439410479591029051,LOWELL FAMILY MEDICAL CARE PC,2000-10,1,704.20,0.00,704.20,704.2000000000000000,0E-20
38194544675647776,Medicaid,160559015988030201,HEALTHFIRST FAMILY CARE CENTER INC,2000-10,1,971.69,821.69,150.00,971.6900000000000000,0.84562977904475707273
38194544675647776,Medicaid,635544131513586331,CAMBRIDGE PUBLIC HEALTH COMMISSION,2000-11,1,92.93,42.93,50.00,92.9300000000000000,0.46196061551705584849
467436209270504951,Humana,244544338078735615,TEWKSBURY HOSPITAL,2000-11,1,516.95,0.00,516.95,516.9500000000000000,0E-20
38194544675647776,Medicaid,520806008221098162,FIRST PSYCHIATRIC PLANNERS  INC,2000-12,1,92.93,42.93,50.00,92.9300000000000000,0.46196061551705584849
952317639554652821,Medicare,742853919342579422,ENCOMPASS HEALTH BRAINTREE HOSPITAL OF BRAINTREE,2001-02,2,5497.06,4397.64,1099.42,2748.5300000000000000,0.79999854467660895097
278663187212707114,NO_INSURANCE,687244083159868427,MELROSEWAKEFIELD HEALTHCARE  INC,2001-02,1,2730.98,0.00,2730.98,2730.9800000000000000,0E-20
38194544675647776,Medicaid,496794533100234578,WELLNESS ON WHEELS PC,2001-02,1,1130.45,1080.45,50.00,1130.4500000000000000,0.95576982617541686939
952317639554652821,Medicare,164982158369714689,A&A HEALTHCARE LLC,2001-02,1,1284.76,842.13,442.63,1284.7600000000000000,0.65547650923129611756
278663187212707114,NO_INSURANCE,537663206495302230,MELROSE FAMILY OPTICIANS LLC,2001-03,1,860.16,0.00,860.16,860.1600000000000000,0E-20
278663187212707114,NO_INSURANCE,363458983347729064,Fitchburg Outpatient Clinic,2001-03,3,15068.26,0.00,15068.26,5022.7533333333333333,0E-24
38194544675647776,Medicaid,679818074188163933,ARBOUR-FULLER HOSPITAL,2001-03,1,2673.95,2623.95,50.00,2673.9500000000000000,0.98130107144860599488
952317639554652821,Medicare,742853919342579422,ENCOMPASS HEALTH BRAINTREE HOSPITAL OF BRAINTREE,2001-03,3,4139.25,3311.40,827.85,1379.7500000000000000,0.80000000000000000000
38194544675647776,Medicaid,679818074188163933,ARBOUR-FULLER HOSPITAL,2001-04,1,516.95,466.95,50.00,516.9500000000000000,0.90327884708385723958
38194544675647776,Medicaid,635544131513586331,CAMBRIDGE PUBLIC HEALTH COMMISSION,2001-05,1,85.55,35.55,50.00,85.5500000000000000,0.41554646405610753945
38194544675647776,Medicaid,679818074188163933,ARBOUR-FULLER HOSPITAL,2001-05,1,516.95,466.95,50.00,516.9500000000000000,0.90327884708385723958
38194544675647776,Medicaid,353447819048907343,CAMBRIDGE PUBLIC HEALTH COMMISSION,2001-05,1,1005.38,955.38,50.00,1005.3800000000000000,0.95026756052437884183
278663187212707114,NO_INSURANCE,687244083159868427,MELROSEWAKEFIELD HEALTHCARE  INC,2001-05,1,85.55,0.00,85.55,85.5500000000000000,0E-20
38194544675647776,Medicaid,679818074188163933,ARBOUR-FULLER HOSPITAL,2001-06,2,1896.70,1796.70,100.00,948.3500000000000000,0.94727684926451204724
952317639554652821,Medicare,815218868737845247,Causeway OPC,2001-09,1,1216.98,787.18,429.80,1216.9800000000000000,0.64683067922233726109
445788698227523135,Dual Eligible,679818074188163933,ARBOUR-FULLER HOSPITAL,2001-11,2,20211.41,20141.41,70.00,10105.7050000000000000,0.99653660976646359655
445788698227523135,Dual Eligible,679818074188163933,ARBOUR-FULLER HOSPITAL,2001-12,1,41499.89,41464.89,35.00,41499.890000000000,0.99915662427057035573
278663187212707114,NO_INSURANCE,469245621271018320,LYNN URGENT CARE LLC,2001-12,1,1224.00,0.00,1224.00,1224.0000000000000000,0E-20
278663187212707114,NO_INSURANCE,363458983347729064,Fitchburg Outpatient Clinic,2001-12,1,1444.46,0.00,1444.46,1444.4600000000000000,0E-20
357555573157303140,Blue Cross Blue Shield,441536440845856287,WELLESLEY FAMILY CARE ASSOCIATES  PC,2002-01,1,778.78,0.00,778.78,778.7800000000000000,0E-20
1038854080955376456,Cigna Health,814284400183858824,PRIMARY CARE NORTH PC,2002-01,1,923.80,0.00,923.80,923.8000000000000000,0E-20
278663187212707114,NO_INSURANCE,687244083159868427,MELROSEWAKEFIELD HEALTHCARE  INC,2002-01,1,5138.45,0.00,5138.45,5138.4500000000000000,0E-20
278663187212707114,NO_INSURANCE,687244083159868427,MELROSEWAKEFIELD HEALTHCARE  INC,2002-02,1,2730.98,0.00,2730.98,2730.9800000000000000,0E-20
445788698227523135,Dual Eligible,496794533100234578,WELLNESS ON WHEELS PC,2002-02,1,778.78,743.78,35.00,778.7800000000000000,0.95505791109170754257
445788698227523135,Dual Eligible,742853919342579422,ENCOMPASS HEALTH BRAINTREE HOSPITAL OF BRAINTREE,2002-02,1,234.71,199.71,35.00,234.7100000000000000,0.85087980912615568148
445788698227523135,Dual Eligible,164982158369714689,A&A HEALTHCARE LLC,2002-02,1,1210.18,1175.18,35.00,1210.1800000000000000,0.97107868251003982879
278663187212707114,NO_INSURANCE,363458983347729064,Fitchburg Outpatient Clinic,2002-02,1,24338.85,0.00,24338.85,24338.850000000000,0E-24
278663187212707114,NO_INSURANCE,537663206495302230,MELROSE FAMILY OPTICIANS LLC,2002-03,1,860.16,0.00,860.16,860.1600000000000000,0E-20
38194544675647776,Medicaid,969560228442772145,FAMILY PRACTICE GROUP PC,2002-03,1,994.48,844.48,150.00,994.4800000000000000,0.84916740407046898882
445788698227523135,Dual Eligible,363458983347729064,Fitchburg Outpatient Clinic,2002-03,3,18193.72,18088.72,105.00,6064.5733333333333333,0.99422877784202461069
445788698227523135,Dual Eligible,679818074188163933,ARBOUR-FULLER HOSPITAL,2002-03,1,3536.75,3501.75,35.00,3536.7500000000000000,0.99010390895596239485
278663187212707114,NO_INSURANCE,687244083159868427,MELROSEWAKEFIELD HEALTHCARE  INC,2002-03,1,3105.35,0.00,3105.35,3105.3500000000000000,0E-20
445788698227523135,Dual Eligible,12921597786897869,SALMON HOME CARE LLC,2002-04,19,12281.95,11616.95,665.00,646.4184210526315789,0.94585550340133285024
445788698227523135,Dual Eligible,932183870943157155,WOONSOCKET URGENT CARE PC,2002-04,1,573.98,538.98,35.00,573.9800000000000000,0.93902226558416669570
445788698227523135,Dual Eligible,965482326565273582,TIMOTHY DANIELS HOUSE,2002-06,1,146.18,111.18,35.00,146.1800000000000000,0.76056916130797646737
38194544675647776,Medicaid,132019786462314408,DAVIS SQUARE FAMILY PRACTICE,2002-08,1,1125.36,975.36,150.00,1125.3600000000000000,0.86670931968436766901
38194544675647776,Medicaid,29154059241288267,DR JOHN C CORRIGAN MENTAL HEALTH CENTER,2002-11,1,943.23,893.23,50.00,943.2300000000000000,0.94699065975424869862
445788698227523135,Dual Eligible,164982158369714689,A&A HEALTHCARE LLC,2002-12,1,934.74,899.74,35.00,934.7400000000000000,0.96255643280484412778
278663187212707114,NO_INSURANCE,687244083159868427,MELROSEWAKEFIELD HEALTHCARE  INC,2003-01,1,2730.98,0.00,2730.98,2730.9800000000000000,0E-20
445788698227523135,Dual Eligible,742853919342579422,ENCOMPASS HEALTH BRAINTREE HOSPITAL OF BRAINTREE,2003-02,1,234.71,199.71,35.00,234.7100000000000000,0.85087980912615568148
445788698227523135,Dual Eligible,164982158369714689,A&A HEALTHCARE LLC,2003-02,1,1075.86,1040.86,35.00,1075.8600000000000000,0.96746788615619132601
38194544675647776,Medicaid,496794533100234578,WELLNESS ON WHEELS PC,2003-03,1,853.36,803.36,50.00,853.3600000000000000,0.94140808099746882910
38194544675647776,Medicaid,679818074188163933,ARBOUR-FULLER HOSPITAL,2003-03,1,2673.95,2623.95,50.00,2673.9500000000000000,0.98130107144860599488
278663187212707114,NO_INSURANCE,537663206495302230,MELROSE FAMILY OPTICIANS LLC,2003-03,1,934.74,0.00,934.74,934.7400000000000000,0E-20
278663187212707114,NO_INSURANCE,687244083159868427,MELROSEWAKEFIELD HEALTHCARE  INC,2003-03,1,3105.35,0.00,3105.35,3105.3500000000000000,0E-20
645688281511686373,UnitedHealthcare,476697113556229311,BETH ISRAEL DEACONESS HOSPITAL MILTON INC,2003-04,1,1005.38,804.30,201.08,1005.3800000000000000,0.79999602140484195031
445788698227523135,Dual Eligible,742853919342579422,ENCOMPASS HEALTH BRAINTREE HOSPITAL OF BRAINTREE,2003-04,1,146.18,111.18,35.00,146.1800000000000000,0.76056916130797646737
278663187212707114,NO_INSURANCE,687244083159868427,MELROSEWAKEFIELD HEALTHCARE  INC,2003-05,1,85.55,0.00,85.55,85.5500000000000000,0E-20
278663187212707114,NO_INSURANCE,687244083159868427,MELROSEWAKEFIELD HEALTHCARE  INC,2003-08,1,3611.33,0.00,3611.33,3611.3300000000000000,0E-20
278663187212707114,NO_INSURANCE,160559015988030201,HEALTHFIRST FAMILY CARE CENTER INC,2003-11,1,1326.65,0.00,1326.65,1326.6500000000000000,0E-20
278663187212707114,NO_INSURANCE,687244083159868427,MELROSEWAKEFIELD HEALTHCARE  INC,2003-12,1,2730.98,0.00,2730.98,2730.9800000000000000,0E-20
278663187212707114,NO_INSURANCE,744977654436978746,THE LOWELL GENERAL HOSPITAL,2003-12,1,1005.38,0.00,1005.38,1005.3800000000000000,0E-20
445788698227523135,Dual Eligible,363458983347729064,Fitchburg Outpatient Clinic,2004-01,2,18833.40,18763.40,70.00,9416.7000000000000000,0.99628319899752567248
357555573157303140,Blue Cross Blue Shield,441536440845856287,WELLESLEY FAMILY CARE ASSOCIATES  PC,2004-01,1,1103.92,0.00,1103.92,1103.9200000000000000,0E-20
278663187212707114,NO_INSURANCE,537663206495302230,MELROSE FAMILY OPTICIANS LLC,2004-03,1,1699.67,0.00,1699.67,1699.6700000000000000,0E-20
445788698227523135,Dual Eligible,679818074188163933,ARBOUR-FULLER HOSPITAL,2004-03,2,4053.70,3983.70,70.00,2026.8500000000000000,0.98273182524607149024
445788698227523135,Dual Eligible,164982158369714689,A&A HEALTHCARE LLC,2004-03,1,1216.98,1181.98,35.00,1216.9800000000000000,0.97124028332429456524
445788698227523135,Dual Eligible,742853919342579422,ENCOMPASS HEALTH BRAINTREE HOSPITAL OF BRAINTREE,2004-03,2,3340.06,3270.06,70.00,1670.0300000000000000,0.97904229265342538757
445788698227523135,Dual Eligible,496794533100234578,WELLNESS ON WHEELS PC,2004-03,1,778.78,743.78,35.00,778.7800000000000000,0.95505791109170754257
278663187212707114,NO_INSURANCE,687244083159868427,MELROSEWAKEFIELD HEALTHCARE  INC,2004-04,1,3105.35,0.00,3105.35,3105.3500000000000000,0E-20
445788698227523135,Dual Eligible,679818074188163933,ARBOUR-FULLER HOSPITAL,2004-04,1,516.95,481.95,35.00,516.9500000000000000,0.93229519295870006770
278663187212707114,NO_INSURANCE,29154059241288267,DR JOHN C CORRIGAN MENTAL HEALTH CENTER,2004-07,1,142.58,0.00,142.58,142.5800000000000000,0E-20
467436209270504951,Humana,654094879719975440,BARRINGTON URGENT CARE PC,2004-07,1,709.98,0.00,709.98,709.9800000000000000,0E-20
278663187212707114,NO_INSURANCE,439410479591029051,LOWELL FAMILY MEDICAL CARE PC,2004-11,1,704.20,0.00,704.20,704.2000000000000000,0E-20
278663187212707114,NO_INSURANCE,687244083159868427,MELROSEWAKEFIELD HEALTHCARE  INC,2004-12,1,2730.98,0.00,2730.98,2730.9800000000000000,0E-20
467436209270504951,Humana,58830663438005741,SUNRISE HEALTHCARE LLC,2004-12,1,704.20,0.00,704.20,704.2000000000000000,0E-20
1038854080955376456,Cigna Health,814284400183858824,PRIMARY CARE NORTH PC,2005-01,1,996.16,0.00,996.16,996.1600000000000000,0E-20
38194544675647776,Medicaid,521143750033311203,SERENITY HILL NURSING CENTER,2005-01,1,652.16,602.16,50.00,652.1600000000000000,0.92333169774288518155
38194544675647776,Medicaid,257983333266586147,WOONSOCKET URGENT CARE PC,2005-01,1,142.58,92.58,50.00,142.5800000000000000,0.64931968017954832375
278663187212707114,NO_INSURANCE,936954550737768782,GREENWOOD NURSING & REHABILITATION CENTER,2005-01,1,146.18,0.00,146.18,146.1800000000000000,0E-20
357555573157303140,Blue Cross Blue Shield,441536440845856287,WELLESLEY FAMILY CARE ASSOCIATES  PC,2005-01,1,704.20,0.00,704.20,704.2000000000000000,0E-20
952317639554652821,Medicare,376833142676655002,HOLISTIC FAMILY PRACTICE  INC.,2005-01,1,1055.90,844.72,211.18,1055.9000000000000000,0.80000000000000000000
38194544675647776,Medicaid,679818074188163933,ARBOUR-FULLER HOSPITAL,2005-01,2,1465.30,1265.30,200.00,732.6500000000000000,0.86350917900771173139
467436209270504951,Humana,202198446605600451,STANLEY STREET TREATMENT AND RESOURCES  INC,2005-02,1,840.20,0.00,840.20,840.2000000000000000,0E-20
278663187212707114,NO_INSURANCE,537663206495302230,MELROSE FAMILY OPTICIANS LLC,2005-03,1,860.16,0.00,860.16,860.1600000000000000,0E-20
445788698227523135,Dual Eligible,742853919342579422,ENCOMPASS HEALTH BRAINTREE HOSPITAL OF BRAINTREE,2005-03,2,3771.46,3701.46,70.00,1885.7300000000000000,0.98143954860982219088
38194544675647776,Medicaid,679818074188163933,ARBOUR-FULLER HOSPITAL,2005-03,1,516.95,466.95,50.00,516.9500000000000000,0.90327884708385723958
445788698227523135,Dual Eligible,164982158369714689,A&A HEALTHCARE LLC,2005-03,1,1216.98,1181.98,35.00,1216.9800000000000000,0.97124028332429456524
38194544675647776,Medicaid,496794533100234578,WELLNESS ON WHEELS PC,2005-03,1,1283.58,1233.58,50.00,1283.5800000000000000,0.96104644821514825722
278663187212707114,NO_INSURANCE,687244083159868427,MELROSEWAKEFIELD HEALTHCARE  INC,2005-04,1,3105.35,0.00,3105.35,3105.3500000000000000,0E-20
38194544675647776,Medicaid,679818074188163933,ARBOUR-FULLER HOSPITAL,2005-04,1,516.95,466.95,50.00,516.9500000000000000,0.90327884708385723958
38194544675647776,Medicaid,679818074188163933,ARBOUR-FULLER HOSPITAL,2005-05,1,516.95,466.95,50.00,516.9500000000000000,0.90327884708385723958
278663187212707114,NO_INSURANCE,29154059241288267,DR JOHN C CORRIGAN MENTAL HEALTH CENTER,2005-07,2,4195.49,0.00,4195.49,2097.7450000000000000,0E-20
38194544675647776,Medicaid,679818074188163933,ARBOUR-FULLER HOSPITAL,2005-07,1,516.95,466.95,50.00,516.9500000000000000,0.90327884708385723958
467436209270504951,Humana,654096641582644263,BL HEALTHCARE INC DELEWARE,2005-08,1,1438.05,0.00,1438.05,1438.0500000000000000,0E-20
952317639554652821,Medicare,815218868737845247,Causeway OPC,2005-09,1,3825.20,3060.15,765.05,3825.2000000000000000,0.79999738575760744536
445788698227523135,Dual Eligible,164982158369714689,A&A HEALTHCARE LLC,2005-10,1,211.38,176.38,35.00,211.3800000000000000,0.83442142113728829596
445788698227523135,Dual Eligible,965482326565273582,TIMOTHY DANIELS HOUSE,2005-10,1,146.18,111.18,35.00,146.1800000000000000,0.76056916130797646737
278663187212707114,NO_INSURANCE,687244083159868427,MELROSEWAKEFIELD HEALTHCARE  INC,2005-11,1,2730.98,0.00,2730.98,2730.9800000000000000,0E-20
952317639554652821,Medicare,376833142676655002,HOLISTIC FAMILY PRACTICE  INC.,2006-01,1,919.90,735.92,183.98,919.9000000000000000,0.80000000000000000000
445788698227523135,Dual Eligible,679818074188163933,ARBOUR-FULLER HOSPITAL,2006-01,2,677.08,607.08,70.00,338.5400000000000000,0.89661487564246470136
952317639554652821,Medicare,623047219859228790,GARDEN STATE HEALTHCARE ASSOCIATES LLC,2006-01,1,994.48,609.18,385.30,994.4800000000000000,0.61256133858901134261
445788698227523135,Dual Eligible,679818074188163933,ARBOUR-FULLER HOSPITAL,2006-02,1,2673.95,2638.95,35.00,2673.9500000000000000,0.98691075001402419641
357555573157303140,Blue Cross Blue Shield,441536440845856287,WELLESLEY FAMILY CARE ASSOCIATES  PC,2006-02,1,1377.83,0.00,1377.83,1377.8300000000000000,0E-20
278663187212707114,NO_INSURANCE,744977654436978746,THE LOWELL GENERAL HOSPITAL,2006-02,1,3179.93,0.00,3179.93,3179.9300000000000000,0E-20
445788698227523135,Dual Eligible,496794533100234578,WELLNESS ON WHEELS PC,2006-03,1,927.94,927.94,0.00,927.9400000000000000,1.00000000000000000000
357555573157303140,Blue Cross Blue Shield,687244083159868427,MELROSEWAKEFIELD HEALTHCARE  INC,2006-03,2,4573.26,51.63,4521.63,2286.6300000000000000,0.01128953962818645780
357555573157303140,Blue Cross Blue Shield,687244083159868427,MELROSEWAKEFIELD HEALTHCARE  INC,2006-04,1,3536.75,2475.72,1061.03,3536.7500000000000000,0.69999858627270799463
357555573157303140,Blue Cross Blue Shield,389966452681632557,BETH ISRAEL DEACONESS HOSPITAL-NEEDHAM  INC.,2006-04,2,386.80,0.00,386.80,193.4000000000000000,0E-20
445788698227523135,Dual Eligible,679818074188163933,ARBOUR-FULLER HOSPITAL,2006-04,1,3105.35,3070.35,35.00,3105.3500000000000000,0.98872912876165327580
357555573157303140,Blue Cross Blue Shield,257485178825861130,URGENT CARE MEDICAL ASSOCIATES  LLC,2006-04,1,789.68,0.00,789.68,789.6800000000000000,0E-20
357555573157303140,Blue Cross Blue Shield,537663206495302230,MELROSE FAMILY OPTICIANS LLC,2006-04,1,1729.32,1210.54,518.78,1729.3200000000000000,0.70000925219161288830
445788698227523135,Dual Eligible,1101856705377912875,COMMUNITY VISITING NURSE AGENCY  INC.,2006-06,1,11353.93,11318.93,35.00,11353.9300000000000000,0.99691736693814388498
445788698227523135,Dual Eligible,496794533100234578,WELLNESS ON WHEELS PC,2006-07,1,211.38,211.38,0.00,211.3800000000000000,1.00000000000000000000
952317639554652821,Medicare,622746900524004548,WHITTIER REHABILTATION HOSPITAL,2006-07,1,9503.50,7602.80,1900.70,9503.5000000000000000,0.80000000000000000000
467436209270504951,Humana,654096641582644263,BL HEALTHCARE INC DELEWARE,2006-08,1,985.22,0.00,985.22,985.2200000000000000,0E-20
357555573157303140,Blue Cross Blue Shield,687244083159868427,MELROSEWAKEFIELD HEALTHCARE  INC,2006-10,1,2730.98,1911.69,819.29,2730.9800000000000000,0.70000146467568418663
357555573157303140,Blue Cross Blue Shield,160559015988030201,HEALTHFIRST FAMILY CARE CENTER INC,2006-11,1,914.78,0.00,914.78,914.7800000000000000,0E-20
38194544675647776,Medicaid,658306035533165929,VMD PRIMARY PROVIDERS MASSACHUSETTS PLLC,2006-11,1,1295.00,1291.18,3.82,1295.0000000000000000,0.99705019305019305019
357555573157303140,Blue Cross Blue Shield,29154059241288267,DR JOHN C CORRIGAN MENTAL HEALTH CENTER,2007-01,1,573.98,0.00,573.98,573.9800000000000000,0E-20
357555573157303140,Blue Cross Blue Shield,687244083159868427,MELROSEWAKEFIELD HEALTHCARE  INC,2007-01,1,9418.98,6593.28,2825.70,9418.9800000000000000,0.69999936298834905690
952317639554652821,Medicare,376833142676655002,HOLISTIC FAMILY PRACTICE  INC.,2007-02,1,840.20,672.16,168.04,840.2000000000000000,0.80000000000000000000
357555573157303140,Blue Cross Blue Shield,29154059241288267,DR JOHN C CORRIGAN MENTAL HEALTH CENTER,2007-02,1,32403.27,20574.41,11828.86,32403.270000000000,0.63494857154848877906
357555573157303140,Blue Cross Blue Shield,441536440845856287,WELLESLEY FAMILY CARE ASSOCIATES  PC,2007-02,1,853.36,0.00,853.36,853.3600000000000000,0E-20
357555573157303140,Blue Cross Blue Shield,29154059241288267,DR JOHN C CORRIGAN MENTAL HEALTH CENTER,2007-03,1,11520.96,11520.96,0.00,11520.9600000000000000,1.00000000000000000000
952317639554652821,Medicare,1100386330438199965,WALTHAM WESTON INTERNAL MEDICINE ASSOCIATES  P.C.,2007-03,1,1433.92,1139.26,294.66,1433.9200000000000000,0.79450736442758312877
38194544675647776,Medicaid,719406762791431727,BRIARWOOD REHABILITATION & HEALTHCARE CENTER,2007-04,1,146.18,96.18,50.00,146.1800000000000000,0.65795594472568066767
357555573157303140,Blue Cross Blue Shield,537663206495302230,MELROSE FAMILY OPTICIANS LLC,2007-04,1,1002.52,0.00,1002.52,1002.5200000000000000,0E-20
357555573157303140,Blue Cross Blue Shield,29154059241288267,DR JOHN C CORRIGAN MENTAL HEALTH CENTER,2007-04,1,16893.87,16893.87,0.00,16893.8700000000000000,1.00000000000000000000
38194544675647776,Medicaid,719406762791431727,BRIARWOOD REHABILITATION & HEALTHCARE CENTER,2007-05,1,87.71,37.71,50.00,87.7100000000000000,0.42993957359480104891
357555573157303140,Blue Cross Blue Shield,29154059241288267,DR JOHN C CORRIGAN MENTAL HEALTH CENTER,2007-05,1,8109.84,8109.84,0.00,8109.8400000000000000,1.00000000000000000000
357555573157303140,Blue Cross Blue Shield,29154059241288267,DR JOHN C CORRIGAN MENTAL HEALTH CENTER,2007-06,1,5708.43,5708.43,0.00,5708.4300000000000000,1.00000000000000000000
357555573157303140,Blue Cross Blue Shield,29154059241288267,DR JOHN C CORRIGAN MENTAL HEALTH CENTER,2007-07,1,14915.41,14915.41,0.00,14915.4100000000000000,1.00000000000000000000
38194544675647776,Medicaid,44500129533123678,SOUTHCOAST HOSPITALS GROUP INC,2007-07,1,9436.71,9386.71,50.00,9436.7100000000000000,0.99470154322851926148
357555573157303140,Blue Cross Blue Shield,29154059241288267,DR JOHN C CORRIGAN MENTAL HEALTH CENTER,2007-08,1,6609.17,6609.17,0.00,6609.1700000000000000,1.00000000000000000000
278663187212707114,NO_INSURANCE,556944320275034302,PARADIGM HEALTHCARE  PC,2007-08,1,853.36,0.00,853.36,853.3600000000000000,0E-20
357555573157303140,Blue Cross Blue Shield,540724220146399220,FALL RIVER JEWISH HOME  INC,2007-09,1,14802.41,10361.69,4440.72,14802.4100000000000000,0.70000020266970040689
357555573157303140,Blue Cross Blue Shield,29154059241288267,DR JOHN C CORRIGAN MENTAL HEALTH CENTER,2007-09,1,11564.43,4945.10,6619.33,11564.4300000000000000,0.42761294763338962664
467436209270504951,Humana,654096641582644263,BL HEALTHCARE INC DELEWARE,2007-09,1,1268.16,0.00,1268.16,1268.1600000000000000,0E-20
357555573157303140,Blue Cross Blue Shield,687244083159868427,MELROSEWAKEFIELD HEALTHCARE  INC,2007-09,1,2730.98,0.00,2730.98,2730.9800000000000000,0E-20
357555573157303140,Blue Cross Blue Shield,29154059241288267,DR JOHN C CORRIGAN MENTAL HEALTH CENTER,2007-11,1,1005.38,1005.38,0.00,1005.3800000000000000,1.00000000000000000000
1038854080955376456,Cigna Health,814284400183858824,PRIMARY CARE NORTH PC,2008-01,1,934.74,0.00,934.74,934.7400000000000000,0E-20
357555573157303140,Blue Cross Blue Shield,540724220146399220,FALL RIVER JEWISH HOME  INC,2008-01,1,16125.04,16125.04,0.00,16125.0400000000000000,1.00000000000000000000
357555573157303140,Blue Cross Blue Shield,441536440845856287,WELLESLEY FAMILY CARE ASSOCIATES  PC,2008-02,1,919.90,0.00,919.90,919.9000000000000000,0E-20
357555573157303140,Blue Cross Blue Shield,687244083159868427,MELROSEWAKEFIELD HEALTHCARE  INC,2008-04,1,3536.75,268.48,3268.27,3536.7500000000000000,0.07591150067152046370
357555573157303140,Blue Cross Blue Shield,537663206495302230,MELROSE FAMILY OPTICIANS LLC,2008-04,1,1213.10,0.00,1213.10,1213.1000000000000000,0E-20
645688281511686373,UnitedHealthcare,44500129533123678,SOUTHCOAST HOSPITALS GROUP INC,2008-07,1,1250.85,0.00,1250.85,1250.8500000000000000,0E-20
357555573157303140,Blue Cross Blue Shield,29154059241288267,DR JOHN C CORRIGAN MENTAL HEALTH CENTER,2008-07,1,85.55,85.55,0.00,85.5500000000000000,1.00000000000000000000
357555573157303140,Blue Cross Blue Shield,687244083159868427,MELROSEWAKEFIELD HEALTHCARE  INC,2008-08,1,2730.98,1911.69,819.29,2730.9800000000000000,0.70000146467568418663
467436209270504951,Humana,654096641582644263,BL HEALTHCARE INC DELEWARE,2008-09,1,1777.58,1777.58,0.00,1777.5800000000000000,1.00000000000000000000
357555573157303140,Blue Cross Blue Shield,29154059241288267,DR JOHN C CORRIGAN MENTAL HEALTH CENTER,2008-09,2,36480.25,22690.93,13789.32,18240.125000000000,0.62200587989391520069
357555573157303140,Blue Cross Blue Shield,29154059241288267,DR JOHN C CORRIGAN MENTAL HEALTH CENTER,2008-10,1,8395.97,8395.97,0.00,8395.9700000000000000,1.00000000000000000000
357555573157303140,Blue Cross Blue Shield,936954550737768782,GREENWOOD NURSING & REHABILITATION CENTER,2008-10,1,1025.09,717.57,307.52,1025.0900000000000000,0.70000682866870226029
357555573157303140,Blue Cross Blue Shield,29154059241288267,DR JOHN C CORRIGAN MENTAL HEALTH CENTER,2008-11,1,19530.28,19530.28,0.00,19530.2800000000000000,1.00000000000000000000
38194544675647776,Medicaid,719406762791431727,BRIARWOOD REHABILITATION & HEALTHCARE CENTER,2008-12,1,5308.14,5258.14,50.00,5308.1400000000000000,0.99058050465888239572
357555573157303140,Blue Cross Blue Shield,29154059241288267,DR JOHN C CORRIGAN MENTAL HEALTH CENTER,2008-12,1,11867.82,11867.82,0.00,11867.8200000000000000,1.00000000000000000000
357555573157303140,Blue Cross Blue Shield,29154059241288267,DR JOHN C CORRIGAN MENTAL HEALTH CENTER,2009-01,1,13497.72,13497.72,0.00,13497.7200000000000000,1.00000000000000000000
467436209270504951,Humana,137002283324145083,STURDY MEMORIAL HOSPITAL INC,2009-01,1,727.53,727.53,0.00,727.5300000000000000,1.00000000000000000000
357555573157303140,Blue Cross Blue Shield,441536440845856287,WELLESLEY FAMILY CARE ASSOCIATES  PC,2009-02,1,1074.16,0.00,1074.16,1074.1600000000000000,0E-20
357555573157303140,Blue Cross Blue Shield,29154059241288267,DR JOHN C CORRIGAN MENTAL HEALTH CENTER,2009-02,1,14615.29,14615.29,0.00,14615.2900000000000000,1.00000000000000000000
38194544675647776,Medicaid,264175530648959689,SIGNATURE HEALTHCARE MEDICAL GROUP INC,2009-03,1,1411.83,1311.83,100.00,1411.8300000000000000,0.92916994255682341358
357555573157303140,Blue Cross Blue Shield,389966452681632557,BETH ISRAEL DEACONESS HOSPITAL-NEEDHAM  INC.,2009-03,1,3536.75,168.60,3368.15,3536.7500000000000000,0.04767088428642114936
357555573157303140,Blue Cross Blue Shield,29154059241288267,DR JOHN C CORRIGAN MENTAL HEALTH CENTER,2009-03,2,21980.18,21980.18,0.00,10990.0900000000000000,1.00000000000000000000
357555573157303140,Blue Cross Blue Shield,540724220146399220,FALL RIVER JEWISH HOME  INC,2009-04,1,577.58,577.58,0.00,577.5800000000000000,1.00000000000000000000
357555573157303140,Blue Cross Blue Shield,537663206495302230,MELROSE FAMILY OPTICIANS LLC,2009-04,1,1158.48,0.00,1158.48,1158.4800000000000000,0E-20
645688281511686373,UnitedHealthcare,50464693234281699,Lynn Community Based Outpatient Clinic (CBOC),2009-04,1,1664.60,577.13,1087.47,1664.6000000000000000,0.34670791781809443710
645688281511686373,UnitedHealthcare,50464693234281699,Lynn Community Based Outpatient Clinic (CBOC),2009-05,1,1568.93,1255.13,313.80,1568.9300000000000000,0.79999107672107742219
357555573157303140,Blue Cross Blue Shield,687244083159868427,MELROSEWAKEFIELD HEALTHCARE  INC,2009-05,2,3622.30,644.88,2977.42,1811.1500000000000000,0.17803053308671286199
357555573157303140,Blue Cross Blue Shield,29154059241288267,DR JOHN C CORRIGAN MENTAL HEALTH CENTER,2009-05,1,1005.38,1005.38,0.00,1005.3800000000000000,1.00000000000000000000
467436209270504951,Humana,919548777387151765,SOUTH SHORE CENTER FOR WELLNESS LTD,2009-06,1,982.70,0.00,982.70,982.7000000000000000,0E-20
357555573157303140,Blue Cross Blue Shield,537663206495302230,MELROSE FAMILY OPTICIANS LLC,2009-06,1,211.38,147.97,63.41,211.3800000000000000,0.70001892326615573848
357555573157303140,Blue Cross Blue Shield,29154059241288267,DR JOHN C CORRIGAN MENTAL HEALTH CENTER,2009-06,1,4575.68,4575.68,0.00,4575.6800000000000000,1.00000000000000000000
357555573157303140,Blue Cross Blue Shield,29154059241288267,DR JOHN C CORRIGAN MENTAL HEALTH CENTER,2009-07,1,85.55,85.55,0.00,85.5500000000000000,1.00000000000000000000
645688281511686373,UnitedHealthcare,50464693234281699,Lynn Community Based Outpatient Clinic (CBOC),2009-08,2,4056.62,3245.28,811.34,2028.3100000000000000,0.79999605582973016945
357555573157303140,Blue Cross Blue Shield,29154059241288267,DR JOHN C CORRIGAN MENTAL HEALTH CENTER,2009-09,1,1250.85,0.00,1250.85,1250.8500000000000000,0E-20
38194544675647776,Medicaid,565804414476228962,FRANCISCAN HOSPITAL FOR CHILDREN INC,2009-10,1,516.95,466.95,50.00,516.9500000000000000,0.90327884708385723958
357555573157303140,Blue Cross Blue Shield,160559015988030201,HEALTHFIRST FAMILY CARE CENTER INC,2009-11,2,1706.72,0.00,1706.72,853.3600000000000000,0E-20
357555573157303140,Blue Cross Blue Shield,29154059241288267,DR JOHN C CORRIGAN MENTAL HEALTH CENTER,2009-11,1,3536.75,889.63,2647.12,3536.7500000000000000,0.25153884215734784760
645688281511686373,UnitedHealthcare,38279960638745704,SOUTHCOAST HOSPITALS GROUP INC,2009-11,1,3536.75,2565.66,971.09,3536.7500000000000000,0.72542871280130062911
645688281511686373,UnitedHealthcare,658306035533165929,VMD PRIMARY PROVIDERS MASSACHUSETTS PLLC,2009-11,1,998.38,0.00,998.38,998.3800000000000000,0E-20
952317639554652821,Medicare,1042966971655576982,RIVERBEND OF SOUTH NATICK,2009-12,1,6797.62,5251.70,1545.92,6797.6200000000000000,0.77257922625860227550
357555573157303140,Blue Cross Blue Shield,29154059241288267,DR JOHN C CORRIGAN MENTAL HEALTH CENTER,2009-12,1,1250.85,875.60,375.25,1250.8500000000000000,0.70000399728184834313
952317639554652821,Medicare,441536440845856287,WELLESLEY FAMILY CARE ASSOCIATES  PC,2010-02,1,914.78,731.82,182.96,914.7800000000000000,0.79999562736395636109
357555573157303140,Blue Cross Blue Shield,29154059241288267,DR JOHN C CORRIGAN MENTAL HEALTH CENTER,2010-03,1,1250.85,875.60,375.25,1250.8500000000000000,0.70000399728184834313
645688281511686373,UnitedHealthcare,50464693234281699,Lynn Community Based Outpatient Clinic (CBOC),2010-04,2,3597.50,1815.54,1781.96,1798.7500000000000000,0.50466712995135510771
357555573157303140,Blue Cross Blue Shield,29154059241288267,DR JOHN C CORRIGAN MENTAL HEALTH CENTER,2010-06,2,3482.82,2437.98,1044.84,1741.4100000000000000,0.70000172274191603356
467436209270504951,Humana,433837020145504394,ZANJABEE INTEGRATIVE MEDICINE AND PRIMARY CARE LLC,2010-08,1,778.78,0.00,778.78,778.7800000000000000,0E-20
357555573157303140,Blue Cross Blue Shield,29154059241288267,DR JOHN C CORRIGAN MENTAL HEALTH CENTER,2010-09,1,1250.85,0.00,1250.85,1250.8500000000000000,0E-20
357555573157303140,Blue Cross Blue Shield,29154059241288267,DR JOHN C CORRIGAN MENTAL HEALTH CENTER,2010-10,3,6133.81,2019.26,4114.55,2044.6033333333333333,0.32920158922431571894
645688281511686373,UnitedHealthcare,50464693234281699,Lynn Community Based Outpatient Clinic (CBOC),2010-10,1,951.27,761.00,190.27,951.2700000000000000,0.79998318037991316871
38194544675647776,Medicaid,1053862909723414558,COMPASSIONATE HEALTH CARE GROUP LLC,2010-10,1,704.20,604.20,100.00,704.2000000000000000,0.85799488781596137461
357555573157303140,Blue Cross Blue Shield,29154059241288267,DR JOHN C CORRIGAN MENTAL HEALTH CENTER,2010-11,1,16353.99,11447.80,4906.19,16353.9900000000000000,0.70000042803010152263
645688281511686373,UnitedHealthcare,44500129533123678,SOUTHCOAST HOSPITALS GROUP INC,2010-11,1,573.98,0.00,573.98,573.9800000000000000,0E-20
357555573157303140,Blue Cross Blue Shield,29154059241288267,DR JOHN C CORRIGAN MENTAL HEALTH CENTER,2010-12,2,17074.67,17074.67,0.00,8537.3350000000000000,1.00000000000000000000
645688281511686373,UnitedHealthcare,38279960638745704,SOUTHCOAST HOSPITALS GROUP INC,2010-12,1,15755.28,11897.01,3858.27,15755.2800000000000000,0.75511257178545858912
38194544675647776,Medicaid,520806008221098162,FIRST PSYCHIATRIC PLANNERS  INC,2010-12,2,602.50,502.50,100.00,301.2500000000000000,0.83402489626556016598
645688281511686373,UnitedHealthcare,38279960638745704,SOUTHCOAST HOSPITALS GROUP INC,2011-01,1,1005.38,804.30,201.08,1005.3800000000000000,0.79999602140484195031
357555573157303140,Blue Cross Blue Shield,29154059241288267,DR JOHN C CORRIGAN MENTAL HEALTH CENTER,2011-01,1,10120.49,10120.49,0.00,10120.4900000000000000,1.00000000000000000000
38194544675647776,Medicaid,520806008221098162,FIRST PSYCHIATRIC PLANNERS  INC,2011-01,1,1005.38,955.38,50.00,1005.3800000000000000,0.95026756052437884183
645688281511686373,UnitedHealthcare,50464693234281699,Lynn Community Based Outpatient Clinic (CBOC),2011-02,1,2730.98,1122.34,1608.64,2730.9800000000000000,0.41096602684750529114
746113169580368645,Anthem,814284400183858824,PRIMARY CARE NORTH PC,2011-02,1,1075.86,0.00,1075.86,1075.8600000000000000,0E-20
952317639554652821,Medicare,389966452681632557,BETH ISRAEL DEACONESS HOSPITAL-NEEDHAM  INC.,2011-03,2,4053.70,3242.96,810.74,2026.8500000000000000,0.80000000000000000000
357555573157303140,Blue Cross Blue Shield,29154059241288267,DR JOHN C CORRIGAN MENTAL HEALTH CENTER,2011-03,2,6606.65,6606.65,0.00,3303.3250000000000000,1.00000000000000000000
952317639554652821,Medicare,441536440845856287,WELLESLEY FAMILY CARE ASSOCIATES  PC,2011-03,1,1055.90,658.32,397.58,1055.9000000000000000,0.62346813145184203050
38194544675647776,Medicaid,264175530648959689,SIGNATURE HEALTHCARE MEDICAL GROUP INC,2011-03,1,1087.01,987.01,100.00,1087.0100000000000000,0.90800452617731207625
952317639554652821,Medicare,1100386330438199965,WALTHAM WESTON INTERNAL MEDICINE ASSOCIATES  P.C.,2011-04,1,1644.50,1315.58,328.92,1644.5000000000000000,0.79998783824870781393
952317639554652821,Medicare,363458983347729064,Fitchburg Outpatient Clinic,2011-04,2,10525.86,8420.66,2105.20,5262.9300000000000000,0.79999733988481701258
357555573157303140,Blue Cross Blue Shield,29154059241288267,DR JOHN C CORRIGAN MENTAL HEALTH CENTER,2011-04,1,9113.55,9113.55,0.00,9113.5500000000000000,1.00000000000000000000
38194544675647776,Medicaid,741150468608293787,CLASSIC HEALTHCARE MEDICAL GROUP LLC,2011-04,1,1567.00,1467.00,100.00,1567.0000000000000000,0.93618379068283343969
645688281511686373,UnitedHealthcare,50464693234281699,Lynn Community Based Outpatient Clinic (CBOC),2011-04,1,2104.53,1683.61,420.92,2104.5300000000000000,0.79999334768333071992
357555573157303140,Blue Cross Blue Shield,29154059241288267,DR JOHN C CORRIGAN MENTAL HEALTH CENTER,2011-05,2,5498.38,5498.38,0.00,2749.1900000000000000,1.00000000000000000000
357555573157303140,Blue Cross Blue Shield,29154059241288267,DR JOHN C CORRIGAN MENTAL HEALTH CENTER,2011-06,2,22411.11,22411.11,0.00,11205.5550000000000000,1.00000000000000000000
645688281511686373,UnitedHealthcare,44500129533123678,SOUTHCOAST HOSPITALS GROUP INC,2011-07,1,142.58,114.06,28.52,142.5800000000000000,0.79997194557441436387
645688281511686373,UnitedHealthcare,50464693234281699,Lynn Community Based Outpatient Clinic (CBOC),2011-07,1,815.27,652.20,163.07,815.2700000000000000,0.79998037459982582457
645688281511686373,UnitedHealthcare,703727186913582450,ASSOCIATED INTERNISTS OF RANDOLPH  INC.,2011-08,1,1050.78,802.24,248.54,1050.7800000000000000,0.76347094539294619235
952317639554652821,Medicare,363458983347729064,Fitchburg Outpatient Clinic,2011-08,1,2423.39,1938.68,484.71,2423.3900000000000000,0.79998679535691737607
952317639554652821,Medicare,389966452681632557,BETH ISRAEL DEACONESS HOSPITAL-NEEDHAM  INC.,2011-08,1,234.71,187.76,46.95,234.7100000000000000,0.79996591538494312130
645688281511686373,UnitedHealthcare,50464693234281699,Lynn Community Based Outpatient Clinic (CBOC),2011-08,1,951.27,761.00,190.27,951.2700000000000000,0.79998318037991316871
952317639554652821,Medicare,363458983347729064,Fitchburg Outpatient Clinic,2011-09,1,2499.70,1999.75,499.95,2499.7000000000000000,0.79999599951994239309
952317639554652821,Medicare,29154059241288267,DR JOHN C CORRIGAN MENTAL HEALTH CENTER,2011-09,1,1428.63,956.50,472.13,1428.6300000000000000,0.66952254957546740584
211105773257762680,Aetna,744977654436978746,THE LOWELL GENERAL HOSPITAL,2011-10,1,3817.64,0.00,3817.64,3817.6400000000000000,0E-20
645688281511686373,UnitedHealthcare,50464693234281699,Lynn Community Based Outpatient Clinic (CBOC),2011-11,1,1128.56,902.83,225.73,1128.5600000000000000,0.79998405047139717871
952317639554652821,Medicare,29154059241288267,DR JOHN C CORRIGAN MENTAL HEALTH CENTER,2011-12,1,1722.37,1377.89,344.48,1722.3700000000000000,0.79999651642794521502
645688281511686373,UnitedHealthcare,50464693234281699,Lynn Community Based Outpatient Clinic (CBOC),2011-12,1,3105.35,2484.28,621.07,3105.3500000000000000,0.80000000000000000000
645688281511686373,UnitedHealthcare,50464693234281699,Lynn Community Based Outpatient Clinic (CBOC),2012-01,1,5561.77,4449.42,1112.35,5561.7700000000000000,0.80000071919550790486
952317639554652821,Medicare,50464693234281699,Lynn Community Based Outpatient Clinic (CBOC),2012-01,1,13771.16,10830.53,2940.63,13771.1600000000000000,0.78646461155051571545
952317639554652821,Medicare,50464693234281699,Lynn Community Based Outpatient Clinic (CBOC),2012-02,1,951.27,761.00,190.27,951.2700000000000000,0.79998318037991316871
467436209270504951,Humana,202198446605600451,STANLEY STREET TREATMENT AND RESOURCES  INC,2012-03,1,704.20,0.00,704.20,704.2000000000000000,0E-20
952317639554652821,Medicare,441536440845856287,WELLESLEY FAMILY CARE ASSOCIATES  PC,2012-03,1,1641.58,1127.84,513.74,1641.5800000000000000,0.68704540747328792992
952317639554652821,Medicare,29154059241288267,DR JOHN C CORRIGAN MENTAL HEALTH CENTER,2012-03,1,1250.85,1000.68,250.17,1250.8500000000000000,0.80000000000000000000
952317639554652821,Medicare,50464693234281699,Lynn Community Based Outpatient Clinic (CBOC),2012-03,1,2730.98,2184.78,546.20,2730.9800000000000000,0.79999853532431581337
952317639554652821,Medicare,363458983347729064,Fitchburg Outpatient Clinic,2012-03,10,18449.02,14759.08,3689.94,1844.9020000000000000,0.79999262833472997482
952317639554652821,Medicare,363458983347729064,Fitchburg Outpatient Clinic,2012-04,22,3136.76,2509.32,627.44,142.5800000000000000,0.79997194557441436387
952317639554652821,Medicare,50464693234281699,Lynn Community Based Outpatient Clinic (CBOC),2012-04,1,1038.36,830.67,207.69,1038.3600000000000000,0.79998266497168612042
645688281511686373,UnitedHealthcare,476697113556229311,BETH ISRAEL DEACONESS HOSPITAL MILTON INC,2012-04,1,1272.18,127.69,1144.49,1272.1800000000000000,0.10037101668002955557
952317639554652821,Medicare,363458983347729064,Fitchburg Outpatient Clinic,2012-05,18,4599.87,3679.82,920.05,255.5483333333333333,0.79998347779393765476
952317639554652821,Medicare,50464693234281699,Lynn Community Based Outpatient Clinic (CBOC),2012-05,2,3971.87,3177.48,794.39,1985.9350000000000000,0.79999597167077472324
952317639554652821,Medicare,29154059241288267,DR JOHN C CORRIGAN MENTAL HEALTH CENTER,2012-05,1,6225.40,4980.32,1245.08,6225.4000000000000000,0.80000000000000000000
38194544675647776,Medicaid,565804414476228962,FRANCISCAN HOSPITAL FOR CHILDREN INC,2012-05,2,602.50,502.50,100.00,301.2500000000000000,0.83402489626556016598
952317639554652821,Medicare,469245621271018320,LYNN URGENT CARE LLC,2012-06,4,3256.31,2604.98,651.33,814.0775000000000000,0.79997911746731730087
952317639554652821,Medicare,723111811226363721,CHESTNUT WOODS REHABILITATION AND HEALTHCARE CTR,2012-06,1,875.90,700.70,175.20,875.9000000000000000,0.79997716634318986186
952317639554652821,Medicare,29154059241288267,DR JOHN C CORRIGAN MENTAL HEALTH CENTER,2012-06,1,2666.50,2133.20,533.30,2666.5000000000000000,0.80000000000000000000
645688281511686373,UnitedHealthcare,44500129533123678,SOUTHCOAST HOSPITALS GROUP INC,2012-07,1,142.58,0.00,142.58,142.5800000000000000,0E-20
38194544675647776,Medicaid,587757060655614946,CLARITY HEALTH & WELLNESS LLC,2012-07,1,1183.72,1083.72,100.00,1183.7200000000000000,0.91552056229513736357
952317639554652821,Medicare,469245621271018320,LYNN URGENT CARE LLC,2012-07,2,935.18,748.12,187.06,467.5900000000000000,0.79997433649137064522
952317639554652821,Medicare,50464693234281699,Lynn Community Based Outpatient Clinic (CBOC),2012-07,1,85.55,68.44,17.11,85.5500000000000000,0.80000000000000000000
38194544675647776,Medicaid,1108258114602746895,CAMBRIDGE REHABILITATION & NURSING CENTER,2012-07,1,87.71,37.71,50.00,87.7100000000000000,0.42993957359480104891
952317639554652821,Medicare,723111811226363721,CHESTNUT WOODS REHABILITATION AND HEALTHCARE CTR,2012-07,1,1091.60,873.26,218.34,1091.6000000000000000,0.79998167827042872847
952317639554652821,Medicare,50464693234281699,Lynn Community Based Outpatient Clinic (CBOC),2012-08,2,3920.62,3136.48,784.14,1960.3100000000000000,0.79999591901280919855
38194544675647776,Medicaid,132019786462314408,DAVIS SQUARE FAMILY PRACTICE,2012-08,1,853.36,753.36,100.00,853.3600000000000000,0.88281616199493765820
952317639554652821,Medicare,29154059241288267,DR JOHN C CORRIGAN MENTAL HEALTH CENTER,2012-09,1,3797.25,2851.40,945.85,3797.2500000000000000,0.75091184409770228455
38194544675647776,Medicaid,1053862909723414558,COMPASSIONATE HEALTH CARE GROUP LLC,2012-10,1,849.22,749.22,100.00,849.2200000000000000,0.88224488354018982125
357555573157303140,Blue Cross Blue Shield,790885867393293671,DUTTON FAMILY CARE ASSOCIATES LLP,2012-10,1,919.90,0.00,919.90,919.9000000000000000,0E-20
952317639554652821,Medicare,389966452681632557,BETH ISRAEL DEACONESS HOSPITAL-NEEDHAM  INC.,2012-10,1,7751.57,6201.26,1550.31,7751.5700000000000000,0.80000051602449568281
357555573157303140,Blue Cross Blue Shield,363458983347729064,Fitchburg Outpatient Clinic,2012-10,1,1444.46,0.00,1444.46,1444.4600000000000000,0E-20
952317639554652821,Medicare,815218868737845247,Causeway OPC,2012-11,1,795.14,518.15,276.99,795.1400000000000000,0.65164625097467112710
952317639554652821,Medicare,160559015988030201,HEALTHFIRST FAMILY CARE CENTER INC,2012-11,1,778.78,623.02,155.76,778.7800000000000000,0.79999486376126762372
952317639554652821,Medicare,363458983347729064,Fitchburg Outpatient Clinic,2012-11,2,2626.41,2101.13,525.28,1313.2050000000000000,0.80000076149572991269
645688281511686373,UnitedHealthcare,658306035533165929,VMD PRIMARY PROVIDERS MASSACHUSETTS PLLC,2012-11,1,853.36,0.00,853.36,853.3600000000000000,0E-20
952317639554652821,Medicare,29154059241288267,DR JOHN C CORRIGAN MENTAL HEALTH CENTER,2012-12,1,3167.75,2534.20,633.55,3167.7500000000000000,0.80000000000000000000
38194544675647776,Medicaid,969560228442772145,FAMILY PRACTICE GROUP PC,2013-01,1,1247.93,1147.93,100.00,1247.9300000000000000,0.91986730024921269622
952317639554652821,Medicare,29154059241288267,DR JOHN C CORRIGAN MENTAL HEALTH CENTER,2013-01,1,775.79,620.63,155.16,775.7900000000000000,0.79999742198275306462
38194544675647776,Medicaid,1108258114602746895,CAMBRIDGE REHABILITATION & NURSING CENTER,2013-01,1,12010.67,11960.67,50.00,12010.6700000000000000,0.99583703490313196516
952317639554652821,Medicare,50464693234281699,Lynn Community Based Outpatient Clinic (CBOC),2013-01,1,2730.98,2102.34,628.64,2730.9800000000000000,0.76981156947322939018
467436209270504951,Humana,58830663438005741,SUNRISE HEALTHCARE LLC,2013-01,1,704.20,0.00,704.20,704.2000000000000000,0E-20
952317639554652821,Medicare,540724220146399220,FALL RIVER JEWISH HOME  INC,2013-02,1,713.58,570.86,142.72,713.5800000000000000,0.79999439446172818745
445788698227523135,Dual Eligible,164982158369714689,A&A HEALTHCARE LLC,2013-02,1,860.16,860.16,0.00,860.1600000000000000,1.00000000000000000000
952317639554652821,Medicare,29154059241288267,DR JOHN C CORRIGAN MENTAL HEALTH CENTER,2013-02,1,2673.95,2139.16,534.79,2673.9500000000000000,0.80000000000000000000
952317639554652821,Medicare,654094879719975440,BARRINGTON URGENT CARE PC,2013-02,1,784.17,627.33,156.84,784.1700000000000000,0.79999234859788056161
38194544675647776,Medicaid,264175530648959689,SIGNATURE HEALTHCARE MEDICAL GROUP INC,2013-03,1,704.20,604.20,100.00,704.2000000000000000,0.85799488781596137461
952317639554652821,Medicare,441536440845856287,WELLESLEY FAMILY CARE ASSOCIATES  PC,2013-03,1,778.78,437.60,341.18,778.7800000000000000,0.56190451732196512494
952317639554652821,Medicare,389966452681632557,BETH ISRAEL DEACONESS HOSPITAL-NEEDHAM  INC.,2013-03,1,3105.35,2484.28,621.07,3105.3500000000000000,0.80000000000000000000
952317639554652821,Medicare,29154059241288267,DR JOHN C CORRIGAN MENTAL HEALTH CENTER,2013-03,1,4575.68,3660.54,915.14,4575.6800000000000000,0.79999912581299391566
1038854080955376456,Cigna Health,651473276246308486,GREATER LAWRENCE FAMILY HEALTH CENTER INC,2013-04,1,919.90,0.00,919.90,919.9000000000000000,0E-20
952317639554652821,Medicare,1100386330438199965,WALTHAM WESTON INTERNAL MEDICINE ASSOCIATES  P.C.,2013-04,1,1433.92,1147.12,286.80,1433.9200000000000000,0.79998884177638919884
952317639554652821,Medicare,363458983347729064,Fitchburg Outpatient Clinic,2013-05,2,8602.11,6881.61,1720.50,4301.0550000000000000,0.79999093245726920488
952317639554652821,Medicare,29154059241288267,DR JOHN C CORRIGAN MENTAL HEALTH CENTER,2013-05,1,142.58,114.06,28.52,142.5800000000000000,0.79997194557441436387
952317639554652821,Medicare,50464693234281699,Lynn Community Based Outpatient Clinic (CBOC),2013-05,1,1601.81,1281.43,320.38,1601.8100000000000000,0.79998876271218184429
952317639554652821,Medicare,29154059241288267,DR JOHN C CORRIGAN MENTAL HEALTH CENTER,2013-06,1,1250.85,1000.68,250.17,1250.8500000000000000,0.80000000000000000000
467436209270504951,Humana,919548777387151765,SOUTH SHORE CENTER FOR WELLNESS LTD,2013-06,1,704.20,0.00,704.20,704.2000000000000000,0E-20
952317639554652821,Medicare,1037822919216517364,ANNA JAQUES HOSPITAL SUBACUTE UNIT,2013-06,1,1240.31,992.24,248.07,1240.3100000000000000,0.79999354999959687497
952317639554652821,Medicare,441536440845856287,WELLESLEY FAMILY CARE ASSOCIATES  PC,2013-06,1,211.38,169.10,42.28,211.3800000000000000,0.79998107673384426152
38194544675647776,Medicaid,102665420104747686,MASS GENERAL BRIGHAM URGENT CARE LLC,2013-08,1,952.92,902.92,50.00,952.9200000000000000,0.94752969819082399362
467436209270504951,Humana,433837020145504394,ZANJABEE INTEGRATIVE MEDICINE AND PRIMARY CARE LLC,2013-08,1,1291.31,0.00,1291.31,1291.3100000000000000,0E-20
38194544675647776,Medicaid,1108258114602746895,CAMBRIDGE REHABILITATION & NURSING CENTER,2013-08,1,146.18,96.18,50.00,146.1800000000000000,0.65795594472568066767
645688281511686373,UnitedHealthcare,38279960638745704,SOUTHCOAST HOSPITALS GROUP INC,2013-09,2,13023.06,9252.05,3771.01,6511.5300000000000000,0.71043594976910188542
952317639554652821,Medicare,50464693234281699,Lynn Community Based Outpatient Clinic (CBOC),2013-09,2,4919.42,3935.52,983.90,2459.7100000000000000,0.79999674758406478813
1038854080955376456,Cigna Health,249985492892219599,WHITLEY WELLNESS LLC,2013-09,1,816.80,0.00,816.80,816.8000000000000000,0E-20
952317639554652821,Medicare,29154059241288267,DR JOHN C CORRIGAN MENTAL HEALTH CENTER,2013-09,1,2966.91,2187.13,779.78,2966.9100000000000000,0.73717436659689710844
645688281511686373,UnitedHealthcare,38279960638745704,SOUTHCOAST HOSPITALS GROUP INC,2013-10,1,1527.29,1221.83,305.46,1527.2900000000000000,0.79999869049100039940
38194544675647776,Medicaid,1053862909723414558,COMPASSIONATE HEALTH CARE GROUP LLC,2013-10,1,785.58,685.58,100.00,785.5800000000000000,0.87270551694289569490
38194544675647776,Medicaid,363458983347729064,Fitchburg Outpatient Clinic,2013-11,1,1875.86,1825.86,50.00,1875.8600000000000000,0.97334555883701342318
38194544675647776,Medicaid,909182873596142954,SOUTHCOAST HOSPITAL GROUP  INC,2013-11,1,1184.50,1134.50,50.00,1184.5000000000000000,0.95778809624314056564
952317639554652821,Medicare,50464693234281699,Lynn Community Based Outpatient Clinic (CBOC),2013-11,2,4672.81,3738.23,934.58,2336.4050000000000000,0.79999614792812033873
952317639554652821,Medicare,29154059241288267,DR JOHN C CORRIGAN MENTAL HEALTH CENTER,2013-12,1,1250.85,1000.68,250.17,1250.8500000000000000,0.80000000000000000000
467436209270504951,Humana,137002283324145083,STURDY MEMORIAL HOSPITAL INC,2013-12,1,1005.38,1005.38,0.00,1005.3800000000000000,1.00000000000000000000
467436209270504951,Humana,41581407780620585,WHITTIER REHABILITATION HOSPITAL - BRADFORD,2014-01,1,85.55,85.55,0.00,85.5500000000000000,1.00000000000000000000
952317639554652821,Medicare,50464693234281699,Lynn Community Based Outpatient Clinic (CBOC),2014-01,1,2730.98,2102.34,628.64,2730.9800000000000000,0.76981156947322939018
952317639554652821,Medicare,389966452681632557,BETH ISRAEL DEACONESS HOSPITAL-NEEDHAM  INC.,2014-02,1,85.55,68.44,17.11,85.5500000000000000,0.80000000000000000000
645688281511686373,UnitedHealthcare,476697113556229311,BETH ISRAEL DEACONESS HOSPITAL MILTON INC,2014-02,1,85.55,85.55,0.00,85.5500000000000000,1.00000000000000000000
38194544675647776,Medicaid,801031929336468325,BROCKTON HOSPITAL  INC.,2014-02,1,85.55,15.49,70.06,85.5500000000000000,0.18106370543541788428
746113169580368645,Anthem,392549857133219292,CAPE COD HOSPITAL INC,2014-02,1,85.55,68.44,17.11,85.5500000000000000,0.80000000000000000000
952317639554652821,Medicare,29154059241288267,DR JOHN C CORRIGAN MENTAL HEALTH CENTER,2014-02,1,85.55,68.44,17.11,85.5500000000000000,0.80000000000000000000
278663187212707114,NO_INSURANCE,410915144747947572,COOLEY DICKINSON HOSPITAL INC,2014-02,1,85.55,0.00,85.55,85.5500000000000000,0E-20
952317639554652821,Medicare,160559015988030201,HEALTHFIRST FAMILY CARE CENTER INC,2014-02,1,704.20,563.36,140.84,704.2000000000000000,0.80000000000000000000
645688281511686373,UnitedHealthcare,38279960638745704,SOUTHCOAST HOSPITALS GROUP INC,2014-02,1,85.55,68.44,17.11,85.5500000000000000,0.80000000000000000000
952317639554652821,Medicare,815218868737845247,Causeway OPC,2014-02,1,85.55,68.44,17.11,85.5500000000000000,0.80000000000000000000
357555573157303140,Blue Cross Blue Shield,93679773638781409,TUFTS MEDICAL CENTER,2014-02,1,85.55,0.00,85.55,85.5500000000000000,0E-20
38194544675647776,Medicaid,1031243542611916810,ENCOMPASS HEALTH REHABILITATION HOSP OF NEW ENGLAN,2014-03,3,1176.48,1026.48,150.00,392.1600000000000000,0.87250101999184006528
952317639554652821,Medicare,29154059241288267,DR JOHN C CORRIGAN MENTAL HEALTH CENTER,2014-03,1,4575.68,3660.54,915.14,4575.6800000000000000,0.79999912581299391566
952317639554652821,Medicare,815218868737845247,Causeway OPC,2014-03,1,85.55,68.44,17.11,85.5500000000000000,0.80000000000000000000
38194544675647776,Medicaid,264175530648959689,SIGNATURE HEALTHCARE MEDICAL GROUP INC,2014-03,1,1567.00,1567.00,0.00,1567.0000000000000000,1.00000000000000000000
952317639554652821,Medicare,50464693234281699,Lynn Community Based Outpatient Clinic (CBOC),2014-03,1,815.27,652.20,163.07,815.2700000000000000,0.79998037459982582457
952317639554652821,Medicare,29154059241288267,DR JOHN C CORRIGAN MENTAL HEALTH CENTER,2014-04,1,85.55,68.44,17.11,85.5500000000000000,0.80000000000000000000
645688281511686373,UnitedHealthcare,38279960638745704,SOUTHCOAST HOSPITALS GROUP INC,2014-04,2,11494.30,9195.43,2298.87,5747.1500000000000000,0.79999913000356698538
952317639554652821,Medicare,814284400183858824,PRIMARY CARE NORTH PC,2014-04,1,1210.18,781.74,428.44,1210.1800000000000000,0.64597002098861326414
952317639554652821,Medicare,469245621271018320,LYNN URGENT CARE LLC,2014-04,3,2036.34,1629.02,407.32,678.7800000000000000,0.79997446398931416168
357555573157303140,Blue Cross Blue Shield,93679773638781409,TUFTS MEDICAL CENTER,2014-04,1,85.55,59.88,25.67,85.5500000000000000,0.69994155464640561075
746113169580368645,Anthem,392549857133219292,CAPE COD HOSPITAL INC,2014-04,1,85.55,68.44,17.11,85.5500000000000000,0.80000000000000000000
952317639554652821,Medicare,723111811226363721,CHESTNUT WOODS REHABILITATION AND HEALTHCARE CTR,2014-04,1,295.34,236.26,59.08,295.3400000000000000,0.79995936886300534977
1038854080955376456,Cigna Health,651473276246308486,GREATER LAWRENCE FAMILY HEALTH CENTER INC,2014-04,1,919.90,0.00,919.90,919.9000000000000000,0E-20
38194544675647776,Medicaid,801031929336468325,BROCKTON HOSPITAL  INC.,2014-04,1,85.55,35.55,50.00,85.5500000000000000,0.41554646405610753945
467436209270504951,Humana,244544338078735615,TEWKSBURY HOSPITAL,2014-05,1,85.55,0.00,85.55,85.5500000000000000,0E-20
952317639554652821,Medicare,50464693234281699,Lynn Community Based Outpatient Clinic (CBOC),2014-05,3,5783.02,4626.40,1156.62,1927.6733333333333333,0.79999723327949756356
952317639554652821,Medicare,29154059241288267,DR JOHN C CORRIGAN MENTAL HEALTH CENTER,2014-05,1,142.58,114.06,28.52,142.5800000000000000,0.79997194557441436387
952317639554652821,Medicare,469245621271018320,LYNN URGENT CARE LLC,2014-05,1,507.44,405.94,101.50,507.4400000000000000,0.79997635188396657733
645688281511686373,UnitedHealthcare,38279960638745704,SOUTHCOAST HOSPITALS GROUP INC,2014-05,1,1443.68,1154.94,288.74,1443.6800000000000000,0.79999722930289260778
952317639554652821,Medicare,389966452681632557,BETH ISRAEL DEACONESS HOSPITAL-NEEDHAM  INC.,2014-06,1,2730.98,2184.78,546.20,2730.9800000000000000,0.79999853532431581337
467436209270504951,Humana,741458505160782152,LOWELL COMMUNITY HEALTH CENTER,2014-06,1,919.90,0.00,919.90,919.9000000000000000,0E-20
645688281511686373,UnitedHealthcare,44500129533123678,SOUTHCOAST HOSPITALS GROUP INC,2014-06,1,142.58,114.06,28.52,142.5800000000000000,0.79997194557441436387
952317639554652821,Medicare,29154059241288267,DR JOHN C CORRIGAN MENTAL HEALTH CENTER,2014-06,1,1250.85,1000.68,250.17,1250.8500000000000000,0.80000000000000000000
211105773257762680,Aetna,744977654436978746,THE LOWELL GENERAL HOSPITAL,2014-07,1,92.93,0.00,92.93,92.9300000000000000,0E-20
38194544675647776,Medicaid,132019786462314408,DAVIS SQUARE FAMILY PRACTICE,2014-08,1,1177.97,1077.97,100.00,1177.9700000000000000,0.91510819460597468526
645688281511686373,UnitedHealthcare,38279960638745704,SOUTHCOAST HOSPITALS GROUP INC,2014-08,4,8414.90,5565.52,2849.38,2103.7250000000000000,0.66138872713876576073
645688281511686373,UnitedHealthcare,654094879719975440,BARRINGTON URGENT CARE PC,2014-08,1,1000.26,800.20,200.06,1000.2600000000000000,0.79999200207945934057
952317639554652821,Medicare,50464693234281699,Lynn Community Based Outpatient Clinic (CBOC),2014-09,1,951.27,761.00,190.27,951.2700000000000000,0.79998318037991316871
645688281511686373,UnitedHealthcare,38279960638745704,SOUTHCOAST HOSPITALS GROUP INC,2014-09,1,1227.58,982.06,245.52,1227.5800000000000000,0.79999674155655843204
645688281511686373,UnitedHealthcare,407314214986713425,KINDRED  HOSPICE,2014-09,1,10491.13,8392.90,2098.23,10491.1300000000000000,0.79999961872553290256
952317639554652821,Medicare,29154059241288267,DR JOHN C CORRIGAN MENTAL HEALTH CENTER,2014-09,1,1250.85,814.28,436.57,1250.8500000000000000,0.65098133269376823760
38194544675647776,Medicaid,801031929336468325,BROCKTON HOSPITAL  INC.,2014-10,1,85.55,35.55,50.00,85.5500000000000000,0.41554646405610753945
645688281511686373,UnitedHealthcare,38279960638745704,SOUTHCOAST HOSPITALS GROUP INC,2014-10,1,7296.33,5837.06,1459.27,7296.3300000000000000,0.79999945177918213677
645688281511686373,UnitedHealthcare,332886644979055046,MILFORD REGIONAL MEDICAL CENTER,2014-10,1,92.93,74.34,18.59,92.9300000000000000,0.79995695684924136447
357555573157303140,Blue Cross Blue Shield,790885867393293671,DUTTON FAMILY CARE ASSOCIATES LLP,2014-10,1,778.78,0.00,778.78,778.7800000000000000,0E-20
952317639554652821,Medicare,389966452681632557,BETH ISRAEL DEACONESS HOSPITAL-NEEDHAM  INC.,2014-10,1,2319.26,1855.38,463.88,2319.2600000000000000,0.79998792718367065357
952317639554652821,Medicare,395615810080261442,ANNA JAQUES HOSPITAL SUBACUTE UNIT,2014-11,1,652.95,522.36,130.59,652.9500000000000000,0.80000000000000000000
645688281511686373,UnitedHealthcare,38279960638745704,SOUTHCOAST HOSPITALS GROUP INC,2014-11,1,15801.58,12641.26,3160.32,15801.5800000000000000,0.79999974686075696228
38194544675647776,Medicaid,29818448345197287,GREATER LAWRENCE FAMILY HEALTH CENTER INC,2014-12,1,704.20,604.20,100.00,704.2000000000000000,0.85799488781596137461
38194544675647776,Medicaid,969560228442772145,FAMILY PRACTICE GROUP PC,2014-12,1,914.78,814.78,100.00,914.7800000000000000,0.89068409890902730711
645688281511686373,UnitedHealthcare,472226794892644975,HAVERHILL FAMILY OFFICE LLC,2014-12,1,347.38,0.00,347.38,347.3800000000000000,0E-20
952317639554652821,Medicare,29154059241288267,DR JOHN C CORRIGAN MENTAL HEALTH CENTER,2014-12,1,1692.64,1354.11,338.53,1692.6400000000000000,0.79999881841383873712
645688281511686373,UnitedHealthcare,38279960638745704,SOUTHCOAST HOSPITALS GROUP INC,2014-12,1,17561.40,17561.40,0.00,17561.4000000000000000,1.00000000000000000000
952317639554652821,Medicare,363458983347729064,Fitchburg Outpatient Clinic,2015-01,2,52429.06,41943.22,10485.84,26214.530000000000,0.79999946594503124794
952317639554652821,Medicare,50464693234281699,Lynn Community Based Outpatient Clinic (CBOC),2015-01,2,4352.02,4188.95,163.07,2176.0100000000000000,0.96253004352002058814
645688281511686373,UnitedHealthcare,38279960638745704,SOUTHCOAST HOSPITALS GROUP INC,2015-01,1,15344.80,15344.80,0.00,15344.8000000000000000,1.00000000000000000000
952317639554652821,Medicare,102665420104747686,MASS GENERAL BRIGHAM URGENT CARE LLC,2015-01,1,1438.46,1150.76,287.70,1438.4600000000000000,0.79999443849672566495
746113169580368645,Anthem,846294596561620579,WESTFORD INTERNAL MEDICINE PC,2015-01,1,816.80,0.00,816.80,816.8000000000000000,0E-20
952317639554652821,Medicare,50464693234281699,Lynn Community Based Outpatient Clinic (CBOC),2015-02,1,2730.98,2730.98,0.00,2730.9800000000000000,1.00000000000000000000
645688281511686373,UnitedHealthcare,38279960638745704,SOUTHCOAST HOSPITALS GROUP INC,2015-02,1,5355.80,5355.80,0.00,5355.8000000000000000,1.00000000000000000000
38194544675647776,Medicaid,405686286755502306,BERKSHIRE MEDICAL CENTER INC,2015-02,1,92.93,42.93,50.00,92.9300000000000000,0.46196061551705584849
952317639554652821,Medicare,1004911430399121778,CLIFTON HOSPICE SERVICES  LLC,2015-02,1,11353.93,9083.14,2270.79,11353.9300000000000000,0.79999964769907864502
467436209270504951,Humana,202198446605600451,STANLEY STREET TREATMENT AND RESOURCES  INC,2015-03,1,778.78,0.00,778.78,778.7800000000000000,0E-20
645688281511686373,UnitedHealthcare,38279960638745704,SOUTHCOAST HOSPITALS GROUP INC,2015-03,1,19018.70,19018.70,0.00,19018.7000000000000000,1.00000000000000000000
467436209270504951,Humana,388004395279080639,URGENT HELP CHELMSFORD PC,2015-03,1,925.68,555.41,370.27,925.6800000000000000,0.60000216057384841414
952317639554652821,Medicare,160559015988030201,HEALTHFIRST FAMILY CARE CENTER INC,2015-03,1,211.38,169.10,42.28,211.3800000000000000,0.79998107673384426152
952317639554652821,Medicare,376833142676655002,HOLISTIC FAMILY PRACTICE  INC.,2015-03,1,799.06,639.25,159.81,799.0600000000000000,0.80000250294095562286
467436209270504951,Humana,520806008221098162,FIRST PSYCHIATRIC PLANNERS  INC,2015-03,1,652.95,0.00,652.95,652.9500000000000000,0E-20
38194544675647776,Medicaid,741150468608293787,CLASSIC HEALTHCARE MEDICAL GROUP LLC,2015-04,1,1186.78,1125.30,61.48,1186.7800000000000000,0.94819595881292236135
1038854080955376456,Cigna Health,924438841780828326,CENTER FOR DIGESTIVE WELLNESS PC,2015-04,1,272.80,0.00,272.80,272.8000000000000000,0E-20
38194544675647776,Medicaid,264175530648959689,SIGNATURE HEALTHCARE MEDICAL GROUP INC,2015-04,1,1139.50,1139.50,0.00,1139.5000000000000000,1.00000000000000000000
952317639554652821,Medicare,814284400183858824,PRIMARY CARE NORTH PC,2015-04,1,778.78,436.62,342.16,778.7800000000000000,0.56064613883253293613
952317639554652821,Medicare,469245621271018320,LYNN URGENT CARE LLC,2015-05,1,872.30,872.30,0.00,872.3000000000000000,1.00000000000000000000
467436209270504951,Humana,919548777387151765,SOUTH SHORE CENTER FOR WELLNESS LTD,2015-05,1,914.78,0.00,914.78,914.7800000000000000,0E-20
952317639554652821,Medicare,50464693234281699,Lynn Community Based Outpatient Clinic (CBOC),2015-05,2,6227.95,6227.95,0.00,3113.9750000000000000,1.00000000000000000000
211105773257762680,Aetna,721972786242253874,BOSTON MEDICAL CENTER CORPORATION-,2015-05,1,516.95,0.00,516.95,516.9500000000000000,0E-20
467436209270504951,Humana,741458505160782152,LOWELL COMMUNITY HEALTH CENTER,2015-06,1,783.90,0.00,783.90,783.9000000000000000,0E-20
645688281511686373,UnitedHealthcare,44500129533123678,SOUTHCOAST HOSPITALS GROUP INC,2015-06,1,142.58,142.58,0.00,142.5800000000000000,1.00000000000000000000
38194544675647776,Medicaid,587757060655614946,CLARITY HEALTH & WELLNESS LLC,2015-07,1,1182.12,1182.12,0.00,1182.1200000000000000,1.00000000000000000000
357555573157303140,Blue Cross Blue Shield,160559015988030201,HEALTHFIRST FAMILY CARE CENTER INC,2015-09,1,914.78,0.00,914.78,914.7800000000000000,0E-20
38194544675647776,Medicaid,544412707586716213,FAIRVIEW HOSPITAL,2015-09,1,1567.00,1467.00,100.00,1567.0000000000000000,0.93618379068283343969
645688281511686373,UnitedHealthcare,476697113556229311,BETH ISRAEL DEACONESS HOSPITAL MILTON INC,2015-09,1,10435.50,10435.50,0.00,10435.5000000000000000,1.00000000000000000000
952317639554652821,Medicare,658306035533165929,VMD PRIMARY PROVIDERS MASSACHUSETTS PLLC,2015-09,1,1002.96,615.96,387.00,1002.9600000000000000,0.61414213926776740847
467436209270504951,Humana,654096641582644263,BL HEALTHCARE INC DELEWARE,2015-10,1,785.58,471.35,314.23,785.5800000000000000,0.60000254588966114209
746113169580368645,Anthem,109016295863276866,FAMILY SERVICE ASSOCIATION OF GREATER FALL RIVER INC,2015-10,1,272.80,0.00,272.80,272.8000000000000000,0E-20
357555573157303140,Blue Cross Blue Shield,790885867393293671,DUTTON FAMILY CARE ASSOCIATES LLP,2015-10,1,778.78,0.00,778.78,778.7800000000000000,0E-20
952317639554652821,Medicare,363458983347729064,Fitchburg Outpatient Clinic,2015-10,2,9572.30,7657.82,1914.48,4786.1500000000000000,0.79999791063798669076
952317639554652821,Medicare,395615810080261442,ANNA JAQUES HOSPITAL SUBACUTE UNIT,2015-11,1,142.58,114.06,28.52,142.5800000000000000,0.79997194557441436387
645688281511686373,UnitedHealthcare,476697113556229311,BETH ISRAEL DEACONESS HOSPITAL MILTON INC,2015-11,1,732.65,732.65,0.00,732.6500000000000000,1.00000000000000000000
38194544675647776,Medicaid,1053862909723414558,COMPASSIONATE HEALTH CARE GROUP LLC,2015-11,1,1001.28,901.28,100.00,1001.2800000000000000,0.90012783636944710770
952317639554652821,Medicare,389966452681632557,BETH ISRAEL DEACONESS HOSPITAL-NEEDHAM  INC.,2015-11,1,985.50,788.40,197.10,985.5000000000000000,0.80000000000000000000
952317639554652821,Medicare,815218868737845247,Causeway OPC,2015-11,1,2011.56,1609.24,402.32,2011.5600000000000000,0.79999602298713436338
1038854080955376456,Cigna Health,814284400183858824,PRIMARY CARE NORTH PC,2015-11,1,1125.36,0.00,1125.36,1125.3600000000000000,0E-20
952317639554652821,Medicare,50464693234281699,Lynn Community Based Outpatient Clinic (CBOC),2015-11,1,1781.91,1781.91,0.00,1781.9100000000000000,1.00000000000000000000
467436209270504951,Humana,679818074188163933,ARBOUR-FULLER HOSPITAL,2016-01,1,7867.95,4720.77,3147.18,7867.9500000000000000,0.60000000000000000000
746113169580368645,Anthem,969560228442772145,FAMILY PRACTICE GROUP PC,2016-01,1,816.80,0.00,816.80,816.8000000000000000,0E-20
38194544675647776,Medicaid,969560228442772145,FAMILY PRACTICE GROUP PC,2016-01,1,778.78,678.78,100.00,778.7800000000000000,0.87159403169059297876
952317639554652821,Medicare,363458983347729064,Fitchburg Outpatient Clinic,2016-02,1,1444.46,1155.57,288.89,1444.4600000000000000,0.80000138460047353336
467436209270504951,Humana,58830663438005741,SUNRISE HEALTHCARE LLC,2016-02,1,947.41,0.00,947.41,947.4100000000000000,0E-20
952317639554652821,Medicare,50464693234281699,Lynn Community Based Outpatient Clinic (CBOC),2016-02,3,8808.60,7046.86,1761.74,2936.2000000000000000,0.79999772949163317667
952317639554652821,Medicare,623047219859228790,GARDEN STATE HEALTHCARE ASSOCIATES LLC,2016-02,1,1432.68,961.20,471.48,1432.6800000000000000,0.67091046151268950498
445788698227523135,Dual Eligible,164982158369714689,A&A HEALTHCARE LLC,2016-03,1,792.38,792.38,0.00,792.3800000000000000,1.00000000000000000000
952317639554652821,Medicare,395615810080261442,ANNA JAQUES HOSPITAL SUBACUTE UNIT,2016-03,1,85.55,68.44,17.11,85.5500000000000000,0.80000000000000000000
952317639554652821,Medicare,376833142676655002,HOLISTIC FAMILY PRACTICE  INC.,2016-03,1,919.90,735.92,183.98,919.9000000000000000,0.80000000000000000000
467436209270504951,Humana,244544338078735615,TEWKSBURY HOSPITAL,2016-03,1,142.58,0.00,142.58,142.5800000000000000,0E-20
952317639554652821,Medicare,50464693234281699,Lynn Community Based Outpatient Clinic (CBOC),2016-03,1,964.43,771.52,192.91,964.4300000000000000,0.79997511483466918283
952317639554652821,Medicare,50464693234281699,Lynn Community Based Outpatient Clinic (CBOC),2016-04,1,85.55,68.44,17.11,85.5500000000000000,0.80000000000000000000
952317639554652821,Medicare,723111811226363721,CHESTNUT WOODS REHABILITATION AND HEALTHCARE CTR,2016-04,1,295.34,236.26,59.08,295.3400000000000000,0.79995936886300534977
38194544675647776,Medicaid,264175530648959689,SIGNATURE HEALTHCARE MEDICAL GROUP INC,2016-04,1,860.16,860.16,0.00,860.1600000000000000,1.00000000000000000000
952317639554652821,Medicare,469245621271018320,LYNN URGENT CARE LLC,2016-04,1,872.30,697.82,174.48,872.3000000000000000,0.79997707210821964920
952317639554652821,Medicare,469245621271018320,LYNN URGENT CARE LLC,2016-05,2,1164.04,931.20,232.84,582.0200000000000000,0.79997250953575478506
952317639554652821,Medicare,50464693234281699,Lynn Community Based Outpatient Clinic (CBOC),2016-05,2,2759.50,2207.60,551.90,1379.7500000000000000,0.80000000000000000000
357555573157303140,Blue Cross Blue Shield,683258316057948949,STEWARD ST. ANNES HOSPITAL CORPORATION,2016-05,1,142.58,0.00,142.58,142.5800000000000000,0E-20
38194544675647776,Medicaid,410915144747947572,COOLEY DICKINSON HOSPITAL INC,2016-05,1,2092.95,2042.95,50.00,2092.9500000000000000,0.97611027497073508684
952317639554652821,Medicare,395615810080261442,ANNA JAQUES HOSPITAL SUBACUTE UNIT,2016-05,1,85.55,68.44,17.11,85.5500000000000000,0.80000000000000000000
952317639554652821,Medicare,1100386330438199965,WALTHAM WESTON INTERNAL MEDICINE ASSOCIATES  P.C.,2016-05,1,927.94,742.34,185.60,927.9400000000000000,0.79998706812940491842
952317639554652821,Medicare,469245621271018320,LYNN URGENT CARE LLC,2016-06,2,1164.04,931.20,232.84,582.0200000000000000,0.79997250953575478506
467436209270504951,Humana,741458505160782152,LOWELL COMMUNITY HEALTH CENTER,2016-06,1,840.20,0.00,840.20,840.2000000000000000,0E-20
467436209270504951,Humana,679818074188163933,ARBOUR-FULLER HOSPITAL,2016-06,1,142.58,142.58,0.00,142.5800000000000000,1.00000000000000000000
38194544675647776,Medicaid,1031243542611916810,ENCOMPASS HEALTH REHABILITATION HOSP OF NEW ENGLAN,2016-06,1,9609.74,9559.74,50.00,9609.7400000000000000,0.99479694559894440432
467436209270504951,Humana,654094879719975440,BARRINGTON URGENT CARE PC,2016-06,1,865.94,0.00,865.94,865.9400000000000000,0E-20
952317639554652821,Medicare,723111811226363721,CHESTNUT WOODS REHABILITATION AND HEALTHCARE CTR,2016-06,1,295.34,236.26,59.08,295.3400000000000000,0.79995936886300534977
38194544675647776,Medicaid,1108258114602746895,CAMBRIDGE REHABILITATION & NURSING CENTER,2016-06,1,87.71,37.71,50.00,87.7100000000000000,0.42993957359480104891
38194544675647776,Medicaid,1003634539940818261,CHARLES RIVER COMMUNITY HEALTH  INC,2016-06,1,1567.00,1567.00,0.00,1567.0000000000000000,1.00000000000000000000
1038854080955376456,Cigna Health,694540912856437675,PULMONARY INTERNISTS AND CONSULTANTS PC,2016-06,1,1453.79,0.00,1453.79,1453.7900000000000000,0E-20
211105773257762680,Aetna,249985492892219599,WHITLEY WELLNESS LLC,2016-06,1,568.20,340.92,227.28,568.2000000000000000,0.60000000000000000000
952317639554652821,Medicare,44500129533123678,SOUTHCOAST HOSPITALS GROUP INC,2016-06,1,4052.91,3242.32,810.59,4052.9100000000000000,0.79999802610963480561
467436209270504951,Humana,334510102683813647,BOSTON MEDICAL CENTER CORPORATION-,2016-06,1,816.80,0.00,816.80,816.8000000000000000,0E-20
467436209270504951,Humana,137002283324145083,STURDY MEMORIAL HOSPITAL INC,2016-06,1,250.35,250.35,0.00,250.3500000000000000,1.00000000000000000000
38194544675647776,Medicaid,132019786462314408,DAVIS SQUARE FAMILY PRACTICE,2016-06,1,704.20,704.20,0.00,704.2000000000000000,1.00000000000000000000
952317639554652821,Medicare,50464693234281699,Lynn Community Based Outpatient Clinic (CBOC),2016-06,1,1279.40,1023.50,255.90,1279.4000000000000000,0.79998436767234641238
952317639554652821,Medicare,50464693234281699,Lynn Community Based Outpatient Clinic (CBOC),2016-07,1,3105.35,2484.28,621.07,3105.3500000000000000,0.80000000000000000000
278663187212707114,NO_INSURANCE,556944320275034302,PARADIGM HEALTHCARE  PC,2016-07,1,1140.38,0.00,1140.38,1140.3800000000000000,0E-20
467436209270504951,Humana,76613554195130854,TREE OF LIFE HEALTHCARE ASSOCIATES,2016-07,1,704.20,0.00,704.20,704.2000000000000000,0E-20
467436209270504951,Humana,484606205110823681,FAMILY MEDICINE ASSOCIATES OF SOUTH ATTLEBORO  P.C.,2016-07,1,488.50,0.00,488.50,488.5000000000000000,0E-20
211105773257762680,Aetna,744977654436978746,THE LOWELL GENERAL HOSPITAL,2016-07,1,85.55,0.00,85.55,85.5500000000000000,0E-20
746113169580368645,Anthem,288384166086759286,MEDFORD REHABILITATION AND NURSING CENTER,2016-08,1,1008.98,0.00,1008.98,1008.9800000000000000,0E-20
211105773257762680,Aetna,721972786242253874,BOSTON MEDICAL CENTER CORPORATION-,2016-08,1,948.35,569.01,379.34,948.3500000000000000,0.60000000000000000000
211105773257762680,Aetna,469245621271018320,LYNN URGENT CARE LLC,2016-08,1,278.58,167.15,111.43,278.5800000000000000,0.60000717926627898629
38194544675647776,Medicaid,1041112530090421261,SACHEM CENTER FOR HEALTH & REHABILITATION,2016-08,1,146.18,96.18,50.00,146.1800000000000000,0.65795594472568066767
467436209270504951,Humana,334510102683813647,BOSTON MEDICAL CENTER CORPORATION-,2016-08,1,1032.50,0.00,1032.50,1032.5000000000000000,0E-20
38194544675647776,Medicaid,1031243542611916810,ENCOMPASS HEALTH REHABILITATION HOSP OF NEW ENGLAN,2016-08,1,5263.67,5213.67,50.00,5263.6700000000000000,0.99050092426006949524
211105773257762680,Aetna,744977654436978746,THE LOWELL GENERAL HOSPITAL,2016-08,1,2544.44,0.00,2544.44,2544.4400000000000000,0E-20
38194544675647776,Medicaid,132019786462314408,DAVIS SQUARE FAMILY PRACTICE,2016-09,1,1075.86,975.86,100.00,1075.8600000000000000,0.90705110330340378860
467436209270504951,Humana,433837020145504394,ZANJABEE INTEGRATIVE MEDICINE AND PRIMARY CARE LLC,2016-09,1,853.36,0.00,853.36,853.3600000000000000,0E-20
38194544675647776,Medicaid,544412707586716213,FAIRVIEW HOSPITAL,2016-09,1,704.20,604.20,100.00,704.2000000000000000,0.85799488781596137461
38194544675647776,Medicaid,1031243542611916810,ENCOMPASS HEALTH REHABILITATION HOSP OF NEW ENGLAN,2016-09,2,31182.19,31082.19,100.00,15591.095000000000,0.99679304115586493444
467436209270504951,Humana,520806008221098162,FIRST PSYCHIATRIC PLANNERS  INC,2016-09,1,3536.75,0.00,3536.75,3536.7500000000000000,0E-20
38194544675647776,Medicaid,520806008221098162,FIRST PSYCHIATRIC PLANNERS  INC,2016-09,1,205.71,155.71,50.00,205.7100000000000000,0.75693938068154197657
645688281511686373,UnitedHealthcare,703727186913582450,ASSOCIATED INTERNISTS OF RANDOLPH  INC.,2016-09,1,778.78,0.00,778.78,778.7800000000000000,0E-20
746113169580368645,Anthem,420221548349436151,MOUNT AUBURN HOSPITAL,2016-10,1,85.55,0.00,85.55,85.5500000000000000,0E-20
38194544675647776,Medicaid,405686286755502306,BERKSHIRE MEDICAL CENTER INC,2016-10,1,2673.95,2623.95,50.00,2673.9500000000000000,0.98130107144860599488
38194544675647776,Medicaid,719406762791431727,BRIARWOOD REHABILITATION & HEALTHCARE CENTER,2016-10,1,5308.14,5258.14,50.00,5308.1400000000000000,0.99058050465888239572
38194544675647776,Medicaid,863914350920536272,WILLIAMSTOWN COMMONS NURSING & REHAB,2016-10,1,1008.98,958.98,50.00,1008.9800000000000000,0.95044500386528969851
38194544675647776,Medicaid,1019687989557003706,PATRIOT URGENT CARE PROFESSIONALS PC,2016-10,1,573.98,523.98,50.00,573.9800000000000000,0.91288895083452385101
38194544675647776,Medicaid,1031243542611916810,ENCOMPASS HEALTH REHABILITATION HOSP OF NEW ENGLAN,2016-10,1,5263.67,5213.67,50.00,5263.6700000000000000,0.99050092426006949524
211105773257762680,Aetna,924438841780828326,CENTER FOR DIGESTIVE WELLNESS PC,2016-10,1,136.80,0.00,136.80,136.8000000000000000,0E-20
357555573157303140,Blue Cross Blue Shield,557025406090317911,DILIGENCEHEALTHCARE,2016-10,1,347.38,0.00,347.38,347.3800000000000000,0E-20
467436209270504951,Humana,137002283324145083,STURDY MEMORIAL HOSPITAL INC,2016-10,1,2255.08,0.00,2255.08,2255.0800000000000000,0E-20
467436209270504951,Humana,654096641582644263,BL HEALTHCARE INC DELEWARE,2016-10,1,649.58,0.00,649.58,649.5800000000000000,0E-20
645688281511686373,UnitedHealthcare,476697113556229311,BETH ISRAEL DEACONESS HOSPITAL MILTON INC,2016-10,2,5281.86,4002.99,1278.87,2640.9300000000000000,0.75787506673785371062
746113169580368645,Anthem,109016295863276866,FAMILY SERVICE ASSOCIATION OF GREATER FALL RIVER INC,2016-10,1,1248.20,0.00,1248.20,1248.2000000000000000,0E-20
952317639554652821,Medicare,50464693234281699,Lynn Community Based Outpatient Clinic (CBOC),2016-10,4,2566.95,2053.56,513.39,641.7375000000000000,0.80000000000000000000
952317639554652821,Medicare,332886644979055046,MILFORD REGIONAL MEDICAL CENTER,2016-10,1,85.55,0.00,85.55,85.5500000000000000,0E-20
952317639554652821,Medicare,50464693234281699,Lynn Community Based Outpatient Clinic (CBOC),2016-11,11,6313.62,5050.90,1262.72,573.9654545454545455,0.80000063355095808744
357555573157303140,Blue Cross Blue Shield,93679773638781409,TUFTS MEDICAL CENTER,2016-11,1,4830.95,1168.66,3662.29,4830.9500000000000000,0.24191101129177490970
38194544675647776,Medicaid,565804414476228962,FRANCISCAN HOSPITAL FOR CHILDREN INC,2016-11,3,3227.66,3077.66,150.00,1075.8866666666666667,0.95352670355613664388
952317639554652821,Medicare,39538555446517326,VNA & HOSPICE OF GREATER MILFORD,2016-11,1,17324.87,13769.14,3555.73,17324.8700000000000000,0.79476151913405410834
357555573157303140,Blue Cross Blue Shield,790885867393293671,DUTTON FAMILY CARE ASSOCIATES LLP,2016-11,1,1078.69,0.00,1078.69,1078.6900000000000000,0E-20
38194544675647776,Medicaid,396031016204066515,LYNN COMMUNITY HEALTH,2016-11,1,272.80,172.80,100.00,272.8000000000000000,0.63343108504398826979
467436209270504951,Humana,334510102683813647,BOSTON MEDICAL CENTER CORPORATION-,2016-11,1,816.80,0.00,816.80,816.8000000000000000,0E-20
645688281511686373,UnitedHealthcare,866549107229357074,HOPKINTON MEDICAL CARE  P.C.,2016-11,1,488.50,390.80,97.70,488.5000000000000000,0.80000000000000000000
746113169580368645,Anthem,44500129533123678,SOUTHCOAST HOSPITALS GROUP INC,2016-11,1,5262.35,4145.99,1116.36,5262.3500000000000000,0.78785903636208157952
211105773257762680,Aetna,721972786242253874,BOSTON MEDICAL CENTER CORPORATION-,2016-11,1,142.58,85.55,57.03,142.5800000000000000,0.60001402721279281807
38194544675647776,Medicaid,1031243542611916810,ENCOMPASS HEALTH REHABILITATION HOSP OF NEW ENGLAN,2016-11,1,20626.96,20576.96,50.00,20626.960000000000,0.99757598793035910284
38194544675647776,Medicaid,909182873596142954,SOUTHCOAST HOSPITAL GROUP  INC,2016-11,2,3190.90,3090.90,100.00,1595.4500000000000000,0.96866087937572471716
38194544675647776,Medicaid,1053862909723414558,COMPASSIONATE HEALTH CARE GROUP LLC,2016-11,1,1858.96,1758.96,100.00,1858.9600000000000000,0.94620648104316391961
952317639554652821,Medicare,50464693234281699,Lynn Community Based Outpatient Clinic (CBOC),2016-12,11,8434.44,6747.56,1686.88,766.7672727272727273,0.80000094849213462897
38194544675647776,Medicaid,29818448345197287,GREATER LAWRENCE FAMILY HEALTH CENTER INC,2016-12,1,755.38,655.38,100.00,755.3800000000000000,0.86761629908125711562
467436209270504951,Humana,137002283324145083,STURDY MEMORIAL HOSPITAL INC,2016-12,2,285.16,171.10,114.06,142.5800000000000000,0.60001402721279281807
211105773257762680,Aetna,721972786242253874,BOSTON MEDICAL CENTER CORPORATION-,2016-12,1,85.55,51.33,34.22,85.5500000000000000,0.60000000000000000000
467436209270504951,Humana,636964980173115292,COMFORT HOME CARE  LLC,2016-12,1,146.18,0.00,146.18,146.1800000000000000,0E-20
952317639554652821,Medicare,815218868737845247,Causeway OPC,2016-12,2,4315.53,3452.42,863.11,2157.7650000000000000,0.79999907311500557290
952317639554652821,Medicare,39538555446517326,VNA & HOSPICE OF GREATER MILFORD,2016-12,1,8273.23,6618.58,1654.65,8273.2300000000000000,0.79999951651289762281
645688281511686373,UnitedHealthcare,476697113556229311,BETH ISRAEL DEACONESS HOSPITAL MILTON INC,2016-12,1,142.58,114.06,28.52,142.5800000000000000,0.79997194557441436387
211105773257762680,Aetna,249985492892219599,WHITLEY WELLNESS LLC,2016-12,1,136.80,82.08,54.72,136.8000000000000000,0.60000000000000000000
38194544675647776,Medicaid,1031243542611916810,ENCOMPASS HEALTH REHABILITATION HOSP OF NEW ENGLAN,2016-12,1,20626.96,20576.96,50.00,20626.960000000000,0.99757598793035910284
467436209270504951,Humana,740843053744993432,BRIGHAM AND WOMEN'S FAULKNER HOSPITAL  INC.,2017-01,1,5262.35,1.49,5260.86,5262.3500000000000000,0.00028314346252149705
38194544675647776,Medicaid,719406762791431727,BRIARWOOD REHABILITATION & HEALTHCARE CENTER,2017-01,1,20794.05,20744.05,50.00,20794.050000000000,0.99759546601070979439
645688281511686373,UnitedHealthcare,472226794892644975,HAVERHILL FAMILY OFFICE LLC,2017-01,1,704.20,0.00,704.20,704.2000000000000000,0E-20
38194544675647776,Medicaid,520806008221098162,FIRST PSYCHIATRIC PLANNERS  INC,2017-01,2,7504.90,7404.90,100.00,3752.4500000000000000,0.98667537209023438020
38194544675647776,Medicaid,1031243542611916810,ENCOMPASS HEALTH REHABILITATION HOSP OF NEW ENGLAN,2017-01,2,13076.88,12976.88,100.00,6538.4400000000000000,0.99235291598607618943
952317639554652821,Medicare,50464693234281699,Lynn Community Based Outpatient Clinic (CBOC),2017-01,15,77625.85,61937.66,15688.19,5175.0566666666666667,0.79789992637761776522
1038854080955376456,Cigna Health,340901791751100142,WP ACQUISITION SUB LLC,2017-01,1,142.58,0.00,142.58,142.5800000000000000,0E-20
467436209270504951,Humana,137002283324145083,STURDY MEMORIAL HOSPITAL INC,2017-01,1,3469.87,2081.92,1387.95,3469.8700000000000000,0.59999942360953004003
467436209270504951,Humana,116650824977762570,MEASURED WELLNESS LLC,2017-01,1,704.20,0.00,704.20,704.2000000000000000,0E-20
746113169580368645,Anthem,969560228442772145,FAMILY PRACTICE GROUP PC,2017-01,1,637.54,415.69,221.85,637.5400000000000000,0.65202183392414593594
952317639554652821,Medicare,622746900524004548,WHITTIER REHABILTATION HOSPITAL,2017-01,1,5138.45,3924.36,1214.09,5138.4500000000000000,0.76372446944117389485
38194544675647776,Medicaid,969560228442772145,FAMILY PRACTICE GROUP PC,2017-01,2,1482.98,1382.98,100.00,741.4900000000000000,0.93256820725835817071
645688281511686373,UnitedHealthcare,340901791751100142,WP ACQUISITION SUB LLC,2017-01,1,4830.95,2802.31,2028.64,4830.9500000000000000,0.58007431250582183628
211105773257762680,Aetna,846294596561620579,WESTFORD INTERNAL MEDICINE PC,2017-01,1,912.25,0.00,912.25,912.2500000000000000,0E-20
467436209270504951,Humana,334510102683813647,BOSTON MEDICAL CENTER CORPORATION-,2017-02,1,999.60,0.00,999.60,999.6000000000000000,0E-20
467436209270504951,Humana,244544338078735615,TEWKSBURY HOSPITAL,2017-02,1,788.95,0.00,788.95,788.9500000000000000,0E-20
952317639554652821,Medicare,389966452681632557,BETH ISRAEL DEACONESS HOSPITAL-NEEDHAM  INC.,2017-02,1,6108.09,4700.07,1408.02,6108.0900000000000000,0.76948276793563945521
952317639554652821,Medicare,39538555446517326,VNA & HOSPICE OF GREATER MILFORD,2017-02,1,87.71,70.17,17.54,87.7100000000000000,0.80002280241705620796
38194544675647776,Medicaid,405686286755502306,BERKSHIRE MEDICAL CENTER INC,2017-02,1,85.55,35.55,50.00,85.5500000000000000,0.41554646405610753945
38194544675647776,Medicaid,1108258114602746895,CAMBRIDGE REHABILITATION & NURSING CENTER,2017-02,1,5308.14,5258.14,50.00,5308.1400000000000000,0.99058050465888239572
952317639554652821,Medicare,623047219859228790,GARDEN STATE HEALTHCARE ASSOCIATES LLC,2017-02,1,1128.52,718.23,410.29,1128.5200000000000000,0.63643533123028391167
38194544675647776,Medicaid,719406762791431727,BRIARWOOD REHABILITATION & HEALTHCARE CENTER,2017-02,1,87.71,0.00,87.71,87.7100000000000000,0E-20
38194544675647776,Medicaid,1031243542611916810,ENCOMPASS HEALTH REHABILITATION HOSP OF NEW ENGLAN,2017-02,1,12114.57,12064.57,50.00,12114.5700000000000000,0.99587273836380490599
952317639554652821,Medicare,50464693234281699,Lynn Community Based Outpatient Clinic (CBOC),2017-02,12,15963.82,12771.04,3192.78,1330.3183333333333333,0.79999899773362515989
467436209270504951,Humana,683258316057948949,STEWARD ST. ANNES HOSPITAL CORPORATION,2017-02,1,943.23,0.00,943.23,943.2300000000000000,0E-20
467436209270504951,Humana,41581407780620585,WHITTIER REHABILITATION HOSPITAL - BRADFORD,2017-03,1,3105.35,0.00,3105.35,3105.3500000000000000,0E-20
467436209270504951,Humana,683258316057948949,STEWARD ST. ANNES HOSPITAL CORPORATION,2017-03,1,504.41,0.00,504.41,504.4100000000000000,0E-20
38194544675647776,Medicaid,719406762791431727,BRIARWOOD REHABILITATION & HEALTHCARE CENTER,2017-03,1,146.18,33.89,112.29,146.1800000000000000,0.23183746066493364345
467436209270504951,Humana,244544338078735615,TEWKSBURY HOSPITAL,2017-03,2,228.13,0.00,228.13,114.0650000000000000,0E-20
467436209270504951,Humana,58830663438005741,SUNRISE HEALTHCARE LLC,2017-03,1,778.78,0.00,778.78,778.7800000000000000,0E-20
1038854080955376456,Cigna Health,363458983347729064,Fitchburg Outpatient Clinic,2017-03,1,948.35,0.00,948.35,948.3500000000000000,0E-20
952317639554652821,Medicare,50464693234281699,Lynn Community Based Outpatient Clinic (CBOC),2017-03,12,28893.00,23114.39,5778.61,2407.7500000000000000,0.79999965389540719205
952317639554652821,Medicare,164982158369714689,A&A HEALTHCARE LLC,2017-03,1,1207.52,966.01,241.51,1207.5200000000000000,0.79999503113820060951
38194544675647776,Medicaid,1031243542611916810,ENCOMPASS HEALTH REHABILITATION HOSP OF NEW ENGLAN,2017-03,1,5263.67,5213.67,50.00,5263.6700000000000000,0.99050092426006949524
952317639554652821,Medicare,1098770971879567184,MIDDLETON FAMILY MEDICINE URGENT CARE  LLC,2017-03,1,1343.84,1075.06,268.78,1343.8400000000000000,0.79999107036551970473
952317639554652821,Medicare,395615810080261442,ANNA JAQUES HOSPITAL SUBACUTE UNIT,2017-03,2,4485.10,3588.08,897.02,2242.5500000000000000,0.80000000000000000000
952317639554652821,Medicare,376833142676655002,HOLISTIC FAMILY PRACTICE  INC.,2017-04,1,994.48,795.58,198.90,994.4800000000000000,0.79999597779744187917
746113169580368645,Anthem,721972786242253874,BOSTON MEDICAL CENTER CORPORATION-,2017-04,1,85.55,0.00,85.55,85.5500000000000000,0E-20
1038854080955376456,Cigna Health,651473276246308486,GREATER LAWRENCE FAMILY HEALTH CENTER INC,2017-04,1,1402.48,0.00,1402.48,1402.4800000000000000,0E-20
467436209270504951,Humana,137002283324145083,STURDY MEMORIAL HOSPITAL INC,2017-04,1,2739.73,1643.84,1095.89,2739.7300000000000000,0.60000072999894150153
952317639554652821,Medicare,39538555446517326,VNA & HOSPICE OF GREATER MILFORD,2017-04,1,7342.86,5874.28,1468.58,7342.8600000000000000,0.79999891050626050340
278663187212707114,NO_INSURANCE,239726299069476648,PERSONALIZED MEDICAL CARE LLC,2017-04,1,1126.28,0.00,1126.28,1126.2800000000000000,0E-20
952317639554652821,Medicare,50464693234281699,Lynn Community Based Outpatient Clinic (CBOC),2017-04,13,14751.95,11801.56,2950.39,1134.7653846153846154,0.80000000000000000000
38194544675647776,Medicaid,801031929336468325,BROCKTON HOSPITAL  INC.,2017-04,1,3968.15,3918.15,50.00,3968.1500000000000000,0.98739966987135062939
211105773257762680,Aetna,924438841780828326,CENTER FOR DIGESTIVE WELLNESS PC,2017-04,1,272.80,0.00,272.80,272.8000000000000000,0E-20
952317639554652821,Medicare,723111811226363721,CHESTNUT WOODS REHABILITATION AND HEALTHCARE CTR,2017-04,1,4476.29,3581.03,895.26,4476.2900000000000000,0.79999955320142350026
38194544675647776,Medicaid,1108258114602746895,CAMBRIDGE REHABILITATION & NURSING CENTER,2017-04,1,6323.03,6273.03,50.00,6323.0300000000000000,0.99209239873921205498
38194544675647776,Medicaid,264175530648959689,SIGNATURE HEALTHCARE MEDICAL GROUP INC,2017-04,1,785.58,785.58,0.00,785.5800000000000000,1.00000000000000000000
278663187212707114,NO_INSURANCE,559102553183312747,HEBREW REHABILITATION CENTER,2017-04,1,3536.75,0.00,3536.75,3536.7500000000000000,0E-20
746113169580368645,Anthem,469245621271018320,LYNN URGENT CARE LLC,2017-04,1,902.28,0.00,902.28,902.2800000000000000,0E-20
952317639554652821,Medicare,814284400183858824,PRIMARY CARE NORTH PC,2017-04,1,5231.29,4185.03,1046.26,5231.2900000000000000,0.79999961768512164304
38194544675647776,Medicaid,1031243542611916810,ENCOMPASS HEALTH REHABILITATION HOSP OF NEW ENGLAN,2017-04,1,5263.67,5213.67,50.00,5263.6700000000000000,0.99050092426006949524
952317639554652821,Medicare,50464693234281699,Lynn Community Based Outpatient Clinic (CBOC),2017-05,10,15112.63,12090.10,3022.53,1511.2630000000000000,0.79999973532072180686
357555573157303140,Blue Cross Blue Shield,683258316057948949,STEWARD ST. ANNES HOSPITAL CORPORATION,2017-05,2,12094.15,5344.54,6749.61,6047.0750000000000000,0.44191117193023073139
278663187212707114,NO_INSURANCE,410915144747947572,COOLEY DICKINSON HOSPITAL INC,2017-05,1,142.58,0.00,142.58,142.5800000000000000,0E-20
1038854080955376456,Cigna Health,340901791751100142,WP ACQUISITION SUB LLC,2017-05,1,4830.95,1877.25,2953.70,4830.9500000000000000,0.38858816588869684017
38194544675647776,Medicaid,1108258114602746895,CAMBRIDGE REHABILITATION & NURSING CENTER,2017-05,1,146.18,0.00,146.18,146.1800000000000000,0E-20
952317639554652821,Medicare,1100386330438199965,WALTHAM WESTON INTERNAL MEDICINE ASSOCIATES  P.C.,2017-05,1,1500.46,1200.36,300.10,1500.4600000000000000,0.79999466830172080562
38194544675647776,Medicaid,1031243542611916810,ENCOMPASS HEALTH REHABILITATION HOSP OF NEW ENGLAN,2017-05,2,12669.77,12469.77,200.00,6334.8850000000000000,0.98421439378931109247
467436209270504951,Humana,334510102683813647,BOSTON MEDICAL CENTER CORPORATION-,2017-05,1,816.80,0.00,816.80,816.8000000000000000,0E-20
952317639554652821,Medicare,389966452681632557,BETH ISRAEL DEACONESS HOSPITAL-NEEDHAM  INC.,2017-05,1,3236.96,2589.56,647.40,3236.9600000000000000,0.79999752854530176462
38194544675647776,Medicaid,635544131513586331,CAMBRIDGE PUBLIC HEALTH COMMISSION,2017-05,1,25325.38,25275.38,50.00,25325.380000000000,0.99802569596191646483
38194544675647776,Medicaid,353447819048907343,CAMBRIDGE PUBLIC HEALTH COMMISSION,2017-05,3,9192.77,9042.77,150.00,3064.2566666666666667,0.98368282900583828378
746113169580368645,Anthem,694540912856437675,PULMONARY INTERNISTS AND CONSULTANTS PC,2017-06,1,704.20,0.00,704.20,704.2000000000000000,0E-20
952317639554652821,Medicare,50464693234281699,Lynn Community Based Outpatient Clinic (CBOC),2017-06,6,5629.72,4503.76,1125.96,938.2866666666666667,0.79999715794035937844
467436209270504951,Humana,919548777387151765,SOUTH SHORE CENTER FOR WELLNESS LTD,2017-06,1,778.78,0.00,778.78,778.7800000000000000,0E-20
38194544675647776,Medicaid,353447819048907343,CAMBRIDGE PUBLIC HEALTH COMMISSION,2017-06,1,516.95,466.95,50.00,516.9500000000000000,0.90327884708385723958
467436209270504951,Humana,679818074188163933,ARBOUR-FULLER HOSPITAL,2017-06,1,1083.56,0.00,1083.56,1083.5600000000000000,0E-20
467436209270504951,Humana,244544338078735615,TEWKSBURY HOSPITAL,2017-06,1,142.58,0.00,142.58,142.5800000000000000,0E-20
467436209270504951,Humana,741458505160782152,LOWELL COMMUNITY HEALTH CENTER,2017-06,1,146.18,0.00,146.18,146.1800000000000000,0E-20
952317639554652821,Medicare,39538555446517326,VNA & HOSPICE OF GREATER MILFORD,2017-06,1,146.18,116.94,29.24,146.1800000000000000,0.79997263647557805445
38194544675647776,Medicaid,132019786462314408,DAVIS SQUARE FAMILY PRACTICE,2017-06,1,1371.84,1368.02,3.82,1371.8400000000000000,0.99721541870772101703
746113169580368645,Anthem,392549857133219292,CAPE COD HOSPITAL INC,2017-06,1,85.55,0.00,85.55,85.5500000000000000,0E-20
38194544675647776,Medicaid,1031243542611916810,ENCOMPASS HEALTH REHABILITATION HOSP OF NEW ENGLAN,2017-06,1,9297.07,9247.07,50.00,9297.0700000000000000,0.99462196154272259970
952317639554652821,Medicare,50464693234281699,Lynn Community Based Outpatient Clinic (CBOC),2017-07,11,21212.66,16970.13,4242.53,1928.4236363636363636,0.80000009428331948940
38194544675647776,Medicaid,1003634539940818261,CHARLES RIVER COMMUNITY HEALTH  INC,2017-07,1,755.38,755.38,0.00,755.3800000000000000,1.00000000000000000000
278663187212707114,NO_INSURANCE,556944320275034302,PARADIGM HEALTHCARE  PC,2017-07,1,778.78,0.00,778.78,778.7800000000000000,0E-20
38194544675647776,Medicaid,1031243542611916810,ENCOMPASS HEALTH REHABILITATION HOSP OF NEW ENGLAN,2017-07,1,20626.96,20576.96,50.00,20626.960000000000,0.99757598793035910284
38194544675647776,Medicaid,719406762791431727,BRIARWOOD REHABILITATION & HEALTHCARE CENTER,2017-07,1,5308.14,5258.14,50.00,5308.1400000000000000,0.99058050465888239572
278663187212707114,NO_INSURANCE,410915144747947572,COOLEY DICKINSON HOSPITAL INC,2017-07,1,3536.75,0.00,3536.75,3536.7500000000000000,0E-20
952317639554652821,Medicare,407314214986713425,KINDRED  HOSPICE,2017-07,1,8334.13,6667.30,1666.83,8334.1300000000000000,0.79999952004588361353
467436209270504951,Humana,484606205110823681,FAMILY MEDICINE ASSOCIATES OF SOUTH ATTLEBORO  P.C.,2017-07,1,914.78,0.00,914.78,914.7800000000000000,0E-20
467436209270504951,Humana,741458505160782152,LOWELL COMMUNITY HEALTH CENTER,2017-07,1,1050.78,0.00,1050.78,1050.7800000000000000,0E-20
38194544675647776,Medicaid,635544131513586331,CAMBRIDGE PUBLIC HEALTH COMMISSION,2017-07,1,4830.95,4780.95,50.00,4830.9500000000000000,0.98965006882704230017
38194544675647776,Medicaid,353447819048907343,CAMBRIDGE PUBLIC HEALTH COMMISSION,2017-07,1,516.95,466.95,50.00,516.9500000000000000,0.90327884708385723958
952317639554652821,Medicare,44500129533123678,SOUTHCOAST HOSPITALS GROUP INC,2017-07,1,4052.91,3055.93,996.98,4052.9100000000000000,0.75400884796356198386
467436209270504951,Humana,137002283324145083,STURDY MEMORIAL HOSPITAL INC,2017-07,1,1354.67,0.00,1354.67,1354.6700000000000000,0E-20
467436209270504951,Humana,76613554195130854,TREE OF LIFE HEALTHCARE ASSOCIATES,2017-07,1,272.80,0.00,272.80,272.8000000000000000,0E-20
38194544675647776,Medicaid,288384166086759286,MEDFORD REHABILITATION AND NURSING CENTER,2017-07,1,146.18,96.18,50.00,146.1800000000000000,0.65795594472568066767
467436209270504951,Humana,222681380209834388,SOUTH SHORE HOSPITAL INC.,2017-08,1,629.53,0.00,629.53,629.5300000000000000,0E-20
445788698227523135,Dual Eligible,353447819048907343,CAMBRIDGE PUBLIC HEALTH COMMISSION,2017-08,1,516.95,481.95,35.00,516.9500000000000000,0.93229519295870006770
38194544675647776,Medicaid,1031243542611916810,ENCOMPASS HEALTH REHABILITATION HOSP OF NEW ENGLAN,2017-08,2,34333.84,34233.84,100.00,17166.920000000000,0.99708742162251586190
467436209270504951,Humana,519045679495899753,HANOVER FAMILY HEALTH & URGENT CARE PC,2017-08,1,709.98,0.00,709.98,709.9800000000000000,0E-20
467436209270504951,Humana,334510102683813647,BOSTON MEDICAL CENTER CORPORATION-,2017-08,1,1135.60,0.00,1135.60,1135.6000000000000000,0E-20
38194544675647776,Medicaid,389966452681632557,BETH ISRAEL DEACONESS HOSPITAL-NEEDHAM  INC.,2017-08,1,85.55,35.55,50.00,85.5500000000000000,0.41554646405610753945
952317639554652821,Medicare,658306035533165929,VMD PRIMARY PROVIDERS MASSACHUSETTS PLLC,2017-08,1,211.38,169.10,42.28,211.3800000000000000,0.79998107673384426152
38194544675647776,Medicaid,353447819048907343,CAMBRIDGE PUBLIC HEALTH COMMISSION,2017-08,1,516.95,466.95,50.00,516.9500000000000000,0.90327884708385723958
467436209270504951,Humana,679818074188163933,ARBOUR-FULLER HOSPITAL,2017-08,1,2673.95,0.00,2673.95,2673.9500000000000000,0E-20
952317639554652821,Medicare,50464693234281699,Lynn Community Based Outpatient Clinic (CBOC),2017-08,12,11379.42,9103.55,2275.87,948.2850000000000000,0.80000123029117476989
445788698227523135,Dual Eligible,353447819048907343,CAMBRIDGE PUBLIC HEALTH COMMISSION,2017-09,1,516.95,481.95,35.00,516.9500000000000000,0.93229519295870006770
357555573157303140,Blue Cross Blue Shield,160559015988030201,HEALTHFIRST FAMILY CARE CENTER INC,2017-09,1,1050.78,0.00,1050.78,1050.7800000000000000,0E-20
357555573157303140,Blue Cross Blue Shield,683258316057948949,STEWARD ST. ANNES HOSPITAL CORPORATION,2017-09,1,2673.95,0.00,2673.95,2673.9500000000000000,0E-20
38194544675647776,Medicaid,1108258114602746895,CAMBRIDGE REHABILITATION & NURSING CENTER,2017-09,1,146.18,96.18,50.00,146.1800000000000000,0.65795594472568066767
445788698227523135,Dual Eligible,132019786462314408,DAVIS SQUARE FAMILY PRACTICE,2017-09,1,1119.55,1119.55,0.00,1119.5500000000000000,1.00000000000000000000
38194544675647776,Medicaid,1031243542611916810,ENCOMPASS HEALTH REHABILITATION HOSP OF NEW ENGLAN,2017-09,1,5263.67,5213.67,50.00,5263.6700000000000000,0.99050092426006949524
952317639554652821,Medicare,50464693234281699,Lynn Community Based Outpatient Clinic (CBOC),2017-09,11,11247.45,8997.94,2249.51,1022.4954545454545455,0.79999822181916790028
38194544675647776,Medicaid,544412707586716213,FAIRVIEW HOSPITAL,2017-09,1,919.90,819.90,100.00,919.9000000000000000,0.89129253179693444940
467436209270504951,Humana,137002283324145083,STURDY MEMORIAL HOSPITAL INC,2017-09,1,3477.24,0.00,3477.24,3477.2400000000000000,0E-20
746113169580368645,Anthem,44500129533123678,SOUTHCOAST HOSPITALS GROUP INC,2017-09,1,85.55,0.00,85.55,85.5500000000000000,0E-20
38194544675647776,Medicaid,719406762791431727,BRIARWOOD REHABILITATION & HEALTHCARE CENTER,2017-09,1,5308.14,5258.14,50.00,5308.1400000000000000,0.99058050465888239572
445788698227523135,Dual Eligible,332886644979055046,MILFORD REGIONAL MEDICAL CENTER,2017-10,2,718.39,648.39,70.00,359.1950000000000000,0.90255989086707777113
467436209270504951,Humana,137002283324145083,STURDY MEMORIAL HOSPITAL INC,2017-10,1,4575.68,1988.15,2587.53,4575.6800000000000000,0.43450372403664591930
746113169580368645,Anthem,420221548349436151,MOUNT AUBURN HOSPITAL,2017-10,1,85.55,0.00,85.55,85.5500000000000000,0E-20
38194544675647776,Medicaid,1031243542611916810,ENCOMPASS HEALTH REHABILITATION HOSP OF NEW ENGLAN,2017-10,1,7271.72,7221.72,50.00,7271.7200000000000000,0.99312404768060376362
357555573157303140,Blue Cross Blue Shield,93679773638781409,TUFTS MEDICAL CENTER,2017-10,1,85.55,0.00,85.55,85.5500000000000000,0E-20
645688281511686373,UnitedHealthcare,703727186913582450,ASSOCIATED INTERNISTS OF RANDOLPH  INC.,2017-10,1,704.20,0.00,704.20,704.2000000000000000,0E-20
357555573157303140,Blue Cross Blue Shield,557025406090317911,DILIGENCEHEALTHCARE,2017-10,1,706.80,0.00,706.80,706.8000000000000000,0E-20
445788698227523135,Dual Eligible,353447819048907343,CAMBRIDGE PUBLIC HEALTH COMMISSION,2017-10,2,1033.90,963.90,70.00,516.9500000000000000,0.93229519295870006770
952317639554652821,Medicare,50464693234281699,Lynn Community Based Outpatient Clinic (CBOC),2017-10,11,11374.81,9099.84,2274.97,1034.0736363636363636,0.79999929669154913357
445788698227523135,Dual Eligible,332886644979055046,MILFORD REGIONAL MEDICAL CENTER,2017-11,1,5262.35,5227.35,35.00,5262.3500000000000000,0.99334897906828698205
357555573157303140,Blue Cross Blue Shield,93679773638781409,TUFTS MEDICAL CENTER,2017-11,1,2673.95,0.00,2673.95,2673.9500000000000000,0E-20
357555573157303140,Blue Cross Blue Shield,790885867393293671,DUTTON FAMILY CARE ASSOCIATES LLP,2017-11,1,994.48,0.00,994.48,994.4800000000000000,0E-20
952317639554652821,Medicare,50464693234281699,Lynn Community Based Outpatient Clinic (CBOC),2017-11,10,7685.03,6148.02,1537.01,768.5030000000000000,0.79999947950756210451
467436209270504951,Humana,654096641582644263,BL HEALTHCARE INC DELEWARE,2017-11,1,1247.82,748.70,499.12,1247.8200000000000000,0.60000641118109983812
211105773257762680,Aetna,439410479591029051,LOWELL FAMILY MEDICAL CARE PC,2017-11,1,914.78,0.00,914.78,914.7800000000000000,0E-20
38194544675647776,Medicaid,1031243542611916810,ENCOMPASS HEALTH REHABILITATION HOSP OF NEW ENGLAN,2017-11,1,5263.67,5213.67,50.00,5263.6700000000000000,0.99050092426006949524
645688281511686373,UnitedHealthcare,332886644979055046,MILFORD REGIONAL MEDICAL CENTER,2017-11,1,2673.95,2139.16,534.79,2673.9500000000000000,0.80000000000000000000
746113169580368645,Anthem,420221548349436151,MOUNT AUBURN HOSPITAL,2017-11,2,4621.10,2871.99,1749.11,2310.5500000000000000,0.62149488217091168769
38194544675647776,Medicaid,1108258114602746895,CAMBRIDGE REHABILITATION & NURSING CENTER,2017-11,1,87.71,37.71,50.00,87.7100000000000000,0.42993957359480104891
746113169580368645,Anthem,109016295863276866,FAMILY SERVICE ASSOCIATION OF GREATER FALL RIVER INC,2017-11,1,796.11,0.00,796.11,796.1100000000000000,0E-20
445788698227523135,Dual Eligible,353447819048907343,CAMBRIDGE PUBLIC HEALTH COMMISSION,2017-11,1,85.55,50.55,35.00,85.5500000000000000,0.59088252483927527762
38194544675647776,Medicaid,396031016204066515,LYNN COMMUNITY HEALTH,2017-11,1,704.20,604.20,100.00,704.2000000000000000,0.85799488781596137461
645688281511686373,UnitedHealthcare,866549107229357074,HOPKINTON MEDICAL CARE  P.C.,2017-11,1,1463.90,4.72,1459.18,1463.9000000000000000,0.00322426395245576884
38194544675647776,Medicaid,1053862909723414558,COMPASSIONATE HEALTH CARE GROUP LLC,2017-11,1,1132.16,1032.16,100.00,1132.1600000000000000,0.91167326172979084228
1038854080955376456,Cigna Health,814284400183858824,PRIMARY CARE NORTH PC,2017-11,1,785.58,0.00,785.58,785.5800000000000000,0E-20
38194544675647776,Medicaid,29818448345197287,GREATER LAWRENCE FAMILY HEALTH CENTER INC,2017-12,1,1281.39,1181.39,100.00,1281.3900000000000000,0.92195974683741874059
38194544675647776,Medicaid,1031243542611916810,ENCOMPASS HEALTH REHABILITATION HOSP OF NEW ENGLAN,2017-12,2,22539.61,22439.61,100.00,11269.8050000000000000,0.99556336600322720757
952317639554652821,Medicare,50464693234281699,Lynn Community Based Outpatient Clinic (CBOC),2017-12,11,10626.87,8501.48,2125.39,966.0790909090909091,0.79999849438263571494
38194544675647776,Medicaid,622746900524004548,WHITTIER REHABILTATION HOSPITAL,2017-12,1,3536.75,3466.69,70.06,3536.7500000000000000,0.98019085318442072524
952317639554652821,Medicare,815218868737845247,Causeway OPC,2017-12,2,5906.81,4725.44,1181.37,2953.4050000000000000,0.79999864563105974291
645688281511686373,UnitedHealthcare,679474484616751075,NEWBURYPORT FAMILY PRACTICE P.C.,2018-01,1,750.25,0.00,750.25,750.2500000000000000,0E-20
467436209270504951,Humana,116650824977762570,MEASURED WELLNESS LLC,2018-01,1,704.20,0.00,704.20,704.2000000000000000,0E-20
467436209270504951,Humana,137002283324145083,STURDY MEMORIAL HOSPITAL INC,2018-01,1,1250.85,750.51,500.34,1250.8500000000000000,0.60000000000000000000
38194544675647776,Medicaid,1108258114602746895,CAMBRIDGE REHABILITATION & NURSING CENTER,2018-01,1,146.18,96.18,50.00,146.1800000000000000,0.65795594472568066767
38194544675647776,Medicaid,1031243542611916810,ENCOMPASS HEALTH REHABILITATION HOSP OF NEW ENGLAN,2018-01,1,5263.67,5213.67,50.00,5263.6700000000000000,0.99050092426006949524
746113169580368645,Anthem,249985492892219599,WHITLEY WELLNESS LLC,2018-01,1,704.20,563.36,140.84,704.2000000000000000,0.80000000000000000000
467436209270504951,Humana,740843053744993432,BRIGHAM AND WOMEN'S FAULKNER HOSPITAL  INC.,2018-01,1,2673.95,0.00,2673.95,2673.9500000000000000,0E-20
467436209270504951,Humana,41581407780620585,WHITTIER REHABILITATION HOSPITAL - BRADFORD,2018-01,2,40528.85,21184.89,19343.96,20264.425000000000,0.52271135253035800424
645688281511686373,UnitedHealthcare,472226794892644975,HAVERHILL FAMILY OFFICE LLC,2018-01,1,919.90,0.00,919.90,919.9000000000000000,0E-20
38194544675647776,Medicaid,969560228442772145,FAMILY PRACTICE GROUP PC,2018-01,2,1267.28,1167.28,100.00,633.6400000000000000,0.92109084022473328704
746113169580368645,Anthem,969560228442772145,FAMILY PRACTICE GROUP PC,2018-01,1,136.80,109.44,27.36,136.8000000000000000,0.80000000000000000000
746113169580368645,Anthem,721972786242253874,BOSTON MEDICAL CENTER CORPORATION-,2018-01,1,3968.15,3174.52,793.63,3968.1500000000000000,0.80000000000000000000
467436209270504951,Humana,520806008221098162,FIRST PSYCHIATRIC PLANNERS  INC,2018-01,1,85.55,0.00,85.55,85.5500000000000000,0E-20
645688281511686373,UnitedHealthcare,340901791751100142,WP ACQUISITION SUB LLC,2018-01,1,5262.35,3883.35,1379.00,5262.3500000000000000,0.73794977529050709284
952317639554652821,Medicare,50464693234281699,Lynn Community Based Outpatient Clinic (CBOC),2018-01,8,8670.49,6853.94,1816.55,1083.8112500000000000,0.79049050284355324786
645688281511686373,UnitedHealthcare,679474484616751075,NEWBURYPORT FAMILY PRACTICE P.C.,2018-02,1,272.80,0.00,272.80,272.8000000000000000,0E-20
211105773257762680,Aetna,846294596561620579,WESTFORD INTERNAL MEDICINE PC,2018-02,1,272.80,0.00,272.80,272.8000000000000000,0E-20
445788698227523135,Dual Eligible,39538555446517326,VNA & HOSPICE OF GREATER MILFORD,2018-02,1,13989.92,13954.92,35.00,13989.9200000000000000,0.99749819870306620767
467436209270504951,Humana,334510102683813647,BOSTON MEDICAL CENTER CORPORATION-,2018-02,1,738.22,0.00,738.22,738.2200000000000000,0E-20
952317639554652821,Medicare,623047219859228790,GARDEN STATE HEALTHCARE ASSOCIATES LLC,2018-02,1,1507.26,1021.59,485.67,1507.2600000000000000,0.67777954699255602882
467436209270504951,Humana,41581407780620585,WHITTIER REHABILITATION HOSPITAL - BRADFORD,2018-02,1,12676.46,12676.46,0.00,12676.4600000000000000,1.00000000000000000000
445788698227523135,Dual Eligible,353447819048907343,CAMBRIDGE PUBLIC HEALTH COMMISSION,2018-02,1,573.98,538.98,35.00,573.9800000000000000,0.93902226558416669570
38194544675647776,Medicaid,1031243542611916810,ENCOMPASS HEALTH REHABILITATION HOSP OF NEW ENGLAN,2018-02,2,17173.77,17073.77,100.00,8586.8850000000000000,0.99417716669083142490
38194544675647776,Medicaid,719406762791431727,BRIARWOOD REHABILITATION & HEALTHCARE CENTER,2018-02,1,146.18,96.18,50.00,146.1800000000000000,0.65795594472568066767
952317639554652821,Medicare,50464693234281699,Lynn Community Based Outpatient Clinic (CBOC),2018-02,10,10134.76,8107.78,2026.98,1013.4760000000000000,0.79999723723107404615
38194544675647776,Medicaid,1031243542611916810,ENCOMPASS HEALTH REHABILITATION HOSP OF NEW ENGLAN,2018-03,1,573.98,523.98,50.00,573.9800000000000000,0.91288895083452385101
467436209270504951,Humana,683258316057948949,STEWARD ST. ANNES HOSPITAL CORPORATION,2018-03,1,4830.95,211.97,4618.98,4830.9500000000000000,0.04387749821463687266
445788698227523135,Dual Eligible,164982158369714689,A&A HEALTHCARE LLC,2018-03,1,1150.44,1150.44,0.00,1150.4400000000000000,1.00000000000000000000
38194544675647776,Medicaid,719406762791431727,BRIARWOOD REHABILITATION & HEALTHCARE CENTER,2018-03,1,9974.85,9828.64,146.21,9974.8500000000000000,0.98534213547070883271
467436209270504951,Humana,244544338078735615,TEWKSBURY HOSPITAL,2018-03,2,4195.49,0.00,4195.49,2097.7450000000000000,0E-20
467436209270504951,Humana,202198446605600451,STANLEY STREET TREATMENT AND RESOURCES  INC,2018-03,1,1616.34,0.00,1616.34,1616.3400000000000000,0E-20
952317639554652821,Medicare,395615810080261442,ANNA JAQUES HOSPITAL SUBACUTE UNIT,2018-03,1,3536.75,2829.40,707.35,3536.7500000000000000,0.80000000000000000000
467436209270504951,Humana,58830663438005741,SUNRISE HEALTHCARE LLC,2018-03,1,1455.52,1455.52,0.00,1455.5200000000000000,1.00000000000000000000
952317639554652821,Medicare,50464693234281699,Lynn Community Based Outpatient Clinic (CBOC),2018-03,8,5878.10,4702.46,1175.64,734.7625000000000000,0.79999659754002143550
467436209270504951,Humana,41581407780620585,WHITTIER REHABILITATION HOSPITAL - BRADFORD,2018-03,1,12745.22,12745.22,0.00,12745.2200000000000000,1.00000000000000000000
445788698227523135,Dual Eligible,39538555446517326,VNA & HOSPICE OF GREATER MILFORD,2018-04,1,5831.97,5796.97,35.00,5831.9700000000000000,0.99399859738647489613
445788698227523135,Dual Eligible,332886644979055046,MILFORD REGIONAL MEDICAL CENTER,2018-04,1,3105.35,3070.35,35.00,3105.3500000000000000,0.98872912876165327580
38194544675647776,Medicaid,888024507900172325,BERKSHIRE MEDICAL CENTER INC - 1,2018-04,1,652.95,602.95,50.00,652.9500000000000000,0.92342445822804196340
952317639554652821,Medicare,389966452681632557,BETH ISRAEL DEACONESS HOSPITAL-NEEDHAM  INC.,2018-04,1,3236.96,2507.12,729.84,3236.9600000000000000,0.77452918787998615985
278663187212707114,NO_INSURANCE,239726299069476648,PERSONALIZED MEDICAL CARE LLC,2018-04,1,488.50,0.00,488.50,488.5000000000000000,0E-20
952317639554652821,Medicare,376833142676655002,HOLISTIC FAMILY PRACTICE  INC.,2018-04,1,914.78,731.82,182.96,914.7800000000000000,0.79999562736395636109
38194544675647776,Medicaid,405686286755502306,BERKSHIRE MEDICAL CENTER INC,2018-04,2,3317.33,3217.33,100.00,1658.6650000000000000,0.96985527517612055478
467436209270504951,Humana,137002283324145083,STURDY MEMORIAL HOSPITAL INC,2018-04,1,3098.26,1858.96,1239.30,3098.2600000000000000,0.60000129104723296302
645688281511686373,UnitedHealthcare,679474484616751075,NEWBURYPORT FAMILY PRACTICE P.C.,2018-04,1,1032.50,478.04,554.46,1032.5000000000000000,0.46299273607748184019
38194544675647776,Medicaid,741150468608293787,CLASSIC HEALTHCARE MEDICAL GROUP LLC,2018-04,1,704.20,704.20,0.00,704.2000000000000000,1.00000000000000000000
952317639554652821,Medicare,50464693234281699,Lynn Community Based Outpatient Clinic (CBOC),2018-04,9,10051.49,8041.18,2010.31,1116.8322222222222222,0.79999880614714833323
211105773257762680,Aetna,924438841780828326,CENTER FOR DIGESTIVE WELLNESS PC,2018-04,1,816.80,0.00,816.80,816.8000000000000000,0E-20
38194544675647776,Medicaid,264175530648959689,SIGNATURE HEALTHCARE MEDICAL GROUP INC,2018-04,1,1145.32,1145.32,0.00,1145.3200000000000000,1.00000000000000000000
467436209270504951,Humana,41581407780620585,WHITTIER REHABILITATION HOSPITAL - BRADFORD,2018-04,1,12386.16,12386.16,0.00,12386.1600000000000000,1.00000000000000000000
357555573157303140,Blue Cross Blue Shield,683258316057948949,STEWARD ST. ANNES HOSPITAL CORPORATION,2018-05,1,1333.04,397.57,935.47,1333.0400000000000000,0.29824311348496669267
952317639554652821,Medicare,50464693234281699,Lynn Community Based Outpatient Clinic (CBOC),2018-05,10,8584.94,6867.96,1716.98,858.4940000000000000,0.80000093186440441051
645688281511686373,UnitedHealthcare,1037822919216517364,ANNA JAQUES HOSPITAL SUBACUTE UNIT,2018-05,1,347.73,278.18,69.55,347.7300000000000000,0.79998849682224714577
467436209270504951,Humana,679818074188163933,ARBOUR-FULLER HOSPITAL,2018-05,1,142.58,0.00,142.58,142.5800000000000000,0E-20
38194544675647776,Medicaid,389966452681632557,BETH ISRAEL DEACONESS HOSPITAL-NEEDHAM  INC.,2018-05,2,3310.52,3210.52,100.00,1655.2600000000000000,0.96979326510638812030
746113169580368645,Anthem,721972786242253874,BOSTON MEDICAL CENTER CORPORATION-,2018-05,1,142.58,0.00,142.58,142.5800000000000000,0E-20
1038854080955376456,Cigna Health,340901791751100142,WP ACQUISITION SUB LLC,2018-05,1,34030.65,20671.45,13359.20,34030.650000000000,0.60743623762696275269
38194544675647776,Medicaid,801031929336468325,BROCKTON HOSPITAL  INC.,2018-05,1,3536.75,3486.75,50.00,3536.7500000000000000,0.98586272707994627836
952317639554652821,Medicare,1100386330438199965,WALTHAM WESTON INTERNAL MEDICINE ASSOCIATES  P.C.,2018-05,1,1284.76,1027.80,256.96,1284.7600000000000000,0.79999377315607584296
38194544675647776,Medicaid,1031243542611916810,ENCOMPASS HEALTH REHABILITATION HOSP OF NEW ENGLAN,2018-05,1,85.55,0.00,85.55,85.5500000000000000,0E-20
952317639554652821,Medicare,814284400183858824,PRIMARY CARE NORTH PC,2018-05,1,1346.18,891.60,454.58,1346.1800000000000000,0.66231856066796416527
467436209270504951,Humana,41581407780620585,WHITTIER REHABILITATION HOSPITAL - BRADFORD,2018-05,2,17791.38,17791.38,0.00,8895.6900000000000000,1.00000000000000000000
1038854080955376456,Cigna Health,340901791751100142,WP ACQUISITION SUB LLC,2018-06,1,13561.40,13561.40,0.00,13561.4000000000000000,1.00000000000000000000
445788698227523135,Dual Eligible,353447819048907343,CAMBRIDGE PUBLIC HEALTH COMMISSION,2018-06,1,573.98,538.98,35.00,573.9800000000000000,0.93902226558416669570
467436209270504951,Humana,41581407780620585,WHITTIER REHABILITATION HOSPITAL - BRADFORD,2018-06,1,4665.96,4665.96,0.00,4665.9600000000000000,1.00000000000000000000
645688281511686373,UnitedHealthcare,332886644979055046,MILFORD REGIONAL MEDICAL CENTER,2018-06,1,1254.21,0.00,1254.21,1254.2100000000000000,0E-20
278663187212707114,NO_INSURANCE,410915144747947572,COOLEY DICKINSON HOSPITAL INC,2018-06,1,25107.93,0.00,25107.93,25107.930000000000,0E-24
1038854080955376456,Cigna Health,104996357240950328,UMASS MEMORIAL HEALTHALLIANCE CLINTON HOSPITAL INC,2018-06,1,85.55,0.00,85.55,85.5500000000000000,0E-20
38194544675647776,Medicaid,719406762791431727,BRIARWOOD REHABILITATION & HEALTHCARE CENTER,2018-06,1,146.18,96.18,50.00,146.1800000000000000,0.65795594472568066767
645688281511686373,UnitedHealthcare,679474484616751075,NEWBURYPORT FAMILY PRACTICE P.C.,2018-06,1,816.80,653.44,163.36,816.8000000000000000,0.80000000000000000000
952317639554652821,Medicare,50464693234281699,Lynn Community Based Outpatient Clinic (CBOC),2018-06,7,7739.43,6191.52,1547.91,1105.6328571428571429,0.79999689899643772216
467436209270504951,Humana,919548777387151765,SOUTH SHORE CENTER FOR WELLNESS LTD,2018-06,1,1218.11,0.00,1218.11,1218.1100000000000000,0E-20
952317639554652821,Medicare,389966452681632557,BETH ISRAEL DEACONESS HOSPITAL-NEEDHAM  INC.,2018-06,1,2673.95,2139.16,534.79,2673.9500000000000000,0.80000000000000000000
38194544675647776,Medicaid,389966452681632557,BETH ISRAEL DEACONESS HOSPITAL-NEEDHAM  INC.,2018-06,1,206.36,156.36,50.00,206.3600000000000000,0.75770498158557860050
38194544675647776,Medicaid,1108258114602746895,CAMBRIDGE REHABILITATION & NURSING CENTER,2018-06,1,5308.14,5158.14,150.00,5308.1400000000000000,0.97174151397664718715
38194544675647776,Medicaid,1108258114602746895,CAMBRIDGE REHABILITATION & NURSING CENTER,2018-07,1,87.71,37.71,50.00,87.7100000000000000,0.42993957359480104891
467436209270504951,Humana,137002283324145083,STURDY MEMORIAL HOSPITAL INC,2018-07,1,45990.90,23938.13,22052.77,45990.900000000000,0.52049709833901924076
357555573157303140,Blue Cross Blue Shield,683258316057948949,STEWARD ST. ANNES HOSPITAL CORPORATION,2018-07,1,5436.20,3805.34,1630.86,5436.2000000000000000,0.70000000000000000000
467436209270504951,Humana,484606205110823681,FAMILY MEDICINE ASSOCIATES OF SOUTH ATTLEBORO  P.C.,2018-07,1,1074.02,0.00,1074.02,1074.0200000000000000,0E-20
952317639554652821,Medicare,815218868737845247,Causeway OPC,2018-07,1,4451.53,3374.82,1076.71,4451.5300000000000000,0.75812585785112085058
1038854080955376456,Cigna Health,340901791751100142,WP ACQUISITION SUB LLC,2018-07,1,8493.38,8493.38,0.00,8493.3800000000000000,1.00000000000000000000
38194544675647776,Medicaid,1003634539940818261,CHARLES RIVER COMMUNITY HEALTH  INC,2018-07,1,840.20,840.20,0.00,840.2000000000000000,1.00000000000000000000
278663187212707114,NO_INSURANCE,556944320275034302,PARADIGM HEALTHCARE  PC,2018-07,1,995.85,0.00,995.85,995.8500000000000000,0E-20
38194544675647776,Medicaid,587757060655614946,CLARITY HEALTH & WELLNESS LLC,2018-07,1,1196.41,1131.96,64.45,1196.4100000000000000,0.94613050710040872276
38194544675647776,Medicaid,565804414476228962,FRANCISCAN HOSPITAL FOR CHILDREN INC,2018-07,1,2673.95,2623.95,50.00,2673.9500000000000000,0.98130107144860599488
467436209270504951,Humana,41581407780620585,WHITTIER REHABILITATION HOSPITAL - BRADFORD,2018-07,1,14161.19,14161.19,0.00,14161.1900000000000000,1.00000000000000000000
445788698227523135,Dual Eligible,39538555446517326,VNA & HOSPICE OF GREATER MILFORD,2018-07,1,87.71,52.71,35.00,87.7100000000000000,0.60095770151636073424
278663187212707114,NO_INSURANCE,410915144747947572,COOLEY DICKINSON HOSPITAL INC,2018-07,1,3105.35,0.00,3105.35,3105.3500000000000000,0E-20
467436209270504951,Humana,741458505160782152,LOWELL COMMUNITY HEALTH CENTER,2018-07,1,919.90,0.00,919.90,919.9000000000000000,0E-20
746113169580368645,Anthem,694540912856437675,PULMONARY INTERNISTS AND CONSULTANTS PC,2018-07,1,919.90,0.00,919.90,919.9000000000000000,0E-20
746113169580368645,Anthem,392549857133219292,CAPE COD HOSPITAL INC,2018-07,1,3105.35,2157.75,947.60,3105.3500000000000000,0.69484921184407554704
952317639554652821,Medicare,50464693234281699,Lynn Community Based Outpatient Clinic (CBOC),2018-07,11,10492.87,8394.29,2098.58,953.8972727272727273,0.79999942818313769255
467436209270504951,Humana,679818074188163933,ARBOUR-FULLER HOSPITAL,2018-08,1,3105.35,0.00,3105.35,3105.3500000000000000,0E-20
467436209270504951,Humana,137002283324145083,STURDY MEMORIAL HOSPITAL INC,2018-08,2,14899.99,14899.99,0.00,7449.9950000000000000,1.00000000000000000000
467436209270504951,Humana,41581407780620585,WHITTIER REHABILITATION HOSPITAL - BRADFORD,2018-08,1,11451.02,11451.02,0.00,11451.0200000000000000,1.00000000000000000000
1038854080955376456,Cigna Health,340901791751100142,WP ACQUISITION SUB LLC,2018-08,1,5265.69,5265.69,0.00,5265.6900000000000000,1.00000000000000000000
467436209270504951,Humana,425148336100545870,COLEMAN HOUSE,2018-08,1,2151.82,2151.82,0.00,2151.8200000000000000,1.00000000000000000000
952317639554652821,Medicare,50464693234281699,Lynn Community Based Outpatient Clinic (CBOC),2018-08,11,9351.20,7480.97,1870.23,850.1090909090909091,0.80000106938146975789
467436209270504951,Humana,66387877495315826,NEW ENGLAND REHABILITATION SERVICES OF CENTRAL MASSACHUSETTS INC,2018-08,1,4399.55,0.00,4399.55,4399.5500000000000000,0E-20
467436209270504951,Humana,76613554195130854,TREE OF LIFE HEALTHCARE ASSOCIATES,2018-08,1,1402.48,0.00,1402.48,1402.4800000000000000,0E-20
467436209270504951,Humana,334510102683813647,BOSTON MEDICAL CENTER CORPORATION-,2018-08,1,704.20,0.00,704.20,704.2000000000000000,0E-20
38194544675647776,Medicaid,1031243542611916810,ENCOMPASS HEALTH REHABILITATION HOSP OF NEW ENGLAN,2018-08,1,3536.75,3486.75,50.00,3536.7500000000000000,0.98586272707994627836
445788698227523135,Dual Eligible,353447819048907343,CAMBRIDGE PUBLIC HEALTH COMMISSION,2018-09,2,3197.70,3127.70,70.00,1598.8500000000000000,0.97810926603496262939
645688281511686373,UnitedHealthcare,476697113556229311,BETH ISRAEL DEACONESS HOSPITAL MILTON INC,2018-09,1,142.58,0.00,142.58,142.5800000000000000,0E-20
645688281511686373,UnitedHealthcare,332886644979055046,MILFORD REGIONAL MEDICAL CENTER,2018-09,1,3136.60,2346.25,790.35,3136.6000000000000000,0.74802333737167633744
645688281511686373,UnitedHealthcare,679474484616751075,NEWBURYPORT FAMILY PRACTICE P.C.,2018-09,1,1298.03,1038.42,259.61,1298.0300000000000000,0.79999691840712464273
1038854080955376456,Cigna Health,340901791751100142,WP ACQUISITION SUB LLC,2018-09,1,11267.09,11267.09,0.00,11267.0900000000000000,1.00000000000000000000
467436209270504951,Humana,137002283324145083,STURDY MEMORIAL HOSPITAL INC,2018-09,1,11451.02,11451.02,0.00,11451.0200000000000000,1.00000000000000000000
467436209270504951,Humana,41581407780620585,WHITTIER REHABILITATION HOSPITAL - BRADFORD,2018-09,1,1005.38,1005.38,0.00,1005.3800000000000000,1.00000000000000000000
952317639554652821,Medicare,50464693234281699,Lynn Community Based Outpatient Clinic (CBOC),2018-09,10,7083.01,5666.42,1416.59,708.3010000000000000,0.80000169419498207683
445788698227523135,Dual Eligible,132019786462314408,DAVIS SQUARE FAMILY PRACTICE,2018-09,1,785.58,785.58,0.00,785.5800000000000000,1.00000000000000000000
467436209270504951,Humana,345242370934466119,HEBREW SENIORLIFE AFFILIATED MEDICAL GROUP INC,2018-09,1,3536.75,0.00,3536.75,3536.7500000000000000,0E-20
38194544675647776,Medicaid,1108258114602746895,CAMBRIDGE REHABILITATION & NURSING CENTER,2018-09,1,146.18,96.18,50.00,146.1800000000000000,0.65795594472568066767
38194544675647776,Medicaid,544412707586716213,FAIRVIEW HOSPITAL,2018-10,1,778.78,678.78,100.00,778.7800000000000000,0.87159403169059297876
952317639554652821,Medicare,815218868737845247,Causeway OPC,2018-10,1,5138.45,4110.76,1027.69,5138.4500000000000000,0.80000000000000000000
645688281511686373,UnitedHealthcare,476697113556229311,BETH ISRAEL DEACONESS HOSPITAL MILTON INC,2018-10,1,3105.35,2484.28,621.07,3105.3500000000000000,0.80000000000000000000
746113169580368645,Anthem,721972786242253874,BOSTON MEDICAL CENTER CORPORATION-,2018-10,2,602.50,0.00,602.50,301.2500000000000000,0E-20
1038854080955376456,Cigna Health,340901791751100142,WP ACQUISITION SUB LLC,2018-10,1,9614.66,9614.66,0.00,9614.6600000000000000,1.00000000000000000000
645688281511686373,UnitedHealthcare,703727186913582450,ASSOCIATED INTERNISTS OF RANDOLPH  INC.,2018-10,1,1548.77,725.80,822.97,1548.7700000000000000,0.46862994505317122620
38194544675647776,Medicaid,405686286755502306,BERKSHIRE MEDICAL CENTER INC,2018-10,1,2673.95,2623.95,50.00,2673.9500000000000000,0.98130107144860599488
445788698227523135,Dual Eligible,39538555446517326,VNA & HOSPICE OF GREATER MILFORD,2018-10,1,87.71,52.71,35.00,87.7100000000000000,0.60095770151636073424
445788698227523135,Dual Eligible,353447819048907343,CAMBRIDGE PUBLIC HEALTH COMMISSION,2018-10,4,5110.10,4970.10,140.00,1277.5250000000000000,0.97260327586544294632
357555573157303140,Blue Cross Blue Shield,557025406090317911,DILIGENCEHEALTHCARE,2018-10,1,514.03,0.00,514.03,514.0300000000000000,0E-20
467436209270504951,Humana,137002283324145083,STURDY MEMORIAL HOSPITAL INC,2018-10,1,13537.96,13537.96,0.00,13537.9600000000000000,1.00000000000000000000
952317639554652821,Medicare,50464693234281699,Lynn Community Based Outpatient Clinic (CBOC),2018-10,11,10615.76,8492.60,2123.16,965.0690909090909091,0.79999924640346051531
38194544675647776,Medicaid,244544338078735615,TEWKSBURY HOSPITAL,2018-10,1,85.55,35.55,50.00,85.5500000000000000,0.41554646405610753945
467436209270504951,Humana,137002283324145083,STURDY MEMORIAL HOSPITAL INC,2018-11,1,12977.97,12977.97,0.00,12977.9700000000000000,1.00000000000000000000
467436209270504951,Humana,654096641582644263,BL HEALTHCARE INC DELEWARE,2018-11,1,785.58,785.58,0.00,785.5800000000000000,1.00000000000000000000
746113169580368645,Anthem,109016295863276866,FAMILY SERVICE ASSOCIATION OF GREATER FALL RIVER INC,2018-11,1,272.80,0.00,272.80,272.8000000000000000,0E-20
445788698227523135,Dual Eligible,39538555446517326,VNA & HOSPICE OF GREATER MILFORD,2018-11,1,87.71,52.71,35.00,87.7100000000000000,0.60095770151636073424
38194544675647776,Medicaid,719406762791431727,BRIARWOOD REHABILITATION & HEALTHCARE CENTER,2018-11,1,146.18,96.18,50.00,146.1800000000000000,0.65795594472568066767
38194544675647776,Medicaid,405686286755502306,BERKSHIRE MEDICAL CENTER INC,2018-11,1,85.55,35.55,50.00,85.5500000000000000,0.41554646405610753945
38194544675647776,Medicaid,1053862909723414558,COMPASSIONATE HEALTH CARE GROUP LLC,2018-11,1,1001.28,901.28,100.00,1001.2800000000000000,0.90012783636944710770
357555573157303140,Blue Cross Blue Shield,790885867393293671,DUTTON FAMILY CARE ASSOCIATES LLP,2018-11,1,919.90,0.00,919.90,919.9000000000000000,0E-20
645688281511686373,UnitedHealthcare,866549107229357074,HOPKINTON MEDICAL CARE  P.C.,2018-11,1,778.78,623.02,155.76,778.7800000000000000,0.79999486376126762372
952317639554652821,Medicare,723111811226363721,CHESTNUT WOODS REHABILITATION AND HEALTHCARE CTR,2018-11,2,11473.50,9178.80,2294.70,5736.7500000000000000,0.80000000000000000000
952317639554652821,Medicare,50464693234281699,Lynn Community Based Outpatient Clinic (CBOC),2018-11,11,7791.63,6233.32,1558.31,708.3300000000000000,0.80000205348559929052
645688281511686373,UnitedHealthcare,332886644979055046,MILFORD REGIONAL MEDICAL CENTER,2018-11,1,3536.75,2829.40,707.35,3536.7500000000000000,0.80000000000000000000
1038854080955376456,Cigna Health,340901791751100142,WP ACQUISITION SUB LLC,2018-11,1,11451.02,11451.02,0.00,11451.0200000000000000,1.00000000000000000000
38194544675647776,Medicaid,801031929336468325,BROCKTON HOSPITAL  INC.,2018-11,1,2635.46,2585.46,50.00,2635.4600000000000000,0.98102797993519157946
38194544675647776,Medicaid,519045679495899753,HANOVER FAMILY HEALTH & URGENT CARE PC,2018-11,1,1932.52,1882.52,50.00,1932.5200000000000000,0.97412704655061784613
952317639554652821,Medicare,395615810080261442,ANNA JAQUES HOSPITAL SUBACUTE UNIT,2018-11,1,8292.67,6634.13,1658.54,8292.6700000000000000,0.79999927646946037886
952317639554652821,Medicare,622746900524004548,WHITTIER REHABILTATION HOSPITAL,2018-12,1,85.55,68.44,17.11,85.5500000000000000,0.80000000000000000000
645688281511686373,UnitedHealthcare,679474484616751075,NEWBURYPORT FAMILY PRACTICE P.C.,2018-12,1,136.80,109.44,27.36,136.8000000000000000,0.80000000000000000000
38194544675647776,Medicaid,396031016204066515,LYNN COMMUNITY HEALTH,2018-12,1,1354.75,1254.75,100.00,1354.7500000000000000,0.92618564310758442517
1038854080955376456,Cigna Health,719415041656501167,LAKEVIEW HOUSE SKLD NRSG  AND RESIDENTIAL CARE FAC,2018-12,1,3362.86,3362.86,0.00,3362.8600000000000000,1.00000000000000000000
467436209270504951,Humana,137002283324145083,STURDY MEMORIAL HOSPITAL INC,2018-12,1,11451.02,11451.02,0.00,11451.0200000000000000,1.00000000000000000000
952317639554652821,Medicare,389966452681632557,BETH ISRAEL DEACONESS HOSPITAL-NEEDHAM  INC.,2018-12,1,3236.96,2507.12,729.84,3236.9600000000000000,0.77452918787998615985
38194544675647776,Medicaid,622746900524004548,WHITTIER REHABILTATION HOSPITAL,2018-12,1,2673.95,2623.95,50.00,2673.9500000000000000,0.98130107144860599488
952317639554652821,Medicare,50464693234281699,Lynn Community Based Outpatient Clinic (CBOC),2018-12,12,11985.48,9588.39,2397.09,998.7900000000000000,0.80000050060573293685
38194544675647776,Medicaid,863914350920536272,WILLIAMSTOWN COMMONS NURSING & REHAB,2018-12,1,1008.98,958.98,50.00,1008.9800000000000000,0.95044500386528969851
1038854080955376456,Cigna Health,363458983347729064,Fitchburg Outpatient Clinic,2018-12,1,948.35,948.35,0.00,948.3500000000000000,1.00000000000000000000
952317639554652821,Medicare,815218868737845247,Causeway OPC,2018-12,1,1216.98,973.58,243.40,1216.9800000000000000,0.79999671317523706224
645688281511686373,UnitedHealthcare,476697113556229311,BETH ISRAEL DEACONESS HOSPITAL MILTON INC,2018-12,1,142.58,114.06,28.52,142.5800000000000000,0.79997194557441436387
467436209270504951,Humana,345242370934466119,HEBREW SENIORLIFE AFFILIATED MEDICAL GROUP INC,2018-12,1,85.55,0.00,85.55,85.5500000000000000,0E-20
38194544675647776,Medicaid,29818448345197287,GREATER LAWRENCE FAMILY HEALTH CENTER INC,2019-01,1,840.20,740.20,100.00,840.2000000000000000,0.88098071887645798619
445788698227523135,Dual Eligible,39538555446517326,VNA & HOSPICE OF GREATER MILFORD,2019-01,1,5480.13,5445.13,35.00,5480.1300000000000000,0.99361329019567054066
645688281511686373,UnitedHealthcare,340901791751100142,WP ACQUISITION SUB LLC,2019-01,1,3105.35,1985.19,1120.16,3105.3500000000000000,0.63928059639010095480
38194544675647776,Medicaid,405686286755502306,BERKSHIRE MEDICAL CENTER INC,2019-01,1,85.55,35.55,50.00,85.5500000000000000,0.41554646405610753945
38194544675647776,Medicaid,244544338078735615,TEWKSBURY HOSPITAL,2019-01,1,3536.75,3486.75,50.00,3536.7500000000000000,0.98586272707994627836
467436209270504951,Humana,137002283324145083,STURDY MEMORIAL HOSPITAL INC,2019-01,2,25573.60,25573.60,0.00,12786.8000000000000000,1.00000000000000000000
645688281511686373,UnitedHealthcare,472226794892644975,HAVERHILL FAMILY OFFICE LLC,2019-01,1,704.20,0.00,704.20,704.2000000000000000,0E-20
1038854080955376456,Cigna Health,340901791751100142,WP ACQUISITION SUB LLC,2019-01,1,1005.38,1005.38,0.00,1005.3800000000000000,1.00000000000000000000
746113169580368645,Anthem,249985492892219599,WHITLEY WELLNESS LLC,2019-01,1,347.38,277.90,69.48,347.3800000000000000,0.79998848523231043814
746113169580368645,Anthem,969560228442772145,FAMILY PRACTICE GROUP PC,2019-01,1,704.20,0.00,704.20,704.2000000000000000,0E-20
952317639554652821,Medicare,50464693234281699,Lynn Community Based Outpatient Clinic (CBOC),2019-01,11,11129.03,8740.18,2388.85,1011.7300000000000000,0.78534966659268597533
445788698227523135,Dual Eligible,353447819048907343,CAMBRIDGE PUBLIC HEALTH COMMISSION,2019-01,1,573.98,538.98,35.00,573.9800000000000000,0.93902226558416669570
38194544675647776,Medicaid,969560228442772145,FAMILY PRACTICE GROUP PC,2019-01,2,1744.30,1544.30,200.00,872.1500000000000000,0.88534082439947256779
746113169580368645,Anthem,420221548349436151,MOUNT AUBURN HOSPITAL,2019-02,1,3105.35,1317.88,1787.47,3105.3500000000000000,0.42439016535978231117
467436209270504951,Humana,521143750033311203,SERENITY HILL NURSING CENTER,2019-02,1,9829.51,9829.51,0.00,9829.5100000000000000,1.00000000000000000000
211105773257762680,Aetna,846294596561620579,WESTFORD INTERNAL MEDICINE PC,2019-02,1,712.68,0.00,712.68,712.6800000000000000,0E-20
38194544675647776,Medicaid,520806008221098162,FIRST PSYCHIATRIC PLANNERS  INC,2019-02,1,2673.95,2623.95,50.00,2673.9500000000000000,0.98130107144860599488
467436209270504951,Humana,334510102683813647,BOSTON MEDICAL CENTER CORPORATION-,2019-02,1,272.80,0.00,272.80,272.8000000000000000,0E-20
357555573157303140,Blue Cross Blue Shield,683258316057948949,STEWARD ST. ANNES HOSPITAL CORPORATION,2019-02,1,85.55,0.00,85.55,85.5500000000000000,0E-20
952317639554652821,Medicare,50464693234281699,Lynn Community Based Outpatient Clinic (CBOC),2019-02,10,8042.67,6434.14,1608.53,804.2670000000000000,0.80000049734727397742
467436209270504951,Humana,137002283324145083,STURDY MEMORIAL HOSPITAL INC,2019-02,3,31270.57,31270.57,0.00,10423.5233333333333333,1.00000000000000000000
952317639554652821,Medicare,623047219859228790,GARDEN STATE HEALTHCARE ASSOCIATES LLC,2019-02,1,1291.56,848.66,442.90,1291.5600000000000000,0.65708135897674130509
38194544675647776,Medicaid,719406762791431727,BRIARWOOD REHABILITATION & HEALTHCARE CENTER,2019-02,1,87.71,37.71,50.00,87.7100000000000000,0.42993957359480104891
445788698227523135,Dual Eligible,164982158369714689,A&A HEALTHCARE LLC,2019-03,1,785.58,785.58,0.00,785.5800000000000000,1.00000000000000000000
445788698227523135,Dual Eligible,39538555446517326,VNA & HOSPICE OF GREATER MILFORD,2019-03,1,87.71,52.71,35.00,87.7100000000000000,0.60095770151636073424
645688281511686373,UnitedHealthcare,476697113556229311,BETH ISRAEL DEACONESS HOSPITAL MILTON INC,2019-03,1,85.55,0.00,85.55,85.5500000000000000,0E-20
645688281511686373,UnitedHealthcare,679474484616751075,NEWBURYPORT FAMILY PRACTICE P.C.,2019-03,1,1384.48,0.00,1384.48,1384.4800000000000000,0E-20
467436209270504951,Humana,244544338078735615,TEWKSBURY HOSPITAL,2019-03,2,4195.49,0.00,4195.49,2097.7450000000000000,0E-20
952317639554652821,Medicare,50464693234281699,Lynn Community Based Outpatient Clinic (CBOC),2019-03,11,7035.04,5628.05,1406.99,639.5490909090909091,0.80000255862084650549
952317639554652821,Medicare,395615810080261442,ANNA JAQUES HOSPITAL SUBACUTE UNIT,2019-03,1,3105.35,2484.28,621.07,3105.3500000000000000,0.80000000000000000000
1038854080955376456,Cigna Health,721972786242253874,BOSTON MEDICAL CENTER CORPORATION-,2019-03,1,148.80,0.00,148.80,148.8000000000000000,0E-20
467436209270504951,Humana,58830663438005741,SUNRISE HEALTHCARE LLC,2019-03,1,704.20,0.00,704.20,704.2000000000000000,0E-20
38194544675647776,Medicaid,244544338078735615,TEWKSBURY HOSPITAL,2019-04,1,85.55,35.55,50.00,85.5500000000000000,0.41554646405610753945
952317639554652821,Medicare,376833142676655002,HOLISTIC FAMILY PRACTICE  INC.,2019-04,1,704.20,563.36,140.84,704.2000000000000000,0.80000000000000000000
38194544675647776,Medicaid,264175530648959689,SIGNATURE HEALTHCARE MEDICAL GROUP INC,2019-04,1,927.94,927.94,0.00,927.9400000000000000,1.00000000000000000000
278663187212707114,NO_INSURANCE,239726299069476648,PERSONALIZED MEDICAL CARE LLC,2019-04,1,272.80,0.00,272.80,272.8000000000000000,0E-20
467436209270504951,Humana,137002283324145083,STURDY MEMORIAL HOSPITAL INC,2019-04,2,1147.96,1147.96,0.00,573.9800000000000000,1.00000000000000000000
445788698227523135,Dual Eligible,353447819048907343,CAMBRIDGE PUBLIC HEALTH COMMISSION,2019-04,1,573.98,538.98,35.00,573.9800000000000000,0.93902226558416669570
952317639554652821,Medicare,1037822919216517364,ANNA JAQUES HOSPITAL SUBACUTE UNIT,2019-04,1,2673.95,2139.16,534.79,2673.9500000000000000,0.80000000000000000000
1038854080955376456,Cigna Health,721972786242253874,BOSTON MEDICAL CENTER CORPORATION-,2019-04,1,1099.19,0.00,1099.19,1099.1900000000000000,0E-20
445788698227523135,Dual Eligible,332886644979055046,MILFORD REGIONAL MEDICAL CENTER,2019-04,1,4399.55,4364.55,35.00,4399.5500000000000000,0.99204464092918593947
1038854080955376456,Cigna Health,924438841780828326,CENTER FOR DIGESTIVE WELLNESS PC,2019-04,1,347.38,0.00,347.38,347.3800000000000000,0E-20
952317639554652821,Medicare,50464693234281699,Lynn Community Based Outpatient Clinic (CBOC),2019-04,11,7041.37,5633.09,1408.28,640.1245454545454545,0.79999914789309466766
952317639554652821,Medicare,395615810080261442,ANNA JAQUES HOSPITAL SUBACUTE UNIT,2019-05,1,8418.72,6734.97,1683.75,8418.7200000000000000,0.79999928730258281544
278663187212707114,NO_INSURANCE,410915144747947572,COOLEY DICKINSON HOSPITAL INC,2019-05,1,142.58,0.00,142.58,142.5800000000000000,0E-20
746113169580368645,Anthem,721972786242253874,BOSTON MEDICAL CENTER CORPORATION-,2019-05,1,142.58,0.00,142.58,142.5800000000000000,0E-20
357555573157303140,Blue Cross Blue Shield,683258316057948949,STEWARD ST. ANNES HOSPITAL CORPORATION,2019-05,1,142.58,0.00,142.58,142.5800000000000000,0E-20
38194544675647776,Medicaid,1108258114602746895,CAMBRIDGE REHABILITATION & NURSING CENTER,2019-05,1,146.18,0.00,146.18,146.1800000000000000,0E-20
952317639554652821,Medicare,814284400183858824,PRIMARY CARE NORTH PC,2019-05,1,1475.54,996.66,478.88,1475.5400000000000000,0.67545440991094785638
952317639554652821,Medicare,50464693234281699,Lynn Community Based Outpatient Clinic (CBOC),2019-05,11,8904.56,7123.65,1780.91,809.5054545454545455,0.80000022460402310726
952317639554652821,Medicare,1100386330438199965,WALTHAM WESTON INTERNAL MEDICINE ASSOCIATES  P.C.,2019-05,1,1069.06,855.24,213.82,1069.0600000000000000,0.79999251679045142462
952317639554652821,Medicare,622746900524004548,WHITTIER REHABILTATION HOSPITAL,2019-05,1,3105.35,2484.28,621.07,3105.3500000000000000,0.80000000000000000000
467436209270504951,Humana,679818074188163933,ARBOUR-FULLER HOSPITAL,2019-05,1,142.58,0.00,142.58,142.5800000000000000,0E-20
467436209270504951,Humana,244544338078735615,TEWKSBURY HOSPITAL,2019-06,2,2337.73,0.00,2337.73,1168.8650000000000000,0E-20
445788698227523135,Dual Eligible,39538555446517326,VNA & HOSPICE OF GREATER MILFORD,2019-06,1,146.18,111.18,35.00,146.1800000000000000,0.76056916130797646737
445788698227523135,Dual Eligible,288384166086759286,MEDFORD REHABILITATION AND NURSING CENTER,2019-06,1,4140.89,4105.89,35.00,4140.8900000000000000,0.99154771075783225345
952317639554652821,Medicare,50464693234281699,Lynn Community Based Outpatient Clinic (CBOC),2019-06,2,11565.31,9252.24,2313.07,5782.6550000000000000,0.79999930827621568293
38194544675647776,Medicaid,565804414476228962,FRANCISCAN HOSPITAL FOR CHILDREN INC,2019-06,1,573.98,423.98,150.00,573.9800000000000000,0.73866685250357155302
278663187212707114,NO_INSURANCE,410915144747947572,COOLEY DICKINSON HOSPITAL INC,2019-06,1,516.95,0.00,516.95,516.9500000000000000,0E-20
467436209270504951,Humana,919548777387151765,SOUTH SHORE CENTER FOR WELLNESS LTD,2019-06,1,704.20,0.00,704.20,704.2000000000000000,0E-20
38194544675647776,Medicaid,719406762791431727,BRIARWOOD REHABILITATION & HEALTHCARE CENTER,2019-06,1,146.18,0.00,146.18,146.1800000000000000,0E-20
645688281511686373,UnitedHealthcare,679474484616751075,NEWBURYPORT FAMILY PRACTICE P.C.,2019-06,1,629.87,445.08,184.79,629.8700000000000000,0.70662200136536110626
952317639554652821,Medicare,815218868737845247,Causeway OPC,2019-07,1,85.55,68.44,17.11,85.5500000000000000,0.80000000000000000000
38194544675647776,Medicaid,1003634539940818261,CHARLES RIVER COMMUNITY HEALTH  INC,2019-07,1,1703.00,1703.00,0.00,1703.0000000000000000,1.00000000000000000000
746113169580368645,Anthem,392549857133219292,CAPE COD HOSPITAL INC,2019-07,1,3536.75,2666.49,870.26,3536.7500000000000000,0.75393793737188096416
467436209270504951,Humana,741458505160782152,LOWELL COMMUNITY HEALTH CENTER,2019-07,1,783.90,0.00,783.90,783.9000000000000000,0E-20
952317639554652821,Medicare,1037822919216517364,ANNA JAQUES HOSPITAL SUBACUTE UNIT,2019-07,2,29607.20,23685.75,5921.45,14803.6000000000000000,0.79999966224431894944
278663187212707114,NO_INSURANCE,556944320275034302,PARADIGM HEALTHCARE  PC,2019-07,1,704.20,0.00,704.20,704.2000000000000000,0E-20
746113169580368645,Anthem,694540912856437675,PULMONARY INTERNISTS AND CONSULTANTS PC,2019-07,1,994.48,0.00,994.48,994.4800000000000000,0E-20
278663187212707114,NO_INSURANCE,410915144747947572,COOLEY DICKINSON HOSPITAL INC,2019-07,1,516.95,0.00,516.95,516.9500000000000000,0E-20
38194544675647776,Medicaid,565804414476228962,FRANCISCAN HOSPITAL FOR CHILDREN INC,2019-07,2,20062.14,19962.14,100.00,10031.0700000000000000,0.99501548688225682804
467436209270504951,Humana,76613554195130854,TREE OF LIFE HEALTHCARE ASSOCIATES,2019-08,1,840.20,0.00,840.20,840.2000000000000000,0E-20
645688281511686373,UnitedHealthcare,476697113556229311,BETH ISRAEL DEACONESS HOSPITAL MILTON INC,2019-08,2,1045.99,50.69,995.30,522.9950000000000000,0.04846126636009904492
38194544675647776,Medicaid,1108258114602746895,CAMBRIDGE REHABILITATION & NURSING CENTER,2019-08,1,20794.05,20740.23,53.82,20794.050000000000,0.99741175961392802268
467436209270504951,Humana,334510102683813647,BOSTON MEDICAL CENTER CORPORATION-,2019-08,1,136.80,0.00,136.80,136.8000000000000000,0E-20
445788698227523135,Dual Eligible,39538555446517326,VNA & HOSPICE OF GREATER MILFORD,2019-08,1,146.18,111.18,35.00,146.1800000000000000,0.76056916130797646737
952317639554652821,Medicare,1037822919216517364,ANNA JAQUES HOSPITAL SUBACUTE UNIT,2019-08,1,1868.18,1494.54,373.64,1868.1800000000000000,0.79999785887869477245
278663187212707114,NO_INSURANCE,410915144747947572,COOLEY DICKINSON HOSPITAL INC,2019-08,1,1059.16,0.00,1059.16,1059.1600000000000000,0E-20
445788698227523135,Dual Eligible,353447819048907343,CAMBRIDGE PUBLIC HEALTH COMMISSION,2019-08,3,5051.67,4946.67,105.00,1683.8900000000000000,0.97921479431554317681
467436209270504951,Humana,679818074188163933,ARBOUR-FULLER HOSPITAL,2019-08,1,3105.35,0.00,3105.35,3105.3500000000000000,0E-20
38194544675647776,Medicaid,565804414476228962,FRANCISCAN HOSPITAL FOR CHILDREN INC,2019-08,1,5263.67,5213.67,50.00,5263.6700000000000000,0.99050092426006949524
1038854080955376456,Cigna Health,721972786242253874,BOSTON MEDICAL CENTER CORPORATION-,2019-08,1,1603.64,0.00,1603.64,1603.6400000000000000,0E-20
746113169580368645,Anthem,469245621271018320,LYNN URGENT CARE LLC,2019-08,1,494.28,0.00,494.28,494.2800000000000000,0E-20
467436209270504951,Humana,484606205110823681,FAMILY MEDICINE ASSOCIATES OF SOUTH ATTLEBORO  P.C.,2019-08,1,919.90,0.00,919.90,919.9000000000000000,0E-20
746113169580368645,Anthem,721972786242253874,BOSTON MEDICAL CENTER CORPORATION-,2019-09,4,12804.75,10243.80,2560.95,3201.1875000000000000,0.80000000000000000000
746113169580368645,Anthem,469245621271018320,LYNN URGENT CARE LLC,2019-09,1,573.98,218.08,355.90,573.9800000000000000,0.37994355204014077146
357555573157303140,Blue Cross Blue Shield,344701928599722495,COLONY CENTER FOR HEALTH & REHABILITATION,2019-09,1,1008.98,0.00,1008.98,1008.9800000000000000,0E-20
445788698227523135,Dual Eligible,132019786462314408,DAVIS SQUARE FAMILY PRACTICE,2019-09,1,860.16,860.16,0.00,860.1600000000000000,1.00000000000000000000
467436209270504951,Humana,433837020145504394,ZANJABEE INTEGRATIVE MEDICINE AND PRIMARY CARE LLC,2019-09,1,1223.31,0.00,1223.31,1223.3100000000000000,0E-20
645688281511686373,UnitedHealthcare,476697113556229311,BETH ISRAEL DEACONESS HOSPITAL MILTON INC,2019-09,2,18626.38,14901.09,3725.29,9313.1900000000000000,0.79999924837783831319
1038854080955376456,Cigna Health,363458983347729064,Fitchburg Outpatient Clinic,2019-09,1,948.35,0.00,948.35,948.3500000000000000,0E-20
38194544675647776,Medicaid,565804414476228962,FRANCISCAN HOSPITAL FOR CHILDREN INC,2019-09,2,10527.34,10427.34,100.00,5263.6700000000000000,0.99050092426006949524
357555573157303140,Blue Cross Blue Shield,160559015988030201,HEALTHFIRST FAMILY CARE CENTER INC,2019-09,1,1058.12,0.00,1058.12,1058.1200000000000000,0E-20
357555573157303140,Blue Cross Blue Shield,683258316057948949,STEWARD ST. ANNES HOSPITAL CORPORATION,2019-09,1,3536.75,158.64,3378.11,3536.7500000000000000,0.04485473952074644801
952317639554652821,Medicare,389966452681632557,BETH ISRAEL DEACONESS HOSPITAL-NEEDHAM  INC.,2019-10,1,3236.96,2589.56,647.40,3236.9600000000000000,0.79999752854530176462
357555573157303140,Blue Cross Blue Shield,557025406090317911,DILIGENCEHEALTHCARE,2019-10,1,919.90,0.00,919.90,919.9000000000000000,0E-20
645688281511686373,UnitedHealthcare,476697113556229311,BETH ISRAEL DEACONESS HOSPITAL MILTON INC,2019-10,1,6937.84,5550.27,1387.57,6937.8400000000000000,0.79999971172583974263
445788698227523135,Dual Eligible,39538555446517326,VNA & HOSPICE OF GREATER MILFORD,2019-10,1,146.18,111.18,35.00,146.1800000000000000,0.76056916130797646737
38194544675647776,Medicaid,719406762791431727,BRIARWOOD REHABILITATION & HEALTHCARE CENTER,2019-10,1,146.18,92.36,53.82,146.1800000000000000,0.63182377890272267068
467436209270504951,Humana,222681380209834388,SOUTH SHORE HOSPITAL INC.,2019-10,1,85.55,0.00,85.55,85.5500000000000000,0E-20
38194544675647776,Medicaid,544412707586716213,FAIRVIEW HOSPITAL,2019-10,1,704.20,604.20,100.00,704.2000000000000000,0.85799488781596137461
38194544675647776,Medicaid,565804414476228962,FRANCISCAN HOSPITAL FOR CHILDREN INC,2019-10,1,8656.98,8606.98,50.00,8656.9800000000000000,0.99422431379072147562
38194544675647776,Medicaid,1108258114602746895,CAMBRIDGE REHABILITATION & NURSING CENTER,2019-10,1,87.71,37.71,50.00,87.7100000000000000,0.42993957359480104891
645688281511686373,UnitedHealthcare,703727186913582450,ASSOCIATED INTERNISTS OF RANDOLPH  INC.,2019-10,1,568.20,454.56,113.64,568.2000000000000000,0.80000000000000000000
952317639554652821,Medicare,395615810080261442,ANNA JAQUES HOSPITAL SUBACUTE UNIT,2019-10,1,142.58,114.06,28.52,142.5800000000000000,0.79997194557441436387
445788698227523135,Dual Eligible,353447819048907343,CAMBRIDGE PUBLIC HEALTH COMMISSION,2019-10,1,2673.95,2638.95,35.00,2673.9500000000000000,0.98691075001402419641
278663187212707114,NO_INSURANCE,410915144747947572,COOLEY DICKINSON HOSPITAL INC,2019-11,1,516.95,0.00,516.95,516.9500000000000000,0E-20
357555573157303140,Blue Cross Blue Shield,801031929336468325,BROCKTON HOSPITAL  INC.,2019-11,1,85.55,0.00,85.55,85.5500000000000000,0E-20
952317639554652821,Medicare,723111811226363721,CHESTNUT WOODS REHABILITATION AND HEALTHCARE CTR,2019-11,1,146.18,116.94,29.24,146.1800000000000000,0.79997263647557805445
467436209270504951,Humana,654096641582644263,BL HEALTHCARE INC DELEWARE,2019-11,1,860.16,0.00,860.16,860.1600000000000000,0E-20
38194544675647776,Medicaid,565804414476228962,FRANCISCAN HOSPITAL FOR CHILDREN INC,2019-11,1,7805.89,7755.89,50.00,7805.8900000000000000,0.99359458050267170047
357555573157303140,Blue Cross Blue Shield,683258316057948949,STEWARD ST. ANNES HOSPITAL CORPORATION,2019-11,1,85.55,59.88,25.67,85.5500000000000000,0.69994155464640561075
645688281511686373,UnitedHealthcare,866549107229357074,HOPKINTON MEDICAL CARE  P.C.,2019-11,1,704.20,0.00,704.20,704.2000000000000000,0E-20
746113169580368645,Anthem,109016295863276866,FAMILY SERVICE ASSOCIATION OF GREATER FALL RIVER INC,2019-11,1,272.80,0.00,272.80,272.8000000000000000,0E-20
357555573157303140,Blue Cross Blue Shield,790885867393293671,DUTTON FAMILY CARE ASSOCIATES LLP,2019-11,1,840.20,0.00,840.20,840.2000000000000000,0E-20
645688281511686373,UnitedHealthcare,476697113556229311,BETH ISRAEL DEACONESS HOSPITAL MILTON INC,2019-11,1,3536.75,2829.40,707.35,3536.7500000000000000,0.80000000000000000000
38194544675647776,Medicaid,396031016204066515,LYNN COMMUNITY HEALTH,2019-12,1,919.90,819.90,100.00,919.9000000000000000,0.89129253179693444940
467436209270504951,Humana,445265032025896326,QUINCY CENTER PRIMARY CARE PC,2019-12,1,563.08,0.00,563.08,563.0800000000000000,0E-20
38194544675647776,Medicaid,1108258114602746895,CAMBRIDGE REHABILITATION & NURSING CENTER,2019-12,2,1096.69,996.69,100.00,548.3450000000000000,0.90881652973948882547
38194544675647776,Medicaid,622746900524004548,WHITTIER REHABILTATION HOSPITAL,2019-12,1,3536.75,3486.75,50.00,3536.7500000000000000,0.98586272707994627836
645688281511686373,UnitedHealthcare,332886644979055046,MILFORD REGIONAL MEDICAL CENTER,2019-12,1,3536.75,2226.36,1310.39,3536.7500000000000000,0.62949317876581607408
1038854080955376456,Cigna Health,814284400183858824,PRIMARY CARE NORTH PC,2019-12,1,1203.57,0.00,1203.57,1203.5700000000000000,0E-20
445788698227523135,Dual Eligible,353447819048907343,CAMBRIDGE PUBLIC HEALTH COMMISSION,2019-12,1,573.98,538.98,35.00,573.9800000000000000,0.93902226558416669570
445788698227523135,Dual Eligible,39538555446517326,VNA & HOSPICE OF GREATER MILFORD,2019-12,1,87.71,52.71,35.00,87.7100000000000000,0.60095770151636073424
38194544675647776,Medicaid,719406762791431727,BRIARWOOD REHABILITATION & HEALTHCARE CENTER,2019-12,1,87.71,37.71,50.00,87.7100000000000000,0.42993957359480104891
952317639554652821,Medicare,397616587890212345,HEBREW SENIORLIFE HOSPICE CARE INC,2019-12,1,23001.73,18214.98,4786.75,23001.730000000000,0.79189608781600340496
38194544675647776,Medicaid,565804414476228962,FRANCISCAN HOSPITAL FOR CHILDREN INC,2019-12,2,21810.19,21710.19,100.00,10905.0950000000000000,0.99541498721469184817
645688281511686373,UnitedHealthcare,679474484616751075,NEWBURYPORT FAMILY PRACTICE P.C.,2019-12,1,272.80,218.24,54.56,272.8000000000000000,0.80000000000000000000
1038854080955376456,Cigna Health,721972786242253874,BOSTON MEDICAL CENTER CORPORATION-,2019-12,1,2673.95,0.00,2673.95,2673.9500000000000000,0E-20
38194544675647776,Medicaid,1053862909723414558,COMPASSIONATE HEALTH CARE GROUP LLC,2019-12,1,1297.29,1197.29,100.00,1297.2900000000000000,0.92291623307047768810
952317639554652821,Medicare,815218868737845247,Causeway OPC,2019-12,1,1216.98,973.58,243.40,1216.9800000000000000,0.79999671317523706224
746113169580368645,Anthem,249985492892219599,WHITLEY WELLNESS LLC,2020-01,1,1158.23,926.58,231.65,1158.2300000000000000,0.79999654645450385502
38194544675647776,Medicaid,244544338078735615,TEWKSBURY HOSPITAL,2020-01,1,3968.15,3918.15,50.00,3968.1500000000000000,0.98739966987135062939
38194544675647776,Medicaid,565804414476228962,FRANCISCAN HOSPITAL FOR CHILDREN INC,2020-01,1,85.55,35.55,50.00,85.5500000000000000,0.41554646405610753945
645688281511686373,UnitedHealthcare,340901791751100142,WP ACQUISITION SUB LLC,2020-01,1,85.55,0.00,85.55,85.5500000000000000,0E-20
952317639554652821,Medicare,815218868737845247,Causeway OPC,2020-01,1,2673.95,2139.16,534.79,2673.9500000000000000,0.80000000000000000000
645688281511686373,UnitedHealthcare,472226794892644975,HAVERHILL FAMILY OFFICE LLC,2020-01,1,755.38,0.00,755.38,755.3800000000000000,0E-20
38194544675647776,Medicaid,29818448345197287,GREATER LAWRENCE FAMILY HEALTH CENTER INC,2020-01,1,1516.06,1416.06,100.00,1516.0600000000000000,0.93403954988588842130
746113169580368645,Anthem,420221548349436151,MOUNT AUBURN HOSPITAL,2020-01,1,85.55,68.44,17.11,85.5500000000000000,0.80000000000000000000
467436209270504951,Humana,445265032025896326,QUINCY CENTER PRIMARY CARE PC,2020-01,1,857.32,0.00,857.32,857.3200000000000000,0E-20
38194544675647776,Medicaid,520806008221098162,FIRST PSYCHIATRIC PLANNERS  INC,2020-01,1,20297.15,20147.15,150.00,20297.150000000000,0.99260979989801523859
467436209270504951,Humana,740843053744993432,BRIGHAM AND WOMEN'S FAULKNER HOSPITAL  INC.,2020-01,1,85.55,0.00,85.55,85.5500000000000000,0E-20
746113169580368645,Anthem,721972786242253874,BOSTON MEDICAL CENTER CORPORATION-,2020-01,1,3536.75,2829.40,707.35,3536.7500000000000000,0.80000000000000000000
38194544675647776,Medicaid,969560228442772145,FAMILY PRACTICE GROUP PC,2020-01,1,704.20,704.20,0.00,704.2000000000000000,1.00000000000000000000
38194544675647776,Medicaid,1019687989557003706,PATRIOT URGENT CARE PROFESSIONALS PC,2020-01,2,852.56,752.56,100.00,426.2800000000000000,0.88270620249601201088
746113169580368645,Anthem,420221548349436151,MOUNT AUBURN HOSPITAL,2020-02,1,3536.75,2330.31,1206.44,3536.7500000000000000,0.65888456916660776136
645688281511686373,UnitedHealthcare,476697113556229311,BETH ISRAEL DEACONESS HOSPITAL MILTON INC,2020-02,1,8155.71,5358.17,2797.54,8155.7100000000000000,0.65698388000554212938
467436209270504951,Humana,137002283324145083,STURDY MEMORIAL HOSPITAL INC,2020-02,1,1282.97,0.00,1282.97,1282.9700000000000000,0E-20
38194544675647776,Medicaid,520806008221098162,FIRST PSYCHIATRIC PLANNERS  INC,2020-02,1,2673.95,2623.95,50.00,2673.9500000000000000,0.98130107144860599488
38194544675647776,Medicaid,565804414476228962,FRANCISCAN HOSPITAL FOR CHILDREN INC,2020-02,3,19158.71,19008.71,150.00,6386.2366666666666667,0.99217066284734201833
467436209270504951,Humana,334510102683813647,BOSTON MEDICAL CENTER CORPORATION-,2020-02,1,506.96,0.00,506.96,506.9600000000000000,0E-20
746113169580368645,Anthem,969560228442772145,FAMILY PRACTICE GROUP PC,2020-02,1,704.20,0.00,704.20,704.2000000000000000,0E-20
645688281511686373,UnitedHealthcare,1098770971879567184,MIDDLETON FAMILY MEDICINE URGENT CARE  LLC,2020-02,1,1097.62,384.44,713.18,1097.6200000000000000,0.35024871995772671781
645688281511686373,UnitedHealthcare,340901791751100142,WP ACQUISITION SUB LLC,2020-02,1,481.90,385.52,96.38,481.9000000000000000,0.80000000000000000000
746113169580368645,Anthem,44500129533123678,SOUTHCOAST HOSPITALS GROUP INC,2020-02,2,10755.86,7577.37,3178.49,5377.9300000000000000,0.70448760024767893967
952317639554652821,Medicare,623047219859228790,GARDEN STATE HEALTHCARE ASSOCIATES LLC,2020-02,1,1216.98,789.00,427.98,1216.9800000000000000,0.64832618448947394370
38194544675647776,Medicaid,969560228442772145,FAMILY PRACTICE GROUP PC,2020-02,1,1490.86,1390.86,100.00,1490.8600000000000000,0.93292462068872999477
952317639554652821,Medicare,622746900524004548,WHITTIER REHABILTATION HOSPITAL,2020-02,1,85.55,0.00,85.55,85.5500000000000000,0E-20
211105773257762680,Aetna,846294596561620579,WESTFORD INTERNAL MEDICINE PC,2020-02,1,272.80,0.00,272.80,272.8000000000000000,0E-20
467436209270504951,Humana,654771330264239386,LIFE CARE CENTER OF ATTLEBORO,2020-02,1,146.18,0.00,146.18,146.1800000000000000,0E-20
38194544675647776,Medicaid,565804414476228962,FRANCISCAN HOSPITAL FOR CHILDREN INC,2020-03,1,20626.96,20576.96,50.00,20626.960000000000,0.99757598793035910284
1038854080955376456,Cigna Health,721972786242253874,BOSTON MEDICAL CENTER CORPORATION-,2020-03,2,19358.97,13384.65,5974.32,9679.4850000000000000,0.69139267223411162887
645688281511686373,UnitedHealthcare,340901791751100142,WP ACQUISITION SUB LLC,2020-03,2,3622.30,2897.84,724.46,1811.1500000000000000,0.80000000000000000000
467436209270504951,Humana,137002283324145083,STURDY MEMORIAL HOSPITAL INC,2020-03,1,85.55,0.00,85.55,85.5500000000000000,0E-20
645688281511686373,UnitedHealthcare,332886644979055046,MILFORD REGIONAL MEDICAL CENTER,2020-03,1,85.55,0.00,85.55,85.5500000000000000,0E-20
38194544675647776,Medicaid,719406762791431727,BRIARWOOD REHABILITATION & HEALTHCARE CENTER,2020-03,1,8826.88,8676.88,150.00,8826.8800000000000000,0.98300645301624129930
445788698227523135,Dual Eligible,39538555446517326,VNA & HOSPICE OF GREATER MILFORD,2020-03,1,87.71,52.71,35.00,87.7100000000000000,0.60095770151636073424
467436209270504951,Humana,58830663438005741,SUNRISE HEALTHCARE LLC,2020-03,1,1142.89,0.00,1142.89,1142.8900000000000000,0E-20
467436209270504951,Humana,244544338078735615,TEWKSBURY HOSPITAL,2020-03,1,142.58,0.00,142.58,142.5800000000000000,0E-20
445788698227523135,Dual Eligible,332886644979055046,MILFORD REGIONAL MEDICAL CENTER,2020-04,2,3190.90,3120.90,70.00,1595.4500000000000000,0.97806261556300730202
952317639554652821,Medicare,389966452681632557,BETH ISRAEL DEACONESS HOSPITAL-NEEDHAM  INC.,2020-04,1,3236.96,2589.56,647.40,3236.9600000000000000,0.79999752854530176462
467436209270504951,Humana,137002283324145083,STURDY MEMORIAL HOSPITAL INC,2020-04,1,142.58,0.00,142.58,142.5800000000000000,0E-20
445788698227523135,Dual Eligible,353447819048907343,CAMBRIDGE PUBLIC HEALTH COMMISSION,2020-04,1,573.98,538.98,35.00,573.9800000000000000,0.93902226558416669570
645688281511686373,UnitedHealthcare,476697113556229311,BETH ISRAEL DEACONESS HOSPITAL MILTON INC,2020-04,3,3843.85,3075.08,768.77,1281.2833333333333333,0.80000000000000000000
38194544675647776,Medicaid,635544131513586331,CAMBRIDGE PUBLIC HEALTH COMMISSION,2020-04,1,85.55,0.00,85.55,85.5500000000000000,0E-20
1038854080955376456,Cigna Health,363458983347729064,Fitchburg Outpatient Clinic,2020-04,1,948.35,0.00,948.35,948.3500000000000000,0E-20
445788698227523135,Dual Eligible,39538555446517326,VNA & HOSPICE OF GREATER MILFORD,2020-04,1,146.18,111.18,35.00,146.1800000000000000,0.76056916130797646737
746113169580368645,Anthem,44500129533123678,SOUTHCOAST HOSPITALS GROUP INC,2020-04,1,85.55,68.44,17.11,85.5500000000000000,0.80000000000000000000
952317639554652821,Medicare,376833142676655002,HOLISTIC FAMILY PRACTICE  INC.,2020-04,1,778.78,623.02,155.76,778.7800000000000000,0.79999486376126762372
1038854080955376456,Cigna Health,924438841780828326,CENTER FOR DIGESTIVE WELLNESS PC,2020-04,1,272.80,0.00,272.80,272.8000000000000000,0E-20
38194544675647776,Medicaid,565804414476228962,FRANCISCAN HOSPITAL FOR CHILDREN INC,2020-04,1,5263.67,5213.67,50.00,5263.6700000000000000,0.99050092426006949524
445788698227523135,Dual Eligible,164982158369714689,A&A HEALTHCARE LLC,2020-04,1,994.48,994.48,0.00,994.4800000000000000,1.00000000000000000000
38194544675647776,Medicaid,389966452681632557,BETH ISRAEL DEACONESS HOSPITAL-NEEDHAM  INC.,2020-04,1,85.55,35.55,50.00,85.5500000000000000,0.41554646405610753945
467436209270504951,Humana,445265032025896326,QUINCY CENTER PRIMARY CARE PC,2020-04,1,816.80,0.00,816.80,816.8000000000000000,0E-20
467436209270504951,Humana,41581407780620585,WHITTIER REHABILITATION HOSPITAL - BRADFORD,2020-04,2,3190.90,0.00,3190.90,1595.4500000000000000,0E-20
38194544675647776,Medicaid,719406762791431727,BRIARWOOD REHABILITATION & HEALTHCARE CENTER,2020-05,1,87.71,37.71,50.00,87.7100000000000000,0.42993957359480104891
952317639554652821,Medicare,1037822919216517364,ANNA JAQUES HOSPITAL SUBACUTE UNIT,2020-05,2,3247.93,2598.34,649.59,1623.9650000000000000,0.79999876844636429972
1038854080955376456,Cigna Health,651473276246308486,GREATER LAWRENCE FAMILY HEALTH CENTER INC,2020-05,1,704.20,0.00,704.20,704.2000000000000000,0E-20
278663187212707114,NO_INSURANCE,239726299069476648,PERSONALIZED MEDICAL CARE LLC,2020-05,1,2037.06,0.00,2037.06,2037.0600000000000000,0E-20
278663187212707114,NO_INSURANCE,559102553183312747,HEBREW REHABILITATION CENTER,2020-05,1,4830.95,0.00,4830.95,4830.9500000000000000,0E-20
38194544675647776,Medicaid,801031929336468325,BROCKTON HOSPITAL  INC.,2020-05,1,3105.35,3055.35,50.00,3105.3500000000000000,0.98389875537379039400
952317639554652821,Medicare,814284400183858824,PRIMARY CARE NORTH PC,2020-05,1,1351.30,972.53,378.77,1351.3000000000000000,0.71969954858284614815
38194544675647776,Medicaid,264175530648959689,SIGNATURE HEALTHCARE MEDICAL GROUP INC,2020-05,1,1790.74,1790.74,0.00,1790.7400000000000000,1.00000000000000000000
38194544675647776,Medicaid,565804414476228962,FRANCISCAN HOSPITAL FOR CHILDREN INC,2020-05,2,13535.44,13435.44,100.00,6767.7200000000000000,0.99261198749357242912
467436209270504951,Humana,222681380209834388,SOUTH SHORE HOSPITAL INC.,2020-05,1,10120.22,2415.73,7704.49,10120.2200000000000000,0.23870330882134973350
952317639554652821,Medicare,1100386330438199965,WALTHAM WESTON INTERNAL MEDICINE ASSOCIATES  P.C.,2020-06,1,1208.17,966.53,241.64,1208.1700000000000000,0.79999503381146692932
467436209270504951,Humana,345242370934466119,HEBREW SENIORLIFE AFFILIATED MEDICAL GROUP INC,2020-06,1,1787.61,0.00,1787.61,1787.6100000000000000,0E-20
467436209270504951,Humana,919548777387151765,SOUTH SHORE CENTER FOR WELLNESS LTD,2020-06,1,1158.89,695.33,463.56,1158.8900000000000000,0.59999654842133420773
38194544675647776,Medicaid,389966452681632557,BETH ISRAEL DEACONESS HOSPITAL-NEEDHAM  INC.,2020-06,1,85.55,35.55,50.00,85.5500000000000000,0.41554646405610753945
38194544675647776,Medicaid,132019786462314408,DAVIS SQUARE FAMILY PRACTICE,2020-06,1,1402.48,1338.03,64.45,1402.4800000000000000,0.95404569049112999829
645688281511686373,UnitedHealthcare,679474484616751075,NEWBURYPORT FAMILY PRACTICE P.C.,2020-06,1,1070.65,0.00,1070.65,1070.6500000000000000,0E-20
467436209270504951,Humana,445265032025896326,QUINCY CENTER PRIMARY CARE PC,2020-06,1,816.80,0.00,816.80,816.8000000000000000,0E-20
38194544675647776,Medicaid,565804414476228962,FRANCISCAN HOSPITAL FOR CHILDREN INC,2020-06,1,5263.67,5113.67,150.00,5263.6700000000000000,0.97150277278020848571
445788698227523135,Dual Eligible,39538555446517326,VNA & HOSPICE OF GREATER MILFORD,2020-07,1,87.71,52.71,35.00,87.7100000000000000,0.60095770151636073424
467436209270504951,Humana,123401477876424417,ARBOUR HOSPITAL  THE,2020-07,1,1189.82,0.00,1189.82,1189.8200000000000000,0E-20
467436209270504951,Humana,741458505160782152,LOWELL COMMUNITY HEALTH CENTER,2020-07,1,704.20,0.00,704.20,704.2000000000000000,0E-20
38194544675647776,Medicaid,565804414476228962,FRANCISCAN HOSPITAL FOR CHILDREN INC,2020-07,1,6815.64,6765.64,50.00,6815.6400000000000000,0.99266393178043441262
38194544675647776,Medicaid,1031243542611916810,ENCOMPASS HEALTH REHABILITATION HOSP OF NEW ENGLAN,2020-07,1,15783.94,15633.94,150.00,15783.9400000000000000,0.99049666939940217715
278663187212707114,NO_INSURANCE,556944320275034302,PARADIGM HEALTHCARE  PC,2020-07,1,778.78,0.00,778.78,778.7800000000000000,0E-20
952317639554652821,Medicare,815218868737845247,Causeway OPC,2020-07,1,235.03,1.62,233.41,235.0300000000000000,0.00689273709739182232
746113169580368645,Anthem,694540912856437675,PULMONARY INTERNISTS AND CONSULTANTS PC,2020-07,1,704.20,0.00,704.20,704.2000000000000000,0E-20
38194544675647776,Medicaid,1003634539940818261,CHARLES RIVER COMMUNITY HEALTH  INC,2020-07,1,568.20,568.20,0.00,568.2000000000000000,1.00000000000000000000
38194544675647776,Medicaid,635544131513586331,CAMBRIDGE PUBLIC HEALTH COMMISSION,2020-08,1,1577.18,1527.18,50.00,1577.1800000000000000,0.96829784805792617203
467436209270504951,Humana,484606205110823681,FAMILY MEDICINE ASSOCIATES OF SOUTH ATTLEBORO  P.C.,2020-08,1,919.90,0.00,919.90,919.9000000000000000,0E-20
467436209270504951,Humana,66387877495315826,NEW ENGLAND REHABILITATION SERVICES OF CENTRAL MASSACHUSETTS INC,2020-08,1,3105.35,0.00,3105.35,3105.3500000000000000,0E-20
278663187212707114,NO_INSURANCE,410915144747947572,COOLEY DICKINSON HOSPITAL INC,2020-08,1,2673.95,0.00,2673.95,2673.9500000000000000,0E-20
38194544675647776,Medicaid,565804414476228962,FRANCISCAN HOSPITAL FOR CHILDREN INC,2020-08,2,8369.02,8269.02,100.00,4184.5100000000000000,0.98805116967100090572
467436209270504951,Humana,76613554195130854,TREE OF LIFE HEALTHCARE ASSOCIATES,2020-08,1,840.20,0.00,840.20,840.2000000000000000,0E-20
467436209270504951,Humana,244544338078735615,TEWKSBURY HOSPITAL,2020-08,1,3536.75,0.00,3536.75,3536.7500000000000000,0E-20
278663187212707114,NO_INSURANCE,583341618173404851,HOLYOKE VISITING NURSE ASSOC,2020-08,1,146.18,0.00,146.18,146.1800000000000000,0E-20
445788698227523135,Dual Eligible,353447819048907343,CAMBRIDGE PUBLIC HEALTH COMMISSION,2020-08,4,19065.17,18925.17,140.00,4766.2925000000000000,0.99265676623916807456
38194544675647776,Medicaid,565804414476228962,FRANCISCAN HOSPITAL FOR CHILDREN INC,2020-09,1,5263.67,5213.67,50.00,5263.6700000000000000,0.99050092426006949524
467436209270504951,Humana,679818074188163933,ARBOUR-FULLER HOSPITAL,2020-09,2,30787.95,16135.81,14652.14,15393.975000000000,0.52409497871732284871
445788698227523135,Dual Eligible,132019786462314408,DAVIS SQUARE FAMILY PRACTICE,2020-09,1,785.58,785.58,0.00,785.5800000000000000,1.00000000000000000000
357555573157303140,Blue Cross Blue Shield,683258316057948949,STEWARD ST. ANNES HOSPITAL CORPORATION,2020-09,2,15243.69,7521.22,7722.47,7621.8450000000000000,0.49339890800718198809
467436209270504951,Humana,41581407780620585,WHITTIER REHABILITATION HOSPITAL - BRADFORD,2020-09,1,1250.85,0.00,1250.85,1250.8500000000000000,0E-20
357555573157303140,Blue Cross Blue Shield,160559015988030201,HEALTHFIRST FAMILY CARE CENTER INC,2020-09,1,15037.28,10526.11,4511.17,15037.2800000000000000,0.70000093101943968590
38194544675647776,Medicaid,719406762791431727,BRIARWOOD REHABILITATION & HEALTHCARE CENTER,2020-09,1,146.18,96.18,50.00,146.1800000000000000,0.65795594472568066767
467436209270504951,Humana,445265032025896326,QUINCY CENTER PRIMARY CARE PC,2020-09,1,816.80,0.00,816.80,816.8000000000000000,0E-20
952317639554652821,Medicare,911597834911837993,THOMAS UPHAM HOUSE,2020-10,1,4476.29,3581.03,895.26,4476.2900000000000000,0.79999955320142350026
952317639554652821,Medicare,1037822919216517364,ANNA JAQUES HOSPITAL SUBACUTE UNIT,2020-10,1,132.96,106.37,26.59,132.9600000000000000,0.80001504211793020457
38194544675647776,Medicaid,635544131513586331,CAMBRIDGE PUBLIC HEALTH COMMISSION,2020-10,3,3979.85,3829.85,150.00,1326.6166666666666667,0.96231013731673304270
38194544675647776,Medicaid,565804414476228962,FRANCISCAN HOSPITAL FOR CHILDREN INC,2020-10,2,20443.22,20343.22,100.00,10221.6100000000000000,0.99510840268803055487
278663187212707114,NO_INSURANCE,410915144747947572,COOLEY DICKINSON HOSPITAL INC,2020-10,1,146.18,0.00,146.18,146.1800000000000000,0E-20
467436209270504951,Humana,679818074188163933,ARBOUR-FULLER HOSPITAL,2020-10,1,17055.77,17055.77,0.00,17055.7700000000000000,1.00000000000000000000
38194544675647776,Medicaid,405686286755502306,BERKSHIRE MEDICAL CENTER INC,2020-10,1,5262.35,5212.35,50.00,5262.3500000000000000,0.99049854152612426007
445788698227523135,Dual Eligible,353447819048907343,CAMBRIDGE PUBLIC HEALTH COMMISSION,2020-10,1,3105.35,3070.35,35.00,3105.3500000000000000,0.98872912876165327580
645688281511686373,UnitedHealthcare,476697113556229311,BETH ISRAEL DEACONESS HOSPITAL MILTON INC,2020-10,1,4052.91,3242.32,810.59,4052.9100000000000000,0.79999802610963480561
357555573157303140,Blue Cross Blue Shield,683258316057948949,STEWARD ST. ANNES HOSPITAL CORPORATION,2020-10,1,4399.55,4399.55,0.00,4399.5500000000000000,1.00000000000000000000
38194544675647776,Medicaid,544412707586716213,FAIRVIEW HOSPITAL,2020-10,1,920.84,820.84,100.00,920.8400000000000000,0.89140350115112288780
952317639554652821,Medicare,395615810080261442,ANNA JAQUES HOSPITAL SUBACUTE UNIT,2020-10,3,1844.09,1475.27,368.82,614.6966666666666667,0.79999891545423488008
38194544675647776,Medicaid,389966452681632557,BETH ISRAEL DEACONESS HOSPITAL-NEEDHAM  INC.,2020-10,1,239.57,189.57,50.00,239.5700000000000000,0.79129273281295654715
645688281511686373,UnitedHealthcare,703727186913582450,ASSOCIATED INTERNISTS OF RANDOLPH  INC.,2020-10,1,840.20,672.16,168.04,840.2000000000000000,0.80000000000000000000
357555573157303140,Blue Cross Blue Shield,344701928599722495,COLONY CENTER FOR HEALTH & REHABILITATION,2020-10,1,1008.98,0.00,1008.98,1008.9800000000000000,0E-20
38194544675647776,Medicaid,102665420104747686,MASS GENERAL BRIGHAM URGENT CARE LLC,2020-10,1,1651.38,1601.38,50.00,1651.3800000000000000,0.96972229287020552508
38194544675647776,Medicaid,389966452681632557,BETH ISRAEL DEACONESS HOSPITAL-NEEDHAM  INC.,2020-11,1,85.55,35.55,50.00,85.5500000000000000,0.41554646405610753945
211105773257762680,Aetna,44500129533123678,SOUTHCOAST HOSPITALS GROUP INC,2020-11,1,3105.35,0.00,3105.35,3105.3500000000000000,0E-20
467436209270504951,Humana,654096641582644263,BL HEALTHCARE INC DELEWARE,2020-11,1,1367.73,0.00,1367.73,1367.7300000000000000,0E-20
445788698227523135,Dual Eligible,39538555446517326,VNA & HOSPICE OF GREATER MILFORD,2020-11,1,146.18,111.18,35.00,146.1800000000000000,0.76056916130797646737
746113169580368645,Anthem,44500129533123678,SOUTHCOAST HOSPITALS GROUP INC,2020-11,1,85.55,68.44,17.11,85.5500000000000000,0.80000000000000000000
645688281511686373,UnitedHealthcare,476697113556229311,BETH ISRAEL DEACONESS HOSPITAL MILTON INC,2020-11,2,6210.70,4968.56,1242.14,3105.3500000000000000,0.80000000000000000000
1038854080955376456,Cigna Health,439410479591029051,LOWELL FAMILY MEDICAL CARE PC,2020-11,1,1214.08,0.00,1214.08,1214.0800000000000000,0E-20
467436209270504951,Humana,679818074188163933,ARBOUR-FULLER HOSPITAL,2020-11,1,9236.19,9236.19,0.00,9236.1900000000000000,1.00000000000000000000
211105773257762680,Aetna,109016295863276866,FAMILY SERVICE ASSOCIATION OF GREATER FALL RIVER INC,2020-11,1,704.20,0.00,704.20,704.2000000000000000,0E-20
38194544675647776,Medicaid,565804414476228962,FRANCISCAN HOSPITAL FOR CHILDREN INC,2020-11,1,5263.67,5213.67,50.00,5263.6700000000000000,0.99050092426006949524
357555573157303140,Blue Cross Blue Shield,790885867393293671,DUTTON FAMILY CARE ASSOCIATES LLP,2020-11,1,1716.16,0.00,1716.16,1716.1600000000000000,0E-20
357555573157303140,Blue Cross Blue Shield,801031929336468325,BROCKTON HOSPITAL  INC.,2020-11,2,3190.90,76.99,3113.91,1595.4500000000000000,0.02412798896862954026
38194544675647776,Medicaid,257485178825861130,URGENT CARE MEDICAL ASSOCIATES  LLC,2020-11,1,1229.48,1179.48,50.00,1229.4800000000000000,0.95933240068972248430
357555573157303140,Blue Cross Blue Shield,557025406090317911,DILIGENCEHEALTHCARE,2020-11,1,1419.09,0.00,1419.09,1419.0900000000000000,0E-20
645688281511686373,UnitedHealthcare,866549107229357074,HOPKINTON MEDICAL CARE  P.C.,2020-12,1,704.20,0.00,704.20,704.2000000000000000,0E-20
1038854080955376456,Cigna Health,340901791751100142,WP ACQUISITION SUB LLC,2020-12,1,85.55,0.00,85.55,85.5500000000000000,0E-20
38194544675647776,Medicaid,565804414476228962,FRANCISCAN HOSPITAL FOR CHILDREN INC,2020-12,1,14983.01,14933.01,50.00,14983.0100000000000000,0.99666288682981590481
38194544675647776,Medicaid,719406762791431727,BRIARWOOD REHABILITATION & HEALTHCARE CENTER,2020-12,1,87.71,37.71,50.00,87.7100000000000000,0.42993957359480104891
952317639554652821,Medicare,389966452681632557,BETH ISRAEL DEACONESS HOSPITAL-NEEDHAM  INC.,2020-12,1,2805.56,2162.00,643.56,2805.5600000000000000,0.77061264061363863186
445788698227523135,Dual Eligible,353447819048907343,CAMBRIDGE PUBLIC HEALTH COMMISSION,2020-12,1,573.98,538.98,35.00,573.9800000000000000,0.93902226558416669570
211105773257762680,Aetna,44500129533123678,SOUTHCOAST HOSPITALS GROUP INC,2020-12,1,237.11,0.00,237.11,237.1100000000000000,0E-20
38194544675647776,Medicaid,396031016204066515,LYNN COMMUNITY HEALTH,2020-12,1,1446.38,1346.38,100.00,1446.3800000000000000,0.93086187585558428629
467436209270504951,Humana,244544338078735615,TEWKSBURY HOSPITAL,2020-12,1,142.58,0.00,142.58,142.5800000000000000,0E-20
38194544675647776,Medicaid,389966452681632557,BETH ISRAEL DEACONESS HOSPITAL-NEEDHAM  INC.,2020-12,1,221.55,171.55,50.00,221.5500000000000000,0.77431730986233355902
645688281511686373,UnitedHealthcare,679474484616751075,NEWBURYPORT FAMILY PRACTICE P.C.,2020-12,1,704.20,253.48,450.72,704.2000000000000000,0.35995455836410110764
645688281511686373,UnitedHealthcare,476697113556229311,BETH ISRAEL DEACONESS HOSPITAL MILTON INC,2020-12,3,2470.68,1976.54,494.14,823.5600000000000000,0.79999838101251477326
38194544675647776,Medicaid,1053862909723414558,COMPASSIONATE HEALTH CARE GROUP LLC,2020-12,1,1075.86,975.86,100.00,1075.8600000000000000,0.90705110330340378860
952317639554652821,Medicare,815218868737845247,Causeway OPC,2020-12,1,1575.04,1260.02,315.02,1575.0400000000000000,0.79999238114587566030
1038854080955376456,Cigna Health,744977654436978746,THE LOWELL GENERAL HOSPITAL,2020-12,1,927.78,0.00,927.78,927.7800000000000000,0E-20
467436209270504951,Humana,445265032025896326,QUINCY CENTER PRIMARY CARE PC,2020-12,1,507.17,0.00,507.17,507.1700000000000000,0E-20
645688281511686373,UnitedHealthcare,332886644979055046,MILFORD REGIONAL MEDICAL CENTER,2020-12,1,2673.95,972.76,1701.19,2673.9500000000000000,0.36379139475308064848
38194544675647776,Medicaid,622746900524004548,WHITTIER REHABILTATION HOSPITAL,2020-12,1,3536.75,3486.75,50.00,3536.7500000000000000,0.98586272707994627836
467436209270504951,Humana,679818074188163933,ARBOUR-FULLER HOSPITAL,2020-12,1,11451.02,11451.02,0.00,11451.0200000000000000,1.00000000000000000000
357555573157303140,Blue Cross Blue Shield,93679773638781409,TUFTS MEDICAL CENTER,2020-12,1,75.00,0.00,75.00,75.0000000000000000,0E-20
467436209270504951,Humana,116650824977762570,MEASURED WELLNESS LLC,2021-01,1,1186.78,0.00,1186.78,1186.7800000000000000,0E-20
467436209270504951,Humana,679818074188163933,ARBOUR-FULLER HOSPITAL,2021-01,1,5868.73,5868.73,0.00,5868.7300000000000000,1.00000000000000000000
38194544675647776,Medicaid,244544338078735615,TEWKSBURY HOSPITAL,2021-01,1,5262.35,5212.35,50.00,5262.3500000000000000,0.99049854152612426007
746113169580368645,Anthem,249985492892219599,WHITLEY WELLNESS LLC,2021-01,1,704.20,0.00,704.20,704.2000000000000000,0E-20
645688281511686373,UnitedHealthcare,1037822919216517364,ANNA JAQUES HOSPITAL SUBACUTE UNIT,2021-01,1,4830.95,3864.76,966.19,4830.9500000000000000,0.80000000000000000000
746113169580368645,Anthem,721972786242253874,BOSTON MEDICAL CENTER CORPORATION-,2021-01,1,2673.95,972.76,1701.19,2673.9500000000000000,0.36379139475308064848
645688281511686373,UnitedHealthcare,472226794892644975,HAVERHILL FAMILY OFFICE LLC,2021-01,1,1394.95,0.00,1394.95,1394.9500000000000000,0E-20
467436209270504951,Humana,41581407780620585,WHITTIER REHABILITATION HOSPITAL - BRADFORD,2021-01,1,1250.85,0.00,1250.85,1250.8500000000000000,0E-20
467436209270504951,Humana,740843053744993432,BRIGHAM AND WOMEN'S FAULKNER HOSPITAL  INC.,2021-01,1,2673.95,0.00,2673.95,2673.9500000000000000,0E-20
38194544675647776,Medicaid,1108258114602746895,CAMBRIDGE REHABILITATION & NURSING CENTER,2021-01,1,20091.03,20041.03,50.00,20091.030000000000,0.99751132719427525617
746113169580368645,Anthem,392549857133219292,CAPE COD HOSPITAL INC,2021-01,1,278.58,0.00,278.58,278.5800000000000000,0E-20
38194544675647776,Medicaid,565804414476228962,FRANCISCAN HOSPITAL FOR CHILDREN INC,2021-01,1,20626.96,20576.96,50.00,20626.960000000000,0.99757598793035910284
38194544675647776,Medicaid,29818448345197287,GREATER LAWRENCE FAMILY HEALTH CENTER INC,2021-01,1,704.20,604.20,100.00,704.2000000000000000,0.85799488781596137461
952317639554652821,Medicare,815218868737845247,Causeway OPC,2021-02,1,278.58,222.86,55.72,278.5800000000000000,0.79998564146744202742
467436209270504951,Humana,334510102683813647,BOSTON MEDICAL CENTER CORPORATION-,2021-02,1,1248.20,0.00,1248.20,1248.2000000000000000,0E-20
645688281511686373,UnitedHealthcare,340901791751100142,WP ACQUISITION SUB LLC,2021-02,1,2673.95,2088.72,585.23,2673.9500000000000000,0.78113652087735372763
1038854080955376456,Cigna Health,721972786242253874,BOSTON MEDICAL CENTER CORPORATION-,2021-02,1,278.58,0.00,278.58,278.5800000000000000,0E-20
467436209270504951,Humana,679818074188163933,ARBOUR-FULLER HOSPITAL,2021-02,1,10112.32,10112.32,0.00,10112.3200000000000000,1.00000000000000000000
38194544675647776,Medicaid,909182873596142954,SOUTHCOAST HOSPITAL GROUP  INC,2021-02,1,85.55,35.55,50.00,85.5500000000000000,0.41554646405610753945
38194544675647776,Medicaid,719406762791431727,BRIARWOOD REHABILITATION & HEALTHCARE CENTER,2021-02,1,146.18,0.00,146.18,146.1800000000000000,0E-20
38194544675647776,Medicaid,565804414476228962,FRANCISCAN HOSPITAL FOR CHILDREN INC,2021-02,2,15223.09,15123.09,100.00,7611.5450000000000000,0.99343103141346467767
38194544675647776,Medicaid,520806008221098162,FIRST PSYCHIATRIC PLANNERS  INC,2021-02,1,3105.35,3055.35,50.00,3105.3500000000000000,0.98389875537379039400
746113169580368645,Anthem,392549857133219292,CAPE COD HOSPITAL INC,2021-02,1,278.58,0.00,278.58,278.5800000000000000,0E-20
746113169580368645,Anthem,846294596561620579,WESTFORD INTERNAL MEDICINE PC,2021-02,1,755.38,0.00,755.38,755.3800000000000000,0E-20
38194544675647776,Medicaid,969560228442772145,FAMILY PRACTICE GROUP PC,2021-02,2,1965.56,1765.56,200.00,982.7800000000000000,0.89824782759111907039
746113169580368645,Anthem,969560228442772145,FAMILY PRACTICE GROUP PC,2021-02,1,944.88,0.00,944.88,944.8800000000000000,0E-20
38194544675647776,Medicaid,863914350920536272,WILLIAMSTOWN COMMONS NURSING & REHAB,2021-02,1,8573.99,8523.99,50.00,8573.9900000000000000,0.99416840934034212776
467436209270504951,Humana,445265032025896326,QUINCY CENTER PRIMARY CARE PC,2021-03,1,816.80,0.00,816.80,816.8000000000000000,0E-20
467436209270504951,Humana,679818074188163933,ARBOUR-FULLER HOSPITAL,2021-03,1,11451.02,11451.02,0.00,11451.0200000000000000,1.00000000000000000000
1038854080955376456,Cigna Health,721972786242253874,BOSTON MEDICAL CENTER CORPORATION-,2021-03,1,278.58,0.00,278.58,278.5800000000000000,0E-20
467436209270504951,Humana,58830663438005741,SUNRISE HEALTHCARE LLC,2021-03,1,704.20,0.00,704.20,704.2000000000000000,0E-20
467436209270504951,Humana,345242370934466119,HEBREW SENIORLIFE AFFILIATED MEDICAL GROUP INC,2021-03,1,3536.75,287.14,3249.61,3536.7500000000000000,0.08118753092528451262
467436209270504951,Humana,683258316057948949,STEWARD ST. ANNES HOSPITAL CORPORATION,2021-03,1,2673.95,0.00,2673.95,2673.9500000000000000,0E-20
952317639554652821,Medicare,815218868737845247,Causeway OPC,2021-03,1,278.58,222.86,55.72,278.5800000000000000,0.79998564146744202742
38194544675647776,Medicaid,565804414476228962,FRANCISCAN HOSPITAL FOR CHILDREN INC,2021-03,2,29595.68,29495.68,100.00,14797.8400000000000000,0.99662112848902272224
746113169580368645,Anthem,721972786242253874,BOSTON MEDICAL CENTER CORPORATION-,2021-03,1,85.55,68.44,17.11,85.5500000000000000,0.80000000000000000000
467436209270504951,Humana,202198446605600451,STANLEY STREET TREATMENT AND RESOURCES  INC,2021-03,1,853.36,0.00,853.36,853.3600000000000000,0E-20
952317639554652821,Medicare,623047219859228790,GARDEN STATE HEALTHCARE ASSOCIATES LLC,2021-03,1,1291.56,848.66,442.90,1291.5600000000000000,0.65708135897674130509
38194544675647776,Medicaid,909182873596142954,SOUTHCOAST HOSPITAL GROUP  INC,2021-03,1,85.55,35.55,50.00,85.5500000000000000,0.41554646405610753945
746113169580368645,Anthem,420221548349436151,MOUNT AUBURN HOSPITAL,2021-03,3,3333.48,2256.28,1077.20,1111.1600000000000000,0.67685421841438976685
952317639554652821,Medicare,622746900524004548,WHITTIER REHABILTATION HOSPITAL,2021-03,1,278.58,36.46,242.12,278.5800000000000000,0.13087802426592002297
746113169580368645,Anthem,721972786242253874,BOSTON MEDICAL CENTER CORPORATION-,2021-04,2,4646.15,3716.92,929.23,2323.0750000000000000,0.80000000000000000000
746113169580368645,Anthem,731363611095087029,KATZMAN FAMILY CENTER FOR LIVING,2021-04,1,146.18,116.94,29.24,146.1800000000000000,0.79997263647557805445
746113169580368645,Anthem,744977654436978746,THE LOWELL GENERAL HOSPITAL,2021-04,1,3536.75,2267.30,1269.45,3536.7500000000000000,0.64106877783275606136
1038854080955376456,Cigna Health,744977654436978746,THE LOWELL GENERAL HOSPITAL,2021-04,1,278.58,0.00,278.58,278.5800000000000000,0E-20
467436209270504951,Humana,41581407780620585,WHITTIER REHABILITATION HOSPITAL - BRADFORD,2021-04,2,5650.40,914.82,4735.58,2825.2000000000000000,0.16190358204728868753
467436209270504951,Humana,222681380209834388,SOUTH SHORE HOSPITAL INC.,2021-04,2,557.16,334.30,222.86,278.5800000000000000,0.60000717926627898629
467436209270504951,Humana,520806008221098162,FIRST PSYCHIATRIC PLANNERS  INC,2021-04,1,278.58,0.00,278.58,278.5800000000000000,0E-20
278663187212707114,NO_INSURANCE,410915144747947572,COOLEY DICKINSON HOSPITAL INC,2021-04,1,278.58,0.00,278.58,278.5800000000000000,0E-20
38194544675647776,Medicaid,565804414476228962,FRANCISCAN HOSPITAL FOR CHILDREN INC,2021-04,1,16601.19,16551.19,50.00,16601.1900000000000000,0.99698816771568785129
467436209270504951,Humana,137002283324145083,STURDY MEMORIAL HOSPITAL INC,2021-04,1,278.58,0.00,278.58,278.5800000000000000,0E-20
38194544675647776,Medicaid,741150468608293787,CLASSIC HEALTHCARE MEDICAL GROUP LLC,2021-04,1,1153.61,1149.79,3.82,1153.6100000000000000,0.99668865561151515677
445788698227523135,Dual Eligible,353447819048907343,CAMBRIDGE PUBLIC HEALTH COMMISSION,2021-04,1,278.58,243.58,35.00,278.5800000000000000,0.87436284011773996698
467436209270504951,Humana,679818074188163933,ARBOUR-FULLER HOSPITAL,2021-04,1,5528.76,5528.76,0.00,5528.7600000000000000,1.00000000000000000000
445788698227523135,Dual Eligible,332886644979055046,MILFORD REGIONAL MEDICAL CENTER,2021-04,2,3758.30,3688.30,70.00,1879.1500000000000000,0.98137455764574408642
357555573157303140,Blue Cross Blue Shield,683258316057948949,STEWARD ST. ANNES HOSPITAL CORPORATION,2021-04,1,142.58,142.58,0.00,142.5800000000000000,1.00000000000000000000
38194544675647776,Medicaid,909182873596142954,SOUTHCOAST HOSPITAL GROUP  INC,2021-04,2,557.16,457.16,100.00,278.5800000000000000,0.82051834302534280996
952317639554652821,Medicare,622746900524004548,WHITTIER REHABILTATION HOSPITAL,2021-04,1,278.58,222.86,55.72,278.5800000000000000,0.79998564146744202742
952317639554652821,Medicare,376833142676655002,HOLISTIC FAMILY PRACTICE  INC.,2021-04,1,704.20,563.36,140.84,704.2000000000000000,0.80000000000000000000
645688281511686373,UnitedHealthcare,476697113556229311,BETH ISRAEL DEACONESS HOSPITAL MILTON INC,2021-04,1,278.58,0.00,278.58,278.5800000000000000,0E-20
38194544675647776,Medicaid,622746900524004548,WHITTIER REHABILTATION HOSPITAL,2021-04,3,5152.40,5002.40,150.00,1717.4666666666666667,0.97088735346634578061
445788698227523135,Dual Eligible,164982158369714689,A&A HEALTHCARE LLC,2021-04,1,996.16,996.16,0.00,996.1600000000000000,1.00000000000000000000
445788698227523135,Dual Eligible,635544131513586331,CAMBRIDGE PUBLIC HEALTH COMMISSION,2021-04,1,556.40,521.40,35.00,556.4000000000000000,0.93709561466570812365
467436209270504951,Humana,654771330264239386,LIFE CARE CENTER OF ATTLEBORO,2021-04,1,577.58,577.58,0.00,577.5800000000000000,1.00000000000000000000
278663187212707114,NO_INSURANCE,559102553183312747,HEBREW REHABILITATION CENTER,2021-04,1,85.55,0.00,85.55,85.5500000000000000,0E-20
1038854080955376456,Cigna Health,924438841780828326,CENTER FOR DIGESTIVE WELLNESS PC,2021-04,1,917.85,0.00,917.85,917.8500000000000000,0E-20
952317639554652821,Medicare,814284400183858824,PRIMARY CARE NORTH PC,2021-05,1,1210.18,968.14,242.04,1210.1800000000000000,0.79999669470657257598
278663187212707114,NO_INSURANCE,410915144747947572,COOLEY DICKINSON HOSPITAL INC,2021-05,1,278.58,0.00,278.58,278.5800000000000000,0E-20
278663187212707114,NO_INSURANCE,345242370934466119,HEBREW SENIORLIFE AFFILIATED MEDICAL GROUP INC,2021-05,1,278.58,0.00,278.58,278.5800000000000000,0E-20
278663187212707114,NO_INSURANCE,239726299069476648,PERSONALIZED MEDICAL CARE LLC,2021-05,1,1703.00,0.00,1703.00,1703.0000000000000000,0E-20
38194544675647776,Medicaid,1108258114602746895,CAMBRIDGE REHABILITATION & NURSING CENTER,2021-05,1,8515.23,8365.23,150.00,8515.2300000000000000,0.98238450400047914149
38194544675647776,Medicaid,1031243542611916810,ENCOMPASS HEALTH REHABILITATION HOSP OF NEW ENGLAN,2021-05,2,557.16,457.16,100.00,278.5800000000000000,0.82051834302534280996
445788698227523135,Dual Eligible,332886644979055046,MILFORD REGIONAL MEDICAL CENTER,2021-05,1,516.95,481.95,35.00,516.9500000000000000,0.93229519295870006770
445788698227523135,Dual Eligible,353447819048907343,CAMBRIDGE PUBLIC HEALTH COMMISSION,2021-05,1,278.58,243.58,35.00,278.5800000000000000,0.87436284011773996698
38194544675647776,Medicaid,888024507900172325,BERKSHIRE MEDICAL CENTER INC - 1,2021-05,1,278.58,228.58,50.00,278.5800000000000000,0.82051834302534280996
38194544675647776,Medicaid,801031929336468325,BROCKTON HOSPITAL  INC.,2021-05,1,3968.15,3918.15,50.00,3968.1500000000000000,0.98739966987135062939
38194544675647776,Medicaid,719406762791431727,BRIARWOOD REHABILITATION & HEALTHCARE CENTER,2021-05,1,146.18,96.18,50.00,146.1800000000000000,0.65795594472568066767
467436209270504951,Humana,137002283324145083,STURDY MEMORIAL HOSPITAL INC,2021-05,1,278.58,0.00,278.58,278.5800000000000000,0E-20
467436209270504951,Humana,520806008221098162,FIRST PSYCHIATRIC PLANNERS  INC,2021-05,1,278.58,0.00,278.58,278.5800000000000000,0E-20
467436209270504951,Humana,679818074188163933,ARBOUR-FULLER HOSPITAL,2021-05,1,1005.38,1005.38,0.00,1005.3800000000000000,1.00000000000000000000
38194544675647776,Medicaid,587757060655614946,CLARITY HEALTH & WELLNESS LLC,2021-05,1,914.78,814.78,100.00,914.7800000000000000,0.89068409890902730711
645688281511686373,UnitedHealthcare,476697113556229311,BETH ISRAEL DEACONESS HOSPITAL MILTON INC,2021-05,1,278.58,0.00,278.58,278.5800000000000000,0E-20
38194544675647776,Medicaid,565804414476228962,FRANCISCAN HOSPITAL FOR CHILDREN INC,2021-05,1,5263.67,5213.67,50.00,5263.6700000000000000,0.99050092426006949524
746113169580368645,Anthem,721972786242253874,BOSTON MEDICAL CENTER CORPORATION-,2021-05,1,4514.12,3611.30,902.82,4514.1200000000000000,0.80000088610847739980
38194544675647776,Medicaid,389966452681632557,BETH ISRAEL DEACONESS HOSPITAL-NEEDHAM  INC.,2021-05,1,3536.75,3486.75,50.00,3536.7500000000000000,0.98586272707994627836
38194544675647776,Medicaid,264175530648959689,SIGNATURE HEALTHCARE MEDICAL GROUP INC,2021-05,1,1077.10,1077.10,0.00,1077.1000000000000000,1.00000000000000000000
952317639554652821,Medicare,1037822919216517364,ANNA JAQUES HOSPITAL SUBACUTE UNIT,2021-05,1,3672.75,2938.20,734.55,3672.7500000000000000,0.80000000000000000000
1038854080955376456,Cigna Health,340901791751100142,WP ACQUISITION SUB LLC,2021-05,2,63404.99,41245.56,22159.43,31702.495000000000,0.65050968385926722802
1038854080955376456,Cigna Health,363458983347729064,Fitchburg Outpatient Clinic,2021-05,1,948.35,948.35,0.00,948.3500000000000000,1.00000000000000000000
1038854080955376456,Cigna Health,744977654436978746,THE LOWELL GENERAL HOSPITAL,2021-05,1,278.58,0.00,278.58,278.5800000000000000,0E-20
278663187212707114,NO_INSURANCE,559102553183312747,HEBREW REHABILITATION CENTER,2021-05,1,3968.15,0.00,3968.15,3968.1500000000000000,0E-20
952317639554652821,Medicare,1100386330438199965,WALTHAM WESTON INTERNAL MEDICINE ASSOCIATES  P.C.,2021-06,1,1575.04,1260.02,315.02,1575.0400000000000000,0.79999238114587566030
952317639554652821,Medicare,622746900524004548,WHITTIER REHABILTATION HOSPITAL,2021-06,1,3105.35,2484.28,621.07,3105.3500000000000000,0.80000000000000000000
1038854080955376456,Cigna Health,340901791751100142,WP ACQUISITION SUB LLC,2021-06,1,9362.06,9362.06,0.00,9362.0600000000000000,1.00000000000000000000
467436209270504951,Humana,683258316057948949,STEWARD ST. ANNES HOSPITAL CORPORATION,2021-06,1,278.58,0.00,278.58,278.5800000000000000,0E-20
445788698227523135,Dual Eligible,332886644979055046,MILFORD REGIONAL MEDICAL CENTER,2021-06,1,516.95,481.95,35.00,516.9500000000000000,0.93229519295870006770
467436209270504951,Humana,679818074188163933,ARBOUR-FULLER HOSPITAL,2021-06,1,142.58,142.58,0.00,142.5800000000000000,1.00000000000000000000
467436209270504951,Humana,919548777387151765,SOUTH SHORE CENTER FOR WELLNESS LTD,2021-06,1,1059.06,0.00,1059.06,1059.0600000000000000,0E-20
38194544675647776,Medicaid,888024507900172325,BERKSHIRE MEDICAL CENTER INC - 1,2021-06,1,278.58,228.58,50.00,278.5800000000000000,0.82051834302534280996
467436209270504951,Humana,445265032025896326,QUINCY CENTER PRIMARY CARE PC,2021-06,1,272.80,0.00,272.80,272.8000000000000000,0E-20
645688281511686373,UnitedHealthcare,340901791751100142,WP ACQUISITION SUB LLC,2021-06,1,278.58,222.86,55.72,278.5800000000000000,0.79998564146744202742
278663187212707114,NO_INSURANCE,345242370934466119,HEBREW SENIORLIFE AFFILIATED MEDICAL GROUP INC,2021-06,1,278.58,0.00,278.58,278.5800000000000000,0E-20
952317639554652821,Medicare,389966452681632557,BETH ISRAEL DEACONESS HOSPITAL-NEEDHAM  INC.,2021-06,1,3536.75,2829.40,707.35,3536.7500000000000000,0.80000000000000000000
645688281511686373,UnitedHealthcare,679474484616751075,NEWBURYPORT FAMILY PRACTICE P.C.,2021-06,1,136.80,0.00,136.80,136.8000000000000000,0E-20
38194544675647776,Medicaid,565804414476228962,FRANCISCAN HOSPITAL FOR CHILDREN INC,2021-06,2,19126.06,18926.06,200.00,9563.0300000000000000,0.98954306323414231682
357555573157303140,Blue Cross Blue Shield,93679773638781409,TUFTS MEDICAL CENTER,2021-07,1,278.58,0.00,278.58,278.5800000000000000,0E-20
38194544675647776,Medicaid,719406762791431727,BRIARWOOD REHABILITATION & HEALTHCARE CENTER,2021-07,1,87.71,37.71,50.00,87.7100000000000000,0.42993957359480104891
38194544675647776,Medicaid,1003634539940818261,CHARLES RIVER COMMUNITY HEALTH  INC,2021-07,1,704.20,704.20,0.00,704.2000000000000000,1.00000000000000000000
467436209270504951,Humana,66387877495315826,NEW ENGLAND REHABILITATION SERVICES OF CENTRAL MASSACHUSETTS INC,2021-07,1,3204.10,0.00,3204.10,3204.1000000000000000,0E-20
645688281511686373,UnitedHealthcare,340901791751100142,WP ACQUISITION SUB LLC,2021-07,1,278.58,222.86,55.72,278.5800000000000000,0.79998564146744202742
38194544675647776,Medicaid,288384166086759286,MEDFORD REHABILITATION AND NURSING CENTER,2021-07,1,1008.98,958.98,50.00,1008.9800000000000000,0.95044500386528969851
746113169580368645,Anthem,694540912856437675,PULMONARY INTERNISTS AND CONSULTANTS PC,2021-07,1,994.48,0.00,994.48,994.4800000000000000,0E-20
467436209270504951,Humana,222681380209834388,SOUTH SHORE HOSPITAL INC.,2021-07,1,3105.35,0.00,3105.35,3105.3500000000000000,0E-20
278663187212707114,NO_INSURANCE,556944320275034302,PARADIGM HEALTHCARE  PC,2021-07,1,704.20,0.00,704.20,704.2000000000000000,0E-20
1038854080955376456,Cigna Health,340901791751100142,WP ACQUISITION SUB LLC,2021-07,1,6146.53,6146.53,0.00,6146.5300000000000000,1.00000000000000000000
467436209270504951,Humana,741458505160782152,LOWELL COMMUNITY HEALTH CENTER,2021-07,1,1405.18,0.00,1405.18,1405.1800000000000000,0E-20
467436209270504951,Humana,683258316057948949,STEWARD ST. ANNES HOSPITAL CORPORATION,2021-07,1,278.58,0.00,278.58,278.5800000000000000,0E-20
467436209270504951,Humana,41581407780620585,WHITTIER REHABILITATION HOSPITAL - BRADFORD,2021-07,2,7486.04,4491.63,2994.41,3743.0200000000000000,0.60000080149184348467
1038854080955376456,Cigna Health,340901791751100142,WP ACQUISITION SUB LLC,2021-08,1,4665.96,4665.96,0.00,4665.9600000000000000,1.00000000000000000000
38194544675647776,Medicaid,565804414476228962,FRANCISCAN HOSPITAL FOR CHILDREN INC,2021-08,3,14487.87,14337.87,150.00,4829.2900000000000000,0.98964651118487396698
38194544675647776,Medicaid,1031243542611916810,ENCOMPASS HEALTH REHABILITATION HOSP OF NEW ENGLAN,2021-08,1,2715.80,2665.80,50.00,2715.8000000000000000,0.98158921864643935489
445788698227523135,Dual Eligible,353447819048907343,CAMBRIDGE PUBLIC HEALTH COMMISSION,2021-08,3,11127.53,11022.53,105.00,3709.1766666666666667,0.99056394366045294868
38194544675647776,Medicaid,389966452681632557,BETH ISRAEL DEACONESS HOSPITAL-NEEDHAM  INC.,2021-08,2,557.16,457.16,100.00,278.5800000000000000,0.82051834302534280996
445788698227523135,Dual Eligible,39538555446517326,VNA & HOSPICE OF GREATER MILFORD,2021-08,1,146.18,111.18,35.00,146.1800000000000000,0.76056916130797646737
467436209270504951,Humana,244544338078735615,TEWKSBURY HOSPITAL,2021-08,1,3536.75,0.00,3536.75,3536.7500000000000000,0E-20
357555573157303140,Blue Cross Blue Shield,93679773638781409,TUFTS MEDICAL CENTER,2021-08,1,278.58,0.00,278.58,278.5800000000000000,0E-20
38194544675647776,Medicaid,520806008221098162,FIRST PSYCHIATRIC PLANNERS  INC,2021-08,1,85.55,35.55,50.00,85.5500000000000000,0.41554646405610753945
746113169580368645,Anthem,392549857133219292,CAPE COD HOSPITAL INC,2021-08,1,3105.35,2321.37,783.98,3105.3500000000000000,0.74753892475888386172
278663187212707114,NO_INSURANCE,410915144747947572,COOLEY DICKINSON HOSPITAL INC,2021-08,1,3105.35,0.00,3105.35,3105.3500000000000000,0E-20
467436209270504951,Humana,76613554195130854,TREE OF LIFE HEALTHCARE ASSOCIATES,2021-08,1,704.20,0.00,704.20,704.2000000000000000,0E-20
38194544675647776,Medicaid,520806008221098162,FIRST PSYCHIATRIC PLANNERS  INC,2021-09,1,278.58,228.58,50.00,278.5800000000000000,0.82051834302534280996
445788698227523135,Dual Eligible,332886644979055046,MILFORD REGIONAL MEDICAL CENTER,2021-09,1,516.95,481.95,35.00,516.9500000000000000,0.93229519295870006770
445788698227523135,Dual Eligible,132019786462314408,DAVIS SQUARE FAMILY PRACTICE,2021-09,1,1137.28,1137.28,0.00,1137.2800000000000000,1.00000000000000000000
746113169580368645,Anthem,420221548349436151,MOUNT AUBURN HOSPITAL,2021-09,1,85.55,68.44,17.11,85.5500000000000000,0.80000000000000000000
467436209270504951,Humana,954034748055540626,COMPASSIONATE CARE HOSPICE,2021-09,1,146.18,0.00,146.18,146.1800000000000000,0E-20
38194544675647776,Medicaid,565804414476228962,FRANCISCAN HOSPITAL FOR CHILDREN INC,2021-09,1,5263.67,5213.67,50.00,5263.6700000000000000,0.99050092426006949524
1038854080955376456,Cigna Health,340901791751100142,WP ACQUISITION SUB LLC,2021-09,1,5471.34,5471.34,0.00,5471.3400000000000000,1.00000000000000000000
952317639554652821,Medicare,160559015988030201,HEALTHFIRST FAMILY CARE CENTER INC,2021-09,1,10119.27,8001.44,2117.83,10119.2700000000000000,0.79071316409187619265
445788698227523135,Dual Eligible,332886644979055046,MILFORD REGIONAL MEDICAL CENTER,2021-10,1,516.95,481.95,35.00,516.9500000000000000,0.93229519295870006770
952317639554652821,Medicare,683258316057948949,STEWARD ST. ANNES HOSPITAL CORPORATION,2021-10,1,3536.75,2829.40,707.35,3536.7500000000000000,0.80000000000000000000
467436209270504951,Humana,41581407780620585,WHITTIER REHABILITATION HOSPITAL - BRADFORD,2021-10,1,1250.85,1250.85,0.00,1250.8500000000000000,1.00000000000000000000
467436209270504951,Humana,679818074188163933,ARBOUR-FULLER HOSPITAL,2021-10,1,278.58,0.00,278.58,278.5800000000000000,0E-20
38194544675647776,Medicaid,544412707586716213,FAIRVIEW HOSPITAL,2021-10,1,924.86,824.86,100.00,924.8600000000000000,0.89187552710680535432
38194544675647776,Medicaid,719406762791431727,BRIARWOOD REHABILITATION & HEALTHCARE CENTER,2021-10,1,20398.65,20348.65,50.00,20398.650000000000,0.99754885739987695264
38194544675647776,Medicaid,635544131513586331,CAMBRIDGE PUBLIC HEALTH COMMISSION,2021-10,1,278.58,228.58,50.00,278.5800000000000000,0.82051834302534280996
38194544675647776,Medicaid,520806008221098162,FIRST PSYCHIATRIC PLANNERS  INC,2021-10,1,278.58,228.58,50.00,278.5800000000000000,0.82051834302534280996
1038854080955376456,Cigna Health,340901791751100142,WP ACQUISITION SUB LLC,2021-10,1,10518.88,10518.88,0.00,10518.8800000000000000,1.00000000000000000000
645688281511686373,UnitedHealthcare,703727186913582450,ASSOCIATED INTERNISTS OF RANDOLPH  INC.,2021-10,1,1205.06,555.22,649.84,1205.0600000000000000,0.46074054403930094767
38194544675647776,Medicaid,565804414476228962,FRANCISCAN HOSPITAL FOR CHILDREN INC,2021-10,1,5263.67,5213.67,50.00,5263.6700000000000000,0.99050092426006949524
952317639554652821,Medicare,1037822919216517364,ANNA JAQUES HOSPITAL SUBACUTE UNIT,2021-10,1,278.58,222.86,55.72,278.5800000000000000,0.79998564146744202742
38194544675647776,Medicaid,244544338078735615,TEWKSBURY HOSPITAL,2021-10,1,278.58,228.58,50.00,278.5800000000000000,0.82051834302534280996
1038854080955376456,Cigna Health,340901791751100142,WP ACQUISITION SUB LLC,2021-11,1,5966.92,5966.92,0.00,5966.9200000000000000,1.00000000000000000000
445788698227523135,Dual Eligible,353447819048907343,CAMBRIDGE PUBLIC HEALTH COMMISSION,2021-11,1,573.98,538.98,35.00,573.9800000000000000,0.93902226558416669570
467436209270504951,Humana,654096641582644263,BL HEALTHCARE INC DELEWARE,2021-11,1,1407.51,0.00,1407.51,1407.5100000000000000,0E-20
952317639554652821,Medicare,389966452681632557,BETH ISRAEL DEACONESS HOSPITAL-NEEDHAM  INC.,2021-11,1,2805.56,2244.44,561.12,2805.5600000000000000,0.79999714851936868219
38194544675647776,Medicaid,565804414476228962,FRANCISCAN HOSPITAL FOR CHILDREN INC,2021-11,2,26385.64,26285.64,100.00,13192.8200000000000000,0.99621005971429914150
1038854080955376456,Cigna Health,936272866929392535,D'YOUVILLE SENIOR CARE,2021-11,1,146.18,0.00,146.18,146.1800000000000000,0E-20
952317639554652821,Medicare,1037822919216517364,ANNA JAQUES HOSPITAL SUBACUTE UNIT,2021-11,1,278.58,222.86,55.72,278.5800000000000000,0.79998564146744202742
211105773257762680,Aetna,109016295863276866,FAMILY SERVICE ASSOCIATION OF GREATER FALL RIVER INC,2021-11,1,272.80,0.00,272.80,272.8000000000000000,0E-20
645688281511686373,UnitedHealthcare,476697113556229311,BETH ISRAEL DEACONESS HOSPITAL MILTON INC,2021-11,1,142.58,114.06,28.52,142.5800000000000000,0.79997194557441436387
38194544675647776,Medicaid,635544131513586331,CAMBRIDGE PUBLIC HEALTH COMMISSION,2021-11,1,278.58,228.58,50.00,278.5800000000000000,0.82051834302534280996
445788698227523135,Dual Eligible,332886644979055046,MILFORD REGIONAL MEDICAL CENTER,2021-11,1,516.95,481.95,35.00,516.9500000000000000,0.93229519295870006770
38194544675647776,Medicaid,244544338078735615,TEWKSBURY HOSPITAL,2021-11,1,278.58,228.58,50.00,278.5800000000000000,0.82051834302534280996
467436209270504951,Humana,66387877495315826,NEW ENGLAND REHABILITATION SERVICES OF CENTRAL MASSACHUSETTS INC,2021-11,1,948.35,0.00,948.35,948.3500000000000000,0E-20
357555573157303140,Blue Cross Blue Shield,557025406090317911,DILIGENCEHEALTHCARE,2021-11,1,755.38,0.00,755.38,755.3800000000000000,0E-20
467436209270504951,Humana,679818074188163933,ARBOUR-FULLER HOSPITAL,2021-11,1,278.58,0.00,278.58,278.5800000000000000,0E-20
467436209270504951,Humana,370825335781049387,BRIGHAM AND WOMEN'S FAULKNER HOSPITAL  INC.,2021-11,1,278.58,0.00,278.58,278.5800000000000000,0E-20
467436209270504951,Humana,244544338078735615,TEWKSBURY HOSPITAL,2021-11,1,142.58,0.00,142.58,142.5800000000000000,0E-20
645688281511686373,UnitedHealthcare,707379980990907332,BOSTONIAN NURSING CARE & REHABILITATION CTR  THE,2021-11,1,146.18,116.94,29.24,146.1800000000000000,0.79997263647557805445
1038854080955376456,Cigna Health,340901791751100142,WP ACQUISITION SUB LLC,2021-12,2,24331.68,24331.68,0.00,12165.8400000000000000,1.00000000000000000000
1038854080955376456,Cigna Health,814284400183858824,PRIMARY CARE NORTH PC,2021-12,1,994.48,0.00,994.48,994.4800000000000000,0E-20
645688281511686373,UnitedHealthcare,866549107229357074,HOPKINTON MEDICAL CARE  P.C.,2021-12,1,272.80,0.00,272.80,272.8000000000000000,0E-20
467436209270504951,Humana,370825335781049387,BRIGHAM AND WOMEN'S FAULKNER HOSPITAL  INC.,2021-12,1,278.58,0.00,278.58,278.5800000000000000,0E-20
952317639554652821,Medicare,815218868737845247,Causeway OPC,2021-12,1,1918.25,1534.60,383.65,1918.2500000000000000,0.80000000000000000000
357555573157303140,Blue Cross Blue Shield,790885867393293671,DUTTON FAMILY CARE ASSOCIATES LLP,2021-12,1,704.20,0.00,704.20,704.2000000000000000,0E-20
38194544675647776,Medicaid,635544131513586331,CAMBRIDGE PUBLIC HEALTH COMMISSION,2021-12,1,516.95,466.95,50.00,516.9500000000000000,0.90327884708385723958
38194544675647776,Medicaid,396031016204066515,LYNN COMMUNITY HEALTH,2021-12,1,840.20,740.20,100.00,840.2000000000000000,0.88098071887645798619
38194544675647776,Medicaid,565804414476228962,FRANCISCAN HOSPITAL FOR CHILDREN INC,2021-12,1,20626.96,20576.96,50.00,20626.960000000000,0.99757598793035910284
645688281511686373,UnitedHealthcare,679474484616751075,NEWBURYPORT FAMILY PRACTICE P.C.,2021-12,1,1135.60,0.00,1135.60,1135.6000000000000000,0E-20
357555573157303140,Blue Cross Blue Shield,93679773638781409,TUFTS MEDICAL CENTER,2021-12,1,3105.35,0.00,3105.35,3105.3500000000000000,0E-20
445788698227523135,Dual Eligible,332886644979055046,MILFORD REGIONAL MEDICAL CENTER,2021-12,1,516.95,481.95,35.00,516.9500000000000000,0.93229519295870006770
952317639554652821,Medicare,622746900524004548,WHITTIER REHABILTATION HOSPITAL,2021-12,1,85.55,68.44,17.11,85.5500000000000000,0.80000000000000000000
1038854080955376456,Cigna Health,719415041656501167,LAKEVIEW HOUSE SKLD NRSG  AND RESIDENTIAL CARE FAC,2021-12,1,2925.60,2925.60,0.00,2925.6000000000000000,1.00000000000000000000
38194544675647776,Medicaid,1053862909723414558,COMPASSIONATE HEALTH CARE GROUP LLC,2021-12,1,1075.86,975.86,100.00,1075.8600000000000000,0.90705110330340378860
467436209270504951,Humana,445265032025896326,QUINCY CENTER PRIMARY CARE PC,2021-12,1,488.50,0.00,488.50,488.5000000000000000,0E-20
38194544675647776,Medicaid,801031929336468325,BROCKTON HOSPITAL  INC.,2021-12,1,1092.39,1042.39,50.00,1092.3900000000000000,0.95422880106921520702
38194544675647776,Medicaid,909182873596142954,SOUTHCOAST HOSPITAL GROUP  INC,2022-01,1,85.55,35.55,50.00,85.5500000000000000,0.41554646405610753945
38194544675647776,Medicaid,719406762791431727,BRIARWOOD REHABILITATION & HEALTHCARE CENTER,2022-01,1,146.18,96.18,50.00,146.1800000000000000,0.65795594472568066767
38194544675647776,Medicaid,29818448345197287,GREATER LAWRENCE FAMILY HEALTH CENTER INC,2022-01,1,914.78,814.78,100.00,914.7800000000000000,0.89068409890902730711
1038854080955376456,Cigna Health,744977654436978746,THE LOWELL GENERAL HOSPITAL,2022-01,1,85.55,0.00,85.55,85.5500000000000000,0E-20
38194544675647776,Medicaid,635544131513586331,CAMBRIDGE PUBLIC HEALTH COMMISSION,2022-01,1,516.95,466.95,50.00,516.9500000000000000,0.90327884708385723958
38194544675647776,Medicaid,622746900524004548,WHITTIER REHABILTATION HOSPITAL,2022-01,1,3105.35,3055.35,50.00,3105.3500000000000000,0.98389875537379039400
211105773257762680,Aetna,249985492892219599,WHITLEY WELLNESS LLC,2022-01,1,488.50,0.00,488.50,488.5000000000000000,0E-20
952317639554652821,Medicare,1037822919216517364,ANNA JAQUES HOSPITAL SUBACUTE UNIT,2022-01,2,23491.73,18606.98,4884.75,11745.8650000000000000,0.79206512249204294447
952317639554652821,Medicare,815218868737845247,Causeway OPC,2022-01,2,2759.50,2207.60,551.90,1379.7500000000000000,0.80000000000000000000
357555573157303140,Blue Cross Blue Shield,801031929336468325,BROCKTON HOSPITAL  INC.,2022-01,1,1983.99,0.00,1983.99,1983.9900000000000000,0E-20
38194544675647776,Medicaid,565804414476228962,FRANCISCAN HOSPITAL FOR CHILDREN INC,2022-01,1,5263.67,5213.67,50.00,5263.6700000000000000,0.99050092426006949524
952317639554652821,Medicare,622746900524004548,WHITTIER REHABILTATION HOSPITAL,2022-01,1,13863.70,10904.56,2959.14,13863.7000000000000000,0.78655481581396019822
445788698227523135,Dual Eligible,332886644979055046,MILFORD REGIONAL MEDICAL CENTER,2022-01,1,516.95,481.95,35.00,516.9500000000000000,0.93229519295870006770
467436209270504951,Humana,244544338078735615,TEWKSBURY HOSPITAL,2022-01,1,85.55,0.00,85.55,85.5500000000000000,0E-20
38194544675647776,Medicaid,801031929336468325,BROCKTON HOSPITAL  INC.,2022-01,1,2673.95,2623.95,50.00,2673.9500000000000000,0.98130107144860599488
467436209270504951,Humana,41581407780620585,WHITTIER REHABILITATION HOSPITAL - BRADFORD,2022-01,1,1250.85,0.00,1250.85,1250.8500000000000000,0E-20
38194544675647776,Medicaid,622746900524004548,WHITTIER REHABILTATION HOSPITAL,2022-02,1,278.58,228.58,50.00,278.5800000000000000,0.82051834302534280996
38194544675647776,Medicaid,244544338078735615,TEWKSBURY HOSPITAL,2022-02,1,2673.95,2623.95,50.00,2673.9500000000000000,0.98130107144860599488
38194544675647776,Medicaid,909182873596142954,SOUTHCOAST HOSPITAL GROUP  INC,2022-02,2,7953.50,7853.50,100.00,3976.7500000000000000,0.98742691896649273905
445788698227523135,Dual Eligible,389966452681632557,BETH ISRAEL DEACONESS HOSPITAL-NEEDHAM  INC.,2022-02,1,20297.15,20262.15,35.00,20297.150000000000,0.99827561997620355567
38194544675647776,Medicaid,635544131513586331,CAMBRIDGE PUBLIC HEALTH COMMISSION,2022-02,1,516.95,466.95,50.00,516.9500000000000000,0.90327884708385723958
38194544675647776,Medicaid,969560228442772145,FAMILY PRACTICE GROUP PC,2022-02,2,2697.48,2497.48,200.00,1348.7400000000000000,0.92585672553642659074
645688281511686373,UnitedHealthcare,472226794892644975,HAVERHILL FAMILY OFFICE LLC,2022-02,1,1254.40,0.00,1254.40,1254.4000000000000000,0E-20
1038854080955376456,Cigna Health,340901791751100142,WP ACQUISITION SUB LLC,2022-02,1,1005.38,1005.38,0.00,1005.3800000000000000,1.00000000000000000000
1038854080955376456,Cigna Health,846294596561620579,WESTFORD INTERNAL MEDICINE PC,2022-02,1,1055.90,0.00,1055.90,1055.9000000000000000,0E-20
1038854080955376456,Cigna Health,744977654436978746,THE LOWELL GENERAL HOSPITAL,2022-02,1,278.58,0.00,278.58,278.5800000000000000,0E-20
746113169580368645,Anthem,969560228442772145,FAMILY PRACTICE GROUP PC,2022-02,1,971.08,0.00,971.08,971.0800000000000000,0E-20
38194544675647776,Medicaid,565804414476228962,FRANCISCAN HOSPITAL FOR CHILDREN INC,2022-02,1,15185.56,15135.56,50.00,15185.5600000000000000,0.99670739834421647934
952317639554652821,Medicare,683258316057948949,STEWARD ST. ANNES HOSPITAL CORPORATION,2022-03,1,85.55,68.44,17.11,85.5500000000000000,0.80000000000000000000
952317639554652821,Medicare,623047219859228790,GARDEN STATE HEALTHCARE ASSOCIATES LLC,2022-03,1,2041.60,1448.70,592.90,2041.6000000000000000,0.70959051724137931034
38194544675647776,Medicaid,622746900524004548,WHITTIER REHABILTATION HOSPITAL,2022-03,1,278.58,228.58,50.00,278.5800000000000000,0.82051834302534280996
38194544675647776,Medicaid,565804414476228962,FRANCISCAN HOSPITAL FOR CHILDREN INC,2022-03,2,24924.52,24824.52,100.00,12462.2600000000000000,0.99598788662730515974
467436209270504951,Humana,58830663438005741,SUNRISE HEALTHCARE LLC,2022-03,1,704.20,0.00,704.20,704.2000000000000000,0E-20
1038854080955376456,Cigna Health,744977654436978746,THE LOWELL GENERAL HOSPITAL,2022-03,1,3241.35,53.08,3188.27,3241.3500000000000000,0.01637589276073241088
445788698227523135,Dual Eligible,353447819048907343,CAMBRIDGE PUBLIC HEALTH COMMISSION,2022-03,1,573.98,538.98,35.00,573.9800000000000000,0.93902226558416669570
357555573157303140,Blue Cross Blue Shield,93679773638781409,TUFTS MEDICAL CENTER,2022-03,1,2715.80,1703.31,1012.49,2715.8000000000000000,0.62718535974666764858
952317639554652821,Medicare,395615810080261442,ANNA JAQUES HOSPITAL SUBACUTE UNIT,2022-03,1,4830.95,3864.76,966.19,4830.9500000000000000,0.80000000000000000000
38194544675647776,Medicaid,909182873596142954,SOUTHCOAST HOSPITAL GROUP  INC,2022-03,1,85.55,35.55,50.00,85.5500000000000000,0.41554646405610753945
467436209270504951,Humana,334510102683813647,BOSTON MEDICAL CENTER CORPORATION-,2022-03,1,563.08,0.00,563.08,563.0800000000000000,0E-20
38194544675647776,Medicaid,635544131513586331,CAMBRIDGE PUBLIC HEALTH COMMISSION,2022-03,1,516.95,466.95,50.00,516.9500000000000000,0.90327884708385723958
357555573157303140,Blue Cross Blue Shield,1082134512216654077,HALLMARK HEALTH URGENT CARE PHYSICIANS LLC,2022-03,1,709.98,496.99,212.99,709.9800000000000000,0.70000563396152004282
645688281511686373,UnitedHealthcare,476697113556229311,BETH ISRAEL DEACONESS HOSPITAL MILTON INC,2022-03,1,85.55,0.00,85.55,85.5500000000000000,0E-20
38194544675647776,Medicaid,801031929336468325,BROCKTON HOSPITAL  INC.,2022-03,1,740.69,690.69,50.00,740.6900000000000000,0.93249537593325142772
357555573157303140,Blue Cross Blue Shield,93679773638781409,TUFTS MEDICAL CENTER,2022-04,1,3105.35,2173.74,931.61,3105.3500000000000000,0.69999838987553737904
445788698227523135,Dual Eligible,332886644979055046,MILFORD REGIONAL MEDICAL CENTER,2022-04,1,3105.35,3070.35,35.00,3105.3500000000000000,0.98872912876165327580
38194544675647776,Medicaid,565804414476228962,FRANCISCAN HOSPITAL FOR CHILDREN INC,2022-04,1,20626.96,20576.96,50.00,20626.960000000000,0.99757598793035910284
38194544675647776,Medicaid,801031929336468325,BROCKTON HOSPITAL  INC.,2022-04,1,3536.75,3486.75,50.00,3536.7500000000000000,0.98586272707994627836
38194544675647776,Medicaid,635544131513586331,CAMBRIDGE PUBLIC HEALTH COMMISSION,2022-04,1,516.95,466.95,50.00,516.9500000000000000,0.90327884708385723958
952317639554652821,Medicare,683258316057948949,STEWARD ST. ANNES HOSPITAL CORPORATION,2022-04,1,142.58,114.06,28.52,142.5800000000000000,0.79997194557441436387
467436209270504951,Humana,41581407780620585,WHITTIER REHABILITATION HOSPITAL - BRADFORD,2022-04,1,1250.85,0.00,1250.85,1250.8500000000000000,0E-20
278663187212707114,NO_INSURANCE,410915144747947572,COOLEY DICKINSON HOSPITAL INC,2022-04,2,7179.66,0.00,7179.66,3589.8300000000000000,0E-20
952317639554652821,Medicare,376833142676655002,HOLISTIC FAMILY PRACTICE  INC.,2022-04,1,704.20,563.36,140.84,704.2000000000000000,0.80000000000000000000
445788698227523135,Dual Eligible,164982158369714689,A&A HEALTHCARE LLC,2022-04,1,785.58,785.58,0.00,785.5800000000000000,1.00000000000000000000
952317639554652821,Medicare,814284400183858824,PRIMARY CARE NORTH PC,2022-05,1,1135.60,908.48,227.12,1135.6000000000000000,0.80000000000000000000
38194544675647776,Medicaid,264175530648959689,SIGNATURE HEALTHCARE MEDICAL GROUP INC,2022-05,1,791.94,791.94,0.00,791.9400000000000000,1.00000000000000000000
645688281511686373,UnitedHealthcare,476697113556229311,BETH ISRAEL DEACONESS HOSPITAL MILTON INC,2022-05,1,85.55,0.00,85.55,85.5500000000000000,0E-20
645688281511686373,UnitedHealthcare,395615810080261442,ANNA JAQUES HOSPITAL SUBACUTE UNIT,2022-05,1,85.55,0.00,85.55,85.5500000000000000,0E-20
952317639554652821,Medicare,1037822919216517364,ANNA JAQUES HOSPITAL SUBACUTE UNIT,2022-05,1,2673.95,2139.16,534.79,2673.9500000000000000,0.80000000000000000000
1038854080955376456,Cigna Health,104996357240950328,UMASS MEMORIAL HEALTHALLIANCE CLINTON HOSPITAL INC,2022-05,1,3105.35,211.60,2893.75,3105.3500000000000000,0.06814046725811905260
211105773257762680,Aetna,731363611095087029,KATZMAN FAMILY CENTER FOR LIVING,2022-05,1,146.18,0.00,146.18,146.1800000000000000,0E-20
278663187212707114,NO_INSURANCE,559102553183312747,HEBREW REHABILITATION CENTER,2022-05,1,3105.35,0.00,3105.35,3105.3500000000000000,0E-20
278663187212707114,NO_INSURANCE,239726299069476648,PERSONALIZED MEDICAL CARE LLC,2022-05,1,840.20,0.00,840.20,840.2000000000000000,0E-20
1038854080955376456,Cigna Health,924438841780828326,CENTER FOR DIGESTIVE WELLNESS PC,2022-05,1,1567.00,0.00,1567.00,1567.0000000000000000,0E-20
38194544675647776,Medicaid,801031929336468325,BROCKTON HOSPITAL  INC.,2022-05,1,3105.35,3055.35,50.00,3105.3500000000000000,0.98389875537379039400
38194544675647776,Medicaid,565804414476228962,FRANCISCAN HOSPITAL FOR CHILDREN INC,2022-05,2,25890.63,25790.63,100.00,12945.3150000000000000,0.99613759881470632426
952317639554652821,Medicare,622746900524004548,WHITTIER REHABILTATION HOSPITAL,2022-06,1,3536.75,2829.40,707.35,3536.7500000000000000,0.80000000000000000000
445788698227523135,Dual Eligible,1100386330438199965,WALTHAM WESTON INTERNAL MEDICINE ASSOCIATES  P.C.,2022-06,1,1284.76,1284.76,0.00,1284.7600000000000000,1.00000000000000000000
467436209270504951,Humana,433837020145504394,ZANJABEE INTEGRATIVE MEDICINE AND PRIMARY CARE LLC,2022-06,1,1130.48,0.00,1130.48,1130.4800000000000000,0E-20
38194544675647776,Medicaid,719406762791431727,BRIARWOOD REHABILITATION & HEALTHCARE CENTER,2022-06,1,87.71,0.00,87.71,87.7100000000000000,0E-20
38194544675647776,Medicaid,565804414476228962,FRANCISCAN HOSPITAL FOR CHILDREN INC,2022-06,1,5263.67,5113.67,150.00,5263.6700000000000000,0.97150277278020848571
467436209270504951,Humana,445265032025896326,QUINCY CENTER PRIMARY CARE PC,2022-06,1,272.80,0.00,272.80,272.8000000000000000,0E-20
952317639554652821,Medicare,1037822919216517364,ANNA JAQUES HOSPITAL SUBACUTE UNIT,2022-06,2,51543.58,41234.85,10308.73,25771.790000000000,0.79999972838518395501
278663187212707114,NO_INSURANCE,410915144747947572,COOLEY DICKINSON HOSPITAL INC,2022-07,2,14152.93,0.00,14152.93,7076.4650000000000000,0E-24
467436209270504951,Humana,222681380209834388,SOUTH SHORE HOSPITAL INC.,2022-07,1,3105.35,0.00,3105.35,3105.3500000000000000,0E-20
467436209270504951,Humana,741458505160782152,LOWELL COMMUNITY HEALTH CENTER,2022-07,1,1270.16,0.00,1270.16,1270.1600000000000000,0E-20
467436209270504951,Humana,919548777387151765,SOUTH SHORE CENTER FOR WELLNESS LTD,2022-07,1,1641.58,0.00,1641.58,1641.5800000000000000,0E-20
746113169580368645,Anthem,694540912856437675,PULMONARY INTERNISTS AND CONSULTANTS PC,2022-07,1,778.78,0.00,778.78,778.7800000000000000,0E-20
445788698227523135,Dual Eligible,389966452681632557,BETH ISRAEL DEACONESS HOSPITAL-NEEDHAM  INC.,2022-07,2,6773.71,6703.71,70.00,3386.8550000000000000,0.98966592901083748788
38194544675647776,Medicaid,565804414476228962,FRANCISCAN HOSPITAL FOR CHILDREN INC,2022-07,1,6125.57,6075.57,50.00,6125.5700000000000000,0.99183749430665227889
467436209270504951,Humana,41581407780620585,WHITTIER REHABILITATION HOSPITAL - BRADFORD,2022-07,1,1250.85,0.00,1250.85,1250.8500000000000000,0E-20
445788698227523135,Dual Eligible,353447819048907343,CAMBRIDGE PUBLIC HEALTH COMMISSION,2022-07,3,5039.11,4934.11,105.00,1679.7033333333333333,0.97916298711478812727
445788698227523135,Dual Eligible,332886644979055046,MILFORD REGIONAL MEDICAL CENTER,2022-07,1,516.95,481.95,35.00,516.9500000000000000,0.93229519295870006770
211105773257762680,Aetna,721972786242253874,BOSTON MEDICAL CENTER CORPORATION-,2022-07,3,3276.45,0.00,3276.45,1092.1500000000000000,0E-20
1038854080955376456,Cigna Health,721972786242253874,BOSTON MEDICAL CENTER CORPORATION-,2022-07,1,85.55,0.00,85.55,85.5500000000000000,0E-20
952317639554652821,Medicare,1037822919216517364,ANNA JAQUES HOSPITAL SUBACUTE UNIT,2022-07,1,10396.83,8317.46,2079.37,10396.8300000000000000,0.79999961526734591217
38194544675647776,Medicaid,635544131513586331,CAMBRIDGE PUBLIC HEALTH COMMISSION,2022-08,1,516.95,366.95,150.00,516.9500000000000000,0.70983654125157171873
445788698227523135,Dual Eligible,332886644979055046,MILFORD REGIONAL MEDICAL CENTER,2022-08,1,516.95,481.95,35.00,516.9500000000000000,0.93229519295870006770
38194544675647776,Medicaid,565804414476228962,FRANCISCAN HOSPITAL FOR CHILDREN INC,2022-08,1,5263.67,5213.67,50.00,5263.6700000000000000,0.99050092426006949524
467436209270504951,Humana,244544338078735615,TEWKSBURY HOSPITAL,2022-08,1,4399.55,0.00,4399.55,4399.5500000000000000,0E-20
38194544675647776,Medicaid,520806008221098162,FIRST PSYCHIATRIC PLANNERS  INC,2022-08,1,85.55,35.55,50.00,85.5500000000000000,0.41554646405610753945
38194544675647776,Medicaid,1003634539940818261,CHARLES RIVER COMMUNITY HEALTH  INC,2022-08,1,914.78,914.78,0.00,914.7800000000000000,1.00000000000000000000
278663187212707114,NO_INSURANCE,410915144747947572,COOLEY DICKINSON HOSPITAL INC,2022-08,2,4916.50,0.00,4916.50,2458.2500000000000000,0E-20
467436209270504951,Humana,76613554195130854,TREE OF LIFE HEALTHCARE ASSOCIATES,2022-08,1,919.90,0.00,919.90,919.9000000000000000,0E-20
278663187212707114,NO_INSURANCE,556944320275034302,PARADIGM HEALTHCARE  PC,2022-08,1,704.20,0.00,704.20,704.2000000000000000,0E-20
952317639554652821,Medicare,1037822919216517364,ANNA JAQUES HOSPITAL SUBACUTE UNIT,2022-08,1,12103.90,9683.11,2420.79,12103.9000000000000000,0.79999917382000842704
278663187212707114,NO_INSURANCE,410915144747947572,COOLEY DICKINSON HOSPITAL INC,2022-09,1,516.95,0.00,516.95,516.9500000000000000,0E-20
952317639554652821,Medicare,1037822919216517364,ANNA JAQUES HOSPITAL SUBACUTE UNIT,2022-09,2,10725.53,8580.41,2145.12,5362.7650000000000000,0.79999869470319881628
38194544675647776,Medicaid,719406762791431727,BRIARWOOD REHABILITATION & HEALTHCARE CENTER,2022-09,1,5308.14,5195.85,112.29,5308.1400000000000000,0.97884569736291808430
38194544675647776,Medicaid,565804414476228962,FRANCISCAN HOSPITAL FOR CHILDREN INC,2022-09,2,10527.34,10427.34,100.00,5263.6700000000000000,0.99050092426006949524
952317639554652821,Medicare,1037822919216517364,ANNA JAQUES HOSPITAL SUBACUTE UNIT,2022-10,1,10634.93,8507.94,2126.99,10634.9300000000000000,0.79999962388092822426
278663187212707114,NO_INSURANCE,620694805014769083,STONEHEDGE HEALTH CARE CENTER,2022-10,1,4407.08,0.00,4407.08,4407.0800000000000000,0E-20
467436209270504951,Humana,41581407780620585,WHITTIER REHABILITATION HOSPITAL - BRADFORD,2022-10,1,3718.44,1263.68,2454.76,3718.4400000000000000,0.33984143888297242930
952317639554652821,Medicare,395615810080261442,ANNA JAQUES HOSPITAL SUBACUTE UNIT,2022-10,2,2759.50,2207.60,551.90,1379.7500000000000000,0.80000000000000000000
952317639554652821,Medicare,160559015988030201,HEALTHFIRST FAMILY CARE CENTER INC,2022-10,1,8000.58,6400.46,1600.12,8000.5800000000000000,0.79999950003624737207
952317639554652821,Medicare,683258316057948949,STEWARD ST. ANNES HOSPITAL CORPORATION,2022-10,1,3536.75,2829.40,707.35,3536.7500000000000000,0.80000000000000000000
445788698227523135,Dual Eligible,132019786462314408,DAVIS SQUARE FAMILY PRACTICE,2022-10,1,941.54,941.54,0.00,941.5400000000000000,1.00000000000000000000
467436209270504951,Humana,222681380209834388,SOUTH SHORE HOSPITAL INC.,2022-10,1,85.55,0.00,85.55,85.5500000000000000,0E-20
445788698227523135,Dual Eligible,39538555446517326,VNA & HOSPICE OF GREATER MILFORD,2022-10,1,146.18,111.18,35.00,146.1800000000000000,0.76056916130797646737
38194544675647776,Medicaid,565804414476228962,FRANCISCAN HOSPITAL FOR CHILDREN INC,2022-10,1,20626.96,20576.96,50.00,20626.960000000000,0.99757598793035910284
278663187212707114,NO_INSURANCE,410915144747947572,COOLEY DICKINSON HOSPITAL INC,2022-10,1,516.95,0.00,516.95,516.9500000000000000,0E-20
467436209270504951,Humana,445265032025896326,QUINCY CENTER PRIMARY CARE PC,2022-11,1,1135.60,0.00,1135.60,1135.6000000000000000,0E-20
38194544675647776,Medicaid,719406762791431727,BRIARWOOD REHABILITATION & HEALTHCARE CENTER,2022-11,1,87.71,37.71,50.00,87.7100000000000000,0.42993957359480104891
645688281511686373,UnitedHealthcare,703727186913582450,ASSOCIATED INTERNISTS OF RANDOLPH  INC.,2022-11,1,929.50,25.94,903.56,929.5000000000000000,0.02790747713824636902
952317639554652821,Medicare,1037822919216517364,ANNA JAQUES HOSPITAL SUBACUTE UNIT,2022-11,1,16816.83,13453.46,3363.37,16816.8300000000000000,0.79999976214304360572
38194544675647776,Medicaid,565804414476228962,FRANCISCAN HOSPITAL FOR CHILDREN INC,2022-11,1,5263.67,5213.67,50.00,5263.6700000000000000,0.99050092426006949524
357555573157303140,Blue Cross Blue Shield,801031929336468325,BROCKTON HOSPITAL  INC.,2022-11,1,2809.95,0.00,2809.95,2809.9500000000000000,0E-20
645688281511686373,UnitedHealthcare,476697113556229311,BETH ISRAEL DEACONESS HOSPITAL MILTON INC,2022-11,1,2673.95,2139.16,534.79,2673.9500000000000000,0.80000000000000000000
357555573157303140,Blue Cross Blue Shield,557025406090317911,DILIGENCEHEALTHCARE,2022-11,1,1663.34,0.00,1663.34,1663.3400000000000000,0E-20
746113169580368645,Anthem,392549857133219292,CAPE COD HOSPITAL INC,2022-11,1,948.35,427.26,521.09,948.3500000000000000,0.45052986766489165393
645688281511686373,UnitedHealthcare,679474484616751075,NEWBURYPORT FAMILY PRACTICE P.C.,2022-12,1,816.80,0.00,816.80,816.8000000000000000,0E-20
357555573157303140,Blue Cross Blue Shield,93679773638781409,TUFTS MEDICAL CENTER,2022-12,3,11344.52,5975.73,5368.79,3781.5066666666666667,0.52675036052649208605
467436209270504951,Humana,222681380209834388,SOUTH SHORE HOSPITAL INC.,2022-12,1,85.55,0.00,85.55,85.5500000000000000,0E-20
38194544675647776,Medicaid,1053862909723414558,COMPASSIONATE HEALTH CARE GROUP LLC,2022-12,1,1001.28,901.28,100.00,1001.2800000000000000,0.90012783636944710770
211105773257762680,Aetna,109016295863276866,FAMILY SERVICE ASSOCIATION OF GREATER FALL RIVER INC,2022-12,1,1558.85,0.00,1558.85,1558.8500000000000000,0E-20
357555573157303140,Blue Cross Blue Shield,790885867393293671,DUTTON FAMILY CARE ASSOCIATES LLP,2022-12,1,1431.00,0.00,1431.00,1431.0000000000000000,0E-20
38194544675647776,Medicaid,565804414476228962,FRANCISCAN HOSPITAL FOR CHILDREN INC,2022-12,2,38309.15,38209.15,100.00,19154.575000000000,0.99738965756222730079
467436209270504951,Humana,137002283324145083,STURDY MEMORIAL HOSPITAL INC,2022-12,1,2673.95,0.00,2673.95,2673.9500000000000000,0E-20
445788698227523135,Dual Eligible,332886644979055046,MILFORD REGIONAL MEDICAL CENTER,2022-12,1,516.95,481.95,35.00,516.9500000000000000,0.93229519295870006770
38194544675647776,Medicaid,396031016204066515,LYNN COMMUNITY HEALTH,2022-12,1,919.90,819.90,100.00,919.9000000000000000,0.89129253179693444940
357555573157303140,Blue Cross Blue Shield,801031929336468325,BROCKTON HOSPITAL  INC.,2022-12,1,278.58,176.31,102.27,278.5800000000000000,0.63288821882403618350
952317639554652821,Medicare,1037822919216517364,ANNA JAQUES HOSPITAL SUBACUTE UNIT,2022-12,2,18125.83,14314.25,3811.58,9062.9150000000000000,0.78971556061156923573
211105773257762680,Aetna,44500129533123678,SOUTHCOAST HOSPITALS GROUP INC,2022-12,1,3105.35,0.00,3105.35,3105.3500000000000000,0E-20
467436209270504951,Humana,654096641582644263,BL HEALTHCARE INC DELEWARE,2022-12,1,1143.64,0.00,1143.64,1143.6400000000000000,0E-20
645688281511686373,UnitedHealthcare,866549107229357074,HOPKINTON MEDICAL CARE  P.C.,2022-12,1,904.02,0.00,904.02,904.0200000000000000,0E-20
952317639554652821,Medicare,195632976629646692,SEA VIEW CONVALESCENT AND NURSING HOME,2023-01,1,2925.60,2340.48,585.12,2925.6000000000000000,0.80000000000000000000
38194544675647776,Medicaid,520806008221098162,FIRST PSYCHIATRIC PLANNERS  INC,2023-01,1,573.98,423.98,150.00,573.9800000000000000,0.73866685250357155302
952317639554652821,Medicare,815218868737845247,Causeway OPC,2023-01,1,785.58,628.46,157.12,785.5800000000000000,0.79999490822067771583
952317639554652821,Medicare,1037822919216517364,ANNA JAQUES HOSPITAL SUBACUTE UNIT,2023-01,2,18039.88,14431.89,3607.99,9019.9400000000000000,0.79999922394162267155
38194544675647776,Medicaid,29818448345197287,GREATER LAWRENCE FAMILY HEALTH CENTER INC,2023-01,1,704.20,604.20,100.00,704.2000000000000000,0.85799488781596137461
746113169580368645,Anthem,249985492892219599,WHITLEY WELLNESS LLC,2023-01,1,272.80,0.00,272.80,272.8000000000000000,0E-20
357555573157303140,Blue Cross Blue Shield,93679773638781409,TUFTS MEDICAL CENTER,2023-01,2,22881.28,16171.98,6709.30,11440.6400000000000000,0.70677776767733273663
445788698227523135,Dual Eligible,332886644979055046,MILFORD REGIONAL MEDICAL CENTER,2023-01,1,516.95,481.95,35.00,516.9500000000000000,0.93229519295870006770
38194544675647776,Medicaid,565804414476228962,FRANCISCAN HOSPITAL FOR CHILDREN INC,2023-01,1,20466.00,20416.00,50.00,20466.000000000000,0.99755692367829570996
645688281511686373,UnitedHealthcare,472226794892644975,HAVERHILL FAMILY OFFICE LLC,2023-02,1,919.90,0.00,919.90,919.9000000000000000,0E-20
38194544675647776,Medicaid,635544131513586331,CAMBRIDGE PUBLIC HEALTH COMMISSION,2023-02,1,516.95,466.95,50.00,516.9500000000000000,0.90327884708385723958
467436209270504951,Humana,636964980173115292,COMFORT HOME CARE  LLC,2023-02,1,146.18,0.00,146.18,146.1800000000000000,0E-20
645688281511686373,UnitedHealthcare,340901791751100142,WP ACQUISITION SUB LLC,2023-02,1,2673.95,1708.68,965.27,2673.9500000000000000,0.63900970474391817349
38194544675647776,Medicaid,565804414476228962,FRANCISCAN HOSPITAL FOR CHILDREN INC,2023-02,1,20626.96,20576.96,50.00,20626.960000000000,0.99757598793035910284
467436209270504951,Humana,244544338078735615,TEWKSBURY HOSPITAL,2023-02,1,142.58,85.55,57.03,142.5800000000000000,0.60001402721279281807
467436209270504951,Humana,41581407780620585,WHITTIER REHABILITATION HOSPITAL - BRADFORD,2023-02,1,50456.38,26617.43,23838.95,50456.380000000000,0.52753348535903685520
746113169580368645,Anthem,969560228442772145,FAMILY PRACTICE GROUP PC,2023-02,1,1055.90,0.00,1055.90,1055.9000000000000000,0E-20
38194544675647776,Medicaid,719406762791431727,BRIARWOOD REHABILITATION & HEALTHCARE CENTER,2023-02,1,146.18,96.18,50.00,146.1800000000000000,0.65795594472568066767
38194544675647776,Medicaid,969560228442772145,FAMILY PRACTICE GROUP PC,2023-02,2,1997.31,1897.31,100.00,998.6550000000000000,0.94993265942692921980
38194544675647776,Medicaid,520806008221098162,FIRST PSYCHIATRIC PLANNERS  INC,2023-02,1,20626.96,20576.96,50.00,20626.960000000000,0.99757598793035910284
445788698227523135,Dual Eligible,332886644979055046,MILFORD REGIONAL MEDICAL CENTER,2023-02,1,516.95,481.95,35.00,516.9500000000000000,0.93229519295870006770
38194544675647776,Medicaid,244544338078735615,TEWKSBURY HOSPITAL,2023-02,1,5262.35,5212.35,50.00,5262.3500000000000000,0.99049854152612426007
357555573157303140,Blue Cross Blue Shield,93679773638781409,TUFTS MEDICAL CENTER,2023-02,1,516.95,516.95,0.00,516.9500000000000000,1.00000000000000000000
1038854080955376456,Cigna Health,340901791751100142,WP ACQUISITION SUB LLC,2023-02,1,1250.85,0.00,1250.85,1250.8500000000000000,0E-20
952317639554652821,Medicare,723111811226363721,CHESTNUT WOODS REHABILITATION AND HEALTHCARE CTR,2023-03,2,16218.90,12867.85,3351.05,8109.4500000000000000,0.79338611126525226742
746113169580368645,Anthem,420221548349436151,MOUNT AUBURN HOSPITAL,2023-03,1,278.58,0.00,278.58,278.5800000000000000,0E-20
952317639554652821,Medicare,623047219859228790,GARDEN STATE HEALTHCARE ASSOCIATES LLC,2023-03,1,1216.98,789.00,427.98,1216.9800000000000000,0.64832618448947394370
1038854080955376456,Cigna Health,744977654436978746,THE LOWELL GENERAL HOSPITAL,2023-03,1,2673.95,0.00,2673.95,2673.9500000000000000,0E-20
467436209270504951,Humana,41581407780620585,WHITTIER REHABILITATION HOSPITAL - BRADFORD,2023-03,2,19711.56,19711.56,0.00,9855.7800000000000000,1.00000000000000000000
445788698227523135,Dual Eligible,332886644979055046,MILFORD REGIONAL MEDICAL CENTER,2023-03,1,516.95,481.95,35.00,516.9500000000000000,0.93229519295870006770
952317639554652821,Medicare,1037822919216517364,ANNA JAQUES HOSPITAL SUBACUTE UNIT,2023-03,1,1005.38,804.30,201.08,1005.3800000000000000,0.79999602140484195031
467436209270504951,Humana,137002283324145083,STURDY MEMORIAL HOSPITAL INC,2023-03,2,4195.49,1314.09,2881.40,2097.7450000000000000,0.31321490457610434061
952317639554652821,Medicare,395615810080261442,ANNA JAQUES HOSPITAL SUBACUTE UNIT,2023-03,2,5889.21,4711.36,1177.85,2944.6050000000000000,0.79999864158350610693
467436209270504951,Humana,244544338078735615,TEWKSBURY HOSPITAL,2023-03,1,10955.45,6573.27,4382.18,10955.4500000000000000,0.60000000000000000000
38194544675647776,Medicaid,565804414476228962,FRANCISCAN HOSPITAL FOR CHILDREN INC,2023-03,2,10527.34,10427.34,100.00,5263.6700000000000000,0.99050092426006949524
38194544675647776,Medicaid,635544131513586331,CAMBRIDGE PUBLIC HEALTH COMMISSION,2023-03,1,516.95,466.95,50.00,516.9500000000000000,0.90327884708385723958
357555573157303140,Blue Cross Blue Shield,93679773638781409,TUFTS MEDICAL CENTER,2023-03,2,1033.90,1033.90,0.00,516.9500000000000000,1.00000000000000000000
38194544675647776,Medicaid,520806008221098162,FIRST PSYCHIATRIC PLANNERS  INC,2023-03,2,7937.62,7837.62,100.00,3968.8100000000000000,0.98740176526465111709
467436209270504951,Humana,334510102683813647,BOSTON MEDICAL CENTER CORPORATION-,2023-03,1,272.80,0.00,272.80,272.8000000000000000,0E-20
1038854080955376456,Cigna Health,846294596561620579,WESTFORD INTERNAL MEDICINE PC,2023-03,1,840.20,0.00,840.20,840.2000000000000000,0E-20
278663187212707114,NO_INSURANCE,410915144747947572,COOLEY DICKINSON HOSPITAL INC,2023-04,1,142.58,0.00,142.58,142.5800000000000000,0E-20
952317639554652821,Medicare,683258316057948949,STEWARD ST. ANNES HOSPITAL CORPORATION,2023-04,1,4993.24,3994.59,998.65,4993.2400000000000000,0.79999959945846784853
357555573157303140,Blue Cross Blue Shield,93679773638781409,TUFTS MEDICAL CENTER,2023-04,1,516.95,516.95,0.00,516.9500000000000000,1.00000000000000000000
467436209270504951,Humana,58830663438005741,SUNRISE HEALTHCARE LLC,2023-04,1,778.78,778.78,0.00,778.7800000000000000,1.00000000000000000000
467436209270504951,Humana,41581407780620585,WHITTIER REHABILITATION HOSPITAL - BRADFORD,2023-04,1,11637.73,11637.73,0.00,11637.7300000000000000,1.00000000000000000000
445788698227523135,Dual Eligible,164982158369714689,A&A HEALTHCARE LLC,2023-04,1,1471.62,1471.62,0.00,1471.6200000000000000,1.00000000000000000000
952317639554652821,Medicare,622746900524004548,WHITTIER REHABILTATION HOSPITAL,2023-04,1,5251.60,4201.28,1050.32,5251.6000000000000000,0.80000000000000000000
746113169580368645,Anthem,420221548349436151,MOUNT AUBURN HOSPITAL,2023-04,1,278.58,124.05,154.53,278.5800000000000000,0.44529399095412448848
278663187212707114,NO_INSURANCE,620694805014769083,STONEHEDGE HEALTH CARE CENTER,2023-04,1,16125.04,0.00,16125.04,16125.0400000000000000,0E-24
38194544675647776,Medicaid,565804414476228962,FRANCISCAN HOSPITAL FOR CHILDREN INC,2023-04,1,12917.11,12867.11,50.00,12917.1100000000000000,0.99612916511510701697
38194544675647776,Medicaid,520806008221098162,FIRST PSYCHIATRIC PLANNERS  INC,2023-04,1,7280.83,7230.83,50.00,7280.8300000000000000,0.99313265108510980204
445788698227523135,Dual Eligible,332886644979055046,MILFORD REGIONAL MEDICAL CENTER,2023-04,1,516.95,481.95,35.00,516.9500000000000000,0.93229519295870006770
38194544675647776,Medicaid,635544131513586331,CAMBRIDGE PUBLIC HEALTH COMMISSION,2023-04,1,516.95,466.95,50.00,516.9500000000000000,0.90327884708385723958
445788698227523135,Dual Eligible,389966452681632557,BETH ISRAEL DEACONESS HOSPITAL-NEEDHAM  INC.,2023-05,1,2805.56,2770.56,35.00,2805.5600000000000000,0.98752477223798457349
952317639554652821,Medicare,376833142676655002,HOLISTIC FAMILY PRACTICE  INC.,2023-05,1,998.38,798.69,199.69,998.3800000000000000,0.79998597728319878203
38194544675647776,Medicaid,565804414476228962,FRANCISCAN HOSPITAL FOR CHILDREN INC,2023-05,1,20626.96,20576.96,50.00,20626.960000000000,0.99757598793035910284
467436209270504951,Humana,445265032025896326,QUINCY CENTER PRIMARY CARE PC,2023-05,1,136.80,0.00,136.80,136.8000000000000000,0E-20
38194544675647776,Medicaid,719406762791431727,BRIARWOOD REHABILITATION & HEALTHCARE CENTER,2023-05,1,146.18,0.00,146.18,146.1800000000000000,0E-20
1038854080955376456,Cigna Health,924438841780828326,CENTER FOR DIGESTIVE WELLNESS PC,2023-05,1,488.50,0.00,488.50,488.5000000000000000,0E-20
38194544675647776,Medicaid,264175530648959689,SIGNATURE HEALTHCARE MEDICAL GROUP INC,2023-05,1,784.54,784.54,0.00,784.5400000000000000,1.00000000000000000000
1038854080955376456,Cigna Health,651473276246308486,GREATER LAWRENCE FAMILY HEALTH CENTER INC,2023-05,1,1109.14,0.00,1109.14,1109.1400000000000000,0E-20
38194544675647776,Medicaid,635544131513586331,CAMBRIDGE PUBLIC HEALTH COMMISSION,2023-05,1,516.95,366.95,150.00,516.9500000000000000,0.70983654125157171873
38194544675647776,Medicaid,520806008221098162,FIRST PSYCHIATRIC PLANNERS  INC,2023-05,3,12243.29,12093.29,150.00,4081.0966666666666667,0.98774839115956577031
952317639554652821,Medicare,239726299069476648,PERSONALIZED MEDICAL CARE LLC,2023-05,1,1567.00,1067.20,499.80,1567.0000000000000000,0.68104658583280153159
467436209270504951,Humana,41581407780620585,WHITTIER REHABILITATION HOSPITAL - BRADFORD,2023-05,1,7280.94,7280.94,0.00,7280.9400000000000000,1.00000000000000000000
467436209270504951,Humana,679818074188163933,ARBOUR-FULLER HOSPITAL,2023-05,1,142.58,0.00,142.58,142.5800000000000000,0E-20
38194544675647776,Medicaid,801031929336468325,BROCKTON HOSPITAL  INC.,2023-05,2,3550.64,3450.64,100.00,1775.3200000000000000,0.97183606335759187076
1038854080955376456,Cigna Health,340901791751100142,WP ACQUISITION SUB LLC,2023-05,2,4557.71,816.80,3740.91,2278.8550000000000000,0.17921280643129992913
38194544675647776,Medicaid,1031243542611916810,ENCOMPASS HEALTH REHABILITATION HOSP OF NEW ENGLAN,2023-05,1,3105.35,3055.35,50.00,3105.3500000000000000,0.98389875537379039400
38194544675647776,Medicaid,587757060655614946,CLARITY HEALTH & WELLNESS LLC,2023-05,1,1050.78,950.78,100.00,1050.7800000000000000,0.90483260054435752489
357555573157303140,Blue Cross Blue Shield,93679773638781409,TUFTS MEDICAL CENTER,2023-05,3,1119.45,1119.45,0.00,373.1500000000000000,1.00000000000000000000
467436209270504951,Humana,41581407780620585,WHITTIER REHABILITATION HOSPITAL - BRADFORD,2023-06,1,8844.89,8844.89,0.00,8844.8900000000000000,1.00000000000000000000
38194544675647776,Medicaid,635544131513586331,CAMBRIDGE PUBLIC HEALTH COMMISSION,2023-06,1,516.95,466.95,50.00,516.9500000000000000,0.90327884708385723958
952317639554652821,Medicare,814284400183858824,PRIMARY CARE NORTH PC,2023-06,1,1997.87,1598.30,399.57,1997.8700000000000000,0.80000200213227086847
952317639554652821,Medicare,622746900524004548,WHITTIER REHABILTATION HOSPITAL,2023-06,2,3190.90,2552.72,638.18,1595.4500000000000000,0.80000000000000000000
357555573157303140,Blue Cross Blue Shield,93679773638781409,TUFTS MEDICAL CENTER,2023-06,2,602.50,602.50,0.00,301.2500000000000000,1.00000000000000000000
445788698227523135,Dual Eligible,353447819048907343,CAMBRIDGE PUBLIC HEALTH COMMISSION,2023-06,3,7353.09,7248.09,105.00,2451.0300000000000000,0.98572028902135020787
38194544675647776,Medicaid,719406762791431727,BRIARWOOD REHABILITATION & HEALTHCARE CENTER,2023-06,1,87.71,33.89,53.82,87.7100000000000000,0.38638695701744384905
38194544675647776,Medicaid,565804414476228962,FRANCISCAN HOSPITAL FOR CHILDREN INC,2023-06,1,7561.92,7511.92,50.00,7561.9200000000000000,0.99338792264398459650
38194544675647776,Medicaid,132019786462314408,DAVIS SQUARE FAMILY PRACTICE,2023-06,1,704.20,704.20,0.00,704.2000000000000000,1.00000000000000000000
445788698227523135,Dual Eligible,257485178825861130,URGENT CARE MEDICAL ASSOCIATES  LLC,2023-06,1,142.58,107.58,35.00,142.5800000000000000,0.75452377612568382662
38194544675647776,Medicaid,520806008221098162,FIRST PSYCHIATRIC PLANNERS  INC,2023-06,1,10066.49,10016.49,50.00,10066.4900000000000000,0.99503302541402216661
445788698227523135,Dual Eligible,1100386330438199965,WALTHAM WESTON INTERNAL MEDICINE ASSOCIATES  P.C.,2023-06,1,1284.76,1284.76,0.00,1284.7600000000000000,1.00000000000000000000
38194544675647776,Medicaid,635544131513586331,CAMBRIDGE PUBLIC HEALTH COMMISSION,2023-07,2,3622.30,3522.30,100.00,1811.1500000000000000,0.97239323082019711233
38194544675647776,Medicaid,801031929336468325,BROCKTON HOSPITAL  INC.,2023-07,1,876.69,826.69,50.00,876.6900000000000000,0.94296729744835688784
467436209270504951,Humana,41581407780620585,WHITTIER REHABILITATION HOSPITAL - BRADFORD,2023-07,1,6377.25,6377.25,0.00,6377.2500000000000000,1.00000000000000000000
467436209270504951,Humana,222681380209834388,SOUTH SHORE HOSPITAL INC.,2023-07,1,2673.95,0.00,2673.95,2673.9500000000000000,0E-20
38194544675647776,Medicaid,565804414476228962,FRANCISCAN HOSPITAL FOR CHILDREN INC,2023-07,1,573.98,423.98,150.00,573.9800000000000000,0.73866685250357155302
38194544675647776,Medicaid,405686286755502306,BERKSHIRE MEDICAL CENTER INC,2023-07,1,3536.75,3486.75,50.00,3536.7500000000000000,0.98586272707994627836
38194544675647776,Medicaid,520806008221098162,FIRST PSYCHIATRIC PLANNERS  INC,2023-07,1,6053.64,6003.64,50.00,6053.6400000000000000,0.99174050653821502435
952317639554652821,Medicare,683258316057948949,STEWARD ST. ANNES HOSPITAL CORPORATION,2023-07,1,5264.17,4211.33,1052.84,5264.1700000000000000,0.79999886021917985171
467436209270504951,Humana,919548777387151765,SOUTH SHORE CENTER FOR WELLNESS LTD,2023-07,1,704.20,0.00,704.20,704.2000000000000000,0E-20
952317639554652821,Medicare,395615810080261442,ANNA JAQUES HOSPITAL SUBACUTE UNIT,2023-07,1,4575.68,3660.54,915.14,4575.6800000000000000,0.79999912581299391566
211105773257762680,Aetna,49658252277416711,PALMER FAMILY SERVICES LLC,2023-07,1,347.38,0.00,347.38,347.3800000000000000,0E-20
467436209270504951,Humana,66387877495315826,NEW ENGLAND REHABILITATION SERVICES OF CENTRAL MASSACHUSETTS INC,2023-07,1,142.58,0.00,142.58,142.5800000000000000,0E-20
1038854080955376456,Cigna Health,104996357240950328,UMASS MEMORIAL HEALTHALLIANCE CLINTON HOSPITAL INC,2023-08,1,3536.75,0.00,3536.75,3536.7500000000000000,0E-20
467436209270504951,Humana,741458505160782152,LOWELL COMMUNITY HEALTH CENTER,2023-08,1,1357.87,0.00,1357.87,1357.8700000000000000,0E-20
467436209270504951,Humana,679818074188163933,ARBOUR-FULLER HOSPITAL,2023-08,1,3105.35,0.00,3105.35,3105.3500000000000000,0E-20
38194544675647776,Medicaid,635544131513586331,CAMBRIDGE PUBLIC HEALTH COMMISSION,2023-08,1,516.95,466.95,50.00,516.9500000000000000,0.90327884708385723958
467436209270504951,Humana,76613554195130854,TREE OF LIFE HEALTHCARE ASSOCIATES,2023-08,1,914.78,0.00,914.78,914.7800000000000000,0E-20
445788698227523135,Dual Eligible,257485178825861130,URGENT CARE MEDICAL ASSOCIATES  LLC,2023-08,1,1154.54,1119.54,35.00,1154.5400000000000000,0.96968489614911566511
211105773257762680,Aetna,49658252277416711,PALMER FAMILY SERVICES LLC,2023-08,1,272.80,0.00,272.80,272.8000000000000000,0E-20
467436209270504951,Humana,244544338078735615,TEWKSBURY HOSPITAL,2023-08,1,4830.95,290.78,4540.17,4830.9500000000000000,0.06019105972945279914
278663187212707114,NO_INSURANCE,556944320275034302,PARADIGM HEALTHCARE  PC,2023-08,1,989.36,0.00,989.36,989.3600000000000000,0E-20
467436209270504951,Humana,484606205110823681,FAMILY MEDICINE ASSOCIATES OF SOUTH ATTLEBORO  P.C.,2023-08,1,1186.78,0.00,1186.78,1186.7800000000000000,0E-20
278663187212707114,NO_INSURANCE,410915144747947572,COOLEY DICKINSON HOSPITAL INC,2023-08,1,3105.35,0.00,3105.35,3105.3500000000000000,0E-20
467436209270504951,Humana,41581407780620585,WHITTIER REHABILITATION HOSPITAL - BRADFORD,2023-08,2,18158.05,18158.05,0.00,9079.0250000000000000,1.00000000000000000000
211105773257762680,Aetna,392549857133219292,CAPE COD HOSPITAL INC,2023-08,1,3105.35,0.00,3105.35,3105.3500000000000000,0E-20
211105773257762680,Aetna,694540912856437675,PULMONARY INTERNISTS AND CONSULTANTS PC,2023-08,1,919.90,0.00,919.90,919.9000000000000000,0E-20
38194544675647776,Medicaid,520806008221098162,FIRST PSYCHIATRIC PLANNERS  INC,2023-08,1,5263.67,5213.67,50.00,5263.6700000000000000,0.99050092426006949524
1038854080955376456,Cigna Health,340901791751100142,WP ACQUISITION SUB LLC,2023-08,1,1250.85,875.60,375.25,1250.8500000000000000,0.70000399728184834313
38194544675647776,Medicaid,1003634539940818261,CHARLES RIVER COMMUNITY HEALTH  INC,2023-08,1,1567.00,1567.00,0.00,1567.0000000000000000,1.00000000000000000000
445788698227523135,Dual Eligible,389966452681632557,BETH ISRAEL DEACONESS HOSPITAL-NEEDHAM  INC.,2023-09,2,5065.66,4995.66,70.00,2532.8300000000000000,0.98618146500159900191
38194544675647776,Medicaid,520806008221098162,FIRST PSYCHIATRIC PLANNERS  INC,2023-09,2,28100.87,28000.87,100.00,14050.4350000000000000,0.99644139131635426234
952317639554652821,Medicare,954034748055540626,COMPASSIONATE CARE HOSPICE,2023-09,1,19981.93,15799.14,4182.79,19981.9300000000000000,0.79067137158422634851
467436209270504951,Humana,425148336100545870,COLEMAN HOUSE,2023-09,1,2925.60,2925.60,0.00,2925.6000000000000000,1.00000000000000000000
38194544675647776,Medicaid,622746900524004548,WHITTIER REHABILTATION HOSPITAL,2023-09,1,85.55,35.55,50.00,85.5500000000000000,0.41554646405610753945
952317639554652821,Medicare,395615810080261442,ANNA JAQUES HOSPITAL SUBACUTE UNIT,2023-09,1,4575.68,3660.54,915.14,4575.6800000000000000,0.79999912581299391566
38194544675647776,Medicaid,635544131513586331,CAMBRIDGE PUBLIC HEALTH COMMISSION,2023-09,1,516.95,466.95,50.00,516.9500000000000000,0.90327884708385723958
445788698227523135,Dual Eligible,353447819048907343,CAMBRIDGE PUBLIC HEALTH COMMISSION,2023-10,1,4399.55,4364.55,35.00,4399.5500000000000000,0.99204464092918593947
211105773257762680,Aetna,49658252277416711,PALMER FAMILY SERVICES LLC,2023-10,1,1032.50,0.00,1032.50,1032.5000000000000000,0E-20
952317639554652821,Medicare,559102553183312747,HEBREW REHABILITATION CENTER,2023-10,1,948.35,758.68,189.67,948.3500000000000000,0.80000000000000000000
38194544675647776,Medicaid,719406762791431727,BRIARWOOD REHABILITATION & HEALTHCARE CENTER,2023-10,1,15809.94,15759.94,50.00,15809.9400000000000000,0.99683743265312834837
445788698227523135,Dual Eligible,132019786462314408,DAVIS SQUARE FAMILY PRACTICE,2023-10,1,778.78,778.78,0.00,778.7800000000000000,1.00000000000000000000
38194544675647776,Medicaid,520806008221098162,FIRST PSYCHIATRIC PLANNERS  INC,2023-10,1,5263.67,5213.67,50.00,5263.6700000000000000,0.99050092426006949524
445788698227523135,Dual Eligible,389966452681632557,BETH ISRAEL DEACONESS HOSPITAL-NEEDHAM  INC.,2023-10,1,1318.66,1283.66,35.00,1318.6600000000000000,0.97345790423611848392
952317639554652821,Medicare,160559015988030201,HEALTHFIRST FAMILY CARE CENTER INC,2023-10,1,7881.42,6305.13,1576.29,7881.4200000000000000,0.79999923871586592264
467436209270504951,Humana,41581407780620585,WHITTIER REHABILITATION HOSPITAL - BRADFORD,2023-10,1,1005.38,1005.38,0.00,1005.3800000000000000,1.00000000000000000000
38194544675647776,Medicaid,520806008221098162,FIRST PSYCHIATRIC PLANNERS  INC,2023-11,1,5263.67,5213.67,50.00,5263.6700000000000000,0.99050092426006949524
952317639554652821,Medicare,93679773638781409,TUFTS MEDICAL CENTER,2023-11,1,556.40,445.12,111.28,556.4000000000000000,0.80000000000000000000
467436209270504951,Humana,445265032025896326,QUINCY CENTER PRIMARY CARE PC,2023-11,1,676.10,0.00,676.10,676.1000000000000000,0E-20
445788698227523135,Dual Eligible,332886644979055046,MILFORD REGIONAL MEDICAL CENTER,2023-11,1,146.18,111.18,35.00,146.1800000000000000,0.76056916130797646737
645688281511686373,UnitedHealthcare,703727186913582450,ASSOCIATED INTERNISTS OF RANDOLPH  INC.,2023-11,1,704.20,0.00,704.20,704.2000000000000000,0E-20
445788698227523135,Dual Eligible,389966452681632557,BETH ISRAEL DEACONESS HOSPITAL-NEEDHAM  INC.,2023-11,1,2673.95,2638.95,35.00,2673.9500000000000000,0.98691075001402419641
1038854080955376456,Cigna Health,814284400183858824,PRIMARY CARE NORTH PC,2023-11,1,1444.65,0.00,1444.65,1444.6500000000000000,0E-20
357555573157303140,Blue Cross Blue Shield,557025406090317911,DILIGENCEHEALTHCARE,2023-11,1,1055.90,0.00,1055.90,1055.9000000000000000,0E-20
645688281511686373,UnitedHealthcare,476697113556229311,BETH ISRAEL DEACONESS HOSPITAL MILTON INC,2023-11,1,3536.75,2642.17,894.58,3536.7500000000000000,0.74706156782356683396
1038854080955376456,Cigna Health,340901791751100142,WP ACQUISITION SUB LLC,2023-11,1,1250.85,875.60,375.25,1250.8500000000000000,0.70000399728184834313
1038854080955376456,Cigna Health,721972786242253874,BOSTON MEDICAL CENTER CORPORATION-,2023-11,2,12430.73,6562.76,5867.97,6215.3650000000000000,0.52794646814788833801
645688281511686373,UnitedHealthcare,332886644979055046,MILFORD REGIONAL MEDICAL CENTER,2023-12,1,4399.55,3302.66,1096.89,4399.5500000000000000,0.75068131968042186133
1038854080955376456,Cigna Health,744977654436978746,THE LOWELL GENERAL HOSPITAL,2023-12,1,2673.95,0.00,2673.95,2673.9500000000000000,0E-20
1038854080955376456,Cigna Health,439410479591029051,LOWELL FAMILY MEDICAL CARE PC,2023-12,1,1214.85,0.00,1214.85,1214.8500000000000000,0E-20
38194544675647776,Medicaid,1053862909723414558,COMPASSIONATE HEALTH CARE GROUP LLC,2023-12,1,1075.86,975.86,100.00,1075.8600000000000000,0.90705110330340378860
645688281511686373,UnitedHealthcare,866549107229357074,HOPKINTON MEDICAL CARE  P.C.,2023-12,1,1186.78,0.00,1186.78,1186.7800000000000000,0E-20
211105773257762680,Aetna,109016295863276866,FAMILY SERVICE ASSOCIATION OF GREATER FALL RIVER INC,2023-12,1,1284.89,0.00,1284.89,1284.8900000000000000,0E-20
211105773257762680,Aetna,44500129533123678,SOUTHCOAST HOSPITALS GROUP INC,2023-12,1,3536.75,0.00,3536.75,3536.7500000000000000,0E-20
357555573157303140,Blue Cross Blue Shield,801031929336468325,BROCKTON HOSPITAL  INC.,2023-12,1,3105.35,0.00,3105.35,3105.3500000000000000,0E-20
952317639554652821,Medicare,395615810080261442,ANNA JAQUES HOSPITAL SUBACUTE UNIT,2023-12,1,4575.68,3474.14,1101.54,4575.6800000000000000,0.75926201132946359885
952317639554652821,Medicare,93679773638781409,TUFTS MEDICAL CENTER,2023-12,1,3105.35,2484.28,621.07,3105.3500000000000000,0.80000000000000000000
467436209270504951,Humana,654096641582644263,BL HEALTHCARE INC DELEWARE,2023-12,1,785.58,0.00,785.58,785.5800000000000000,0E-20
38194544675647776,Medicaid,520806008221098162,FIRST PSYCHIATRIC PLANNERS  INC,2023-12,1,5263.67,5213.67,50.00,5263.6700000000000000,0.99050092426006949524
952317639554652821,Medicare,559102553183312747,HEBREW REHABILITATION CENTER,2023-12,1,85.55,68.44,17.11,85.5500000000000000,0.80000000000000000000
211105773257762680,Aetna,49658252277416711,PALMER FAMILY SERVICES LLC,2023-12,1,1539.58,0.00,1539.58,1539.5800000000000000,0E-20
952317639554652821,Medicare,790885867393293671,DUTTON FAMILY CARE ASSOCIATES LLP,2023-12,1,914.78,731.82,182.96,914.7800000000000000,0.79999562736395636109
38194544675647776,Medicaid,396031016204066515,LYNN COMMUNITY HEALTH,2024-01,1,919.90,819.90,100.00,919.9000000000000000,0.89129253179693444940
38194544675647776,Medicaid,719406762791431727,BRIARWOOD REHABILITATION & HEALTHCARE CENTER,2024-01,1,146.18,96.18,50.00,146.1800000000000000,0.65795594472568066767
1038854080955376456,Cigna Health,744977654436978746,THE LOWELL GENERAL HOSPITAL,2024-01,2,3247.93,1937.49,1310.44,1623.9650000000000000,0.59653071340823232028
467436209270504951,Humana,116650824977762570,MEASURED WELLNESS LLC,2024-01,1,704.20,0.00,704.20,704.2000000000000000,0E-20
38194544675647776,Medicaid,520806008221098162,FIRST PSYCHIATRIC PLANNERS  INC,2024-01,3,36547.54,36397.54,150.00,12182.5133333333333333,0.99589575659538234311
211105773257762680,Aetna,332886644979055046,MILFORD REGIONAL MEDICAL CENTER,2024-01,3,677.50,0.00,677.50,225.8333333333333333,0E-20
445788698227523135,Dual Eligible,389966452681632557,BETH ISRAEL DEACONESS HOSPITAL-NEEDHAM  INC.,2024-01,1,1097.51,1062.51,35.00,1097.5100000000000000,0.96810962998059243196
645688281511686373,UnitedHealthcare,679474484616751075,NEWBURYPORT FAMILY PRACTICE P.C.,2024-01,1,563.08,0.00,563.08,563.0800000000000000,0E-20
952317639554652821,Medicare,815218868737845247,Causeway OPC,2024-01,2,4396.91,3517.52,879.39,2198.4550000000000000,0.79999818054042498027
211105773257762680,Aetna,44500129533123678,SOUTHCOAST HOSPITALS GROUP INC,2024-01,1,278.58,0.00,278.58,278.5800000000000000,0E-20
211105773257762680,Aetna,44500129533123678,SOUTHCOAST HOSPITALS GROUP INC,2024-02,1,278.58,0.00,278.58,278.5800000000000000,0E-20
746113169580368645,Anthem,721972786242253874,BOSTON MEDICAL CENTER CORPORATION-,2024-02,1,85.55,68.44,17.11,85.5500000000000000,0.80000000000000000000
445788698227523135,Dual Eligible,389966452681632557,BETH ISRAEL DEACONESS HOSPITAL-NEEDHAM  INC.,2024-02,1,2805.56,2770.56,35.00,2805.5600000000000000,0.98752477223798457349
38194544675647776,Medicaid,969560228442772145,FAMILY PRACTICE GROUP PC,2024-02,2,2345.78,2145.78,200.00,1172.8900000000000000,0.91474051275055631815
746113169580368645,Anthem,249985492892219599,WHITLEY WELLNESS LLC,2024-02,1,1402.48,163.49,1238.99,1402.4800000000000000,0.11657207232901716959
1038854080955376456,Cigna Health,340901791751100142,WP ACQUISITION SUB LLC,2024-02,2,1393.43,975.41,418.02,696.7150000000000000,0.70000645888203928436
746113169580368645,Anthem,469245621271018320,LYNN URGENT CARE LLC,2024-02,2,1591.44,1273.14,318.30,795.7200000000000000,0.79999245965917659478
746113169580368645,Anthem,969560228442772145,FAMILY PRACTICE GROUP PC,2024-02,1,840.20,0.00,840.20,840.2000000000000000,0E-20
645688281511686373,UnitedHealthcare,472226794892644975,HAVERHILL FAMILY OFFICE LLC,2024-02,1,704.20,0.00,704.20,704.2000000000000000,0E-20
467436209270504951,Humana,244544338078735615,TEWKSBURY HOSPITAL,2024-02,1,573.98,344.39,229.59,573.9800000000000000,0.60000348444196661905
38194544675647776,Medicaid,29818448345197287,GREATER LAWRENCE FAMILY HEALTH CENTER INC,2024-02,1,704.20,604.20,100.00,704.2000000000000000,0.85799488781596137461
952317639554652821,Medicare,622746900524004548,WHITTIER REHABILTATION HOSPITAL,2024-02,1,1495.73,1067.67,428.06,1495.7300000000000000,0.71381198478334993615
467436209270504951,Humana,202198446605600451,STANLEY STREET TREATMENT AND RESOURCES  INC,2024-03,1,778.78,0.00,778.78,778.7800000000000000,0E-20
467436209270504951,Humana,683258316057948949,STEWARD ST. ANNES HOSPITAL CORPORATION,2024-03,1,3536.75,0.00,3536.75,3536.7500000000000000,0E-20
952317639554652821,Medicare,623047219859228790,GARDEN STATE HEALTHCARE ASSOCIATES LLC,2024-03,1,1670.34,1151.68,518.66,1670.3400000000000000,0.68948836763772645090
746113169580368645,Anthem,846294596561620579,WESTFORD INTERNAL MEDICINE PC,2024-03,1,1483.87,20.70,1463.17,1483.8700000000000000,0.01395000909783202033
467436209270504951,Humana,345242370934466119,HEBREW SENIORLIFE AFFILIATED MEDICAL GROUP INC,2024-03,1,3536.75,0.00,3536.75,3536.7500000000000000,0E-20
38194544675647776,Medicaid,635544131513586331,CAMBRIDGE PUBLIC HEALTH COMMISSION,2024-03,1,516.95,466.95,50.00,516.9500000000000000,0.90327884708385723958
467436209270504951,Humana,137002283324145083,STURDY MEMORIAL HOSPITAL INC,2024-03,1,142.58,0.00,142.58,142.5800000000000000,0E-20
952317639554652821,Medicare,559102553183312747,HEBREW REHABILITATION CENTER,2024-03,1,85.55,68.44,17.11,85.5500000000000000,0.80000000000000000000
211105773257762680,Aetna,49658252277416711,PALMER FAMILY SERVICES LLC,2024-03,1,816.80,0.00,816.80,816.8000000000000000,0E-20
952317639554652821,Medicare,93679773638781409,TUFTS MEDICAL CENTER,2024-03,1,573.98,459.18,114.80,573.9800000000000000,0.79999303111606676191
467436209270504951,Humana,334510102683813647,BOSTON MEDICAL CENTER CORPORATION-,2024-03,1,919.90,0.00,919.90,919.9000000000000000,0E-20
38194544675647776,Medicaid,520806008221098162,FIRST PSYCHIATRIC PLANNERS  INC,2024-03,2,22181.38,22081.38,100.00,11090.6900000000000000,0.99549171422156781950
746113169580368645,Anthem,721972786242253874,BOSTON MEDICAL CENTER CORPORATION-,2024-03,2,3622.30,2897.84,724.46,1811.1500000000000000,0.80000000000000000000
445788698227523135,Dual Eligible,332886644979055046,MILFORD REGIONAL MEDICAL CENTER,2024-03,1,516.95,481.95,35.00,516.9500000000000000,0.93229519295870006770
1038854080955376456,Cigna Health,744977654436978746,THE LOWELL GENERAL HOSPITAL,2024-03,1,85.55,59.88,25.67,85.5500000000000000,0.69994155464640561075
952317639554652821,Medicare,395615810080261442,ANNA JAQUES HOSPITAL SUBACUTE UNIT,2024-03,2,4718.26,3774.60,943.66,2359.1300000000000000,0.79999830445969488752
278663187212707114,NO_INSURANCE,410915144747947572,COOLEY DICKINSON HOSPITAL INC,2024-04,1,14567.80,0.00,14567.80,14567.8000000000000000,0E-24
467436209270504951,Humana,58830663438005741,SUNRISE HEALTHCARE LLC,2024-04,1,957.75,0.00,957.75,957.7500000000000000,0E-20
38194544675647776,Medicaid,520806008221098162,FIRST PSYCHIATRIC PLANNERS  INC,2024-04,1,9972.00,9922.00,50.00,9972.0000000000000000,0.99498596068993180907
952317639554652821,Medicare,345242370934466119,HEBREW SENIORLIFE AFFILIATED MEDICAL GROUP INC,2024-04,1,1250.85,1000.68,250.17,1250.8500000000000000,0.80000000000000000000
952317639554652821,Medicare,683258316057948949,STEWARD ST. ANNES HOSPITAL CORPORATION,2024-04,1,142.58,114.06,28.52,142.5800000000000000,0.79997194557441436387
746113169580368645,Anthem,721972786242253874,BOSTON MEDICAL CENTER CORPORATION-,2024-04,1,142.58,114.06,28.52,142.5800000000000000,0.79997194557441436387
445788698227523135,Dual Eligible,164982158369714689,A&A HEALTHCARE LLC,2024-04,1,860.16,860.16,0.00,860.1600000000000000,1.00000000000000000000
38194544675647776,Medicaid,719406762791431727,BRIARWOOD REHABILITATION & HEALTHCARE CENTER,2024-04,1,12495.74,12345.74,150.00,12495.7400000000000000,0.98799590900578917295
467436209270504951,Humana,244544338078735615,TEWKSBURY HOSPITAL,2024-04,1,44802.51,26881.50,17921.01,44802.510000000000,0.59999986607893173842
38194544675647776,Medicaid,741150468608293787,CLASSIC HEALTHCARE MEDICAL GROUP LLC,2024-04,1,914.78,914.78,0.00,914.7800000000000000,1.00000000000000000000
38194544675647776,Medicaid,635544131513586331,CAMBRIDGE PUBLIC HEALTH COMMISSION,2024-04,1,516.95,366.95,150.00,516.9500000000000000,0.70983654125157171873
467436209270504951,Humana,244544338078735615,TEWKSBURY HOSPITAL,2024-05,2,9066.28,1783.37,7282.91,4533.1400000000000000,0.19670360941863697128
645688281511686373,UnitedHealthcare,476697113556229311,BETH ISRAEL DEACONESS HOSPITAL MILTON INC,2024-05,1,142.58,0.00,142.58,142.5800000000000000,0E-20
1038854080955376456,Cigna Health,340901791751100142,WP ACQUISITION SUB LLC,2024-05,1,1250.85,0.00,1250.85,1250.8500000000000000,0E-20
1038854080955376456,Cigna Health,924438841780828326,CENTER FOR DIGESTIVE WELLNESS PC,2024-05,1,755.38,0.00,755.38,755.3800000000000000,0E-20
952317639554652821,Medicare,376833142676655002,HOLISTIC FAMILY PRACTICE  INC.,2024-05,1,1001.28,801.02,200.26,1001.2800000000000000,0.79999600511345477788
467436209270504951,Humana,679818074188163933,ARBOUR-FULLER HOSPITAL,2024-05,1,142.58,0.00,142.58,142.5800000000000000,0E-20
952317639554652821,Medicare,239726299069476648,PERSONALIZED MEDICAL CARE LLC,2024-05,1,919.90,549.52,370.38,919.9000000000000000,0.59736927926948581368
38194544675647776,Medicaid,520806008221098162,FIRST PSYCHIATRIC PLANNERS  INC,2024-05,1,5263.67,5213.67,50.00,5263.6700000000000000,0.99050092426006949524
38194544675647776,Medicaid,264175530648959689,SIGNATURE HEALTHCARE MEDICAL GROUP INC,2024-05,1,866.52,866.52,0.00,866.5200000000000000,1.00000000000000000000
38194544675647776,Medicaid,635544131513586331,CAMBRIDGE PUBLIC HEALTH COMMISSION,2024-05,1,772.15,722.15,50.00,772.1500000000000000,0.93524574240756329729
1038854080955376456,Cigna Health,744977654436978746,THE LOWELL GENERAL HOSPITAL,2024-05,1,85.55,59.88,25.67,85.5500000000000000,0.69994155464640561075
38194544675647776,Medicaid,520806008221098162,FIRST PSYCHIATRIC PLANNERS  INC,2024-06,1,9360.45,9310.45,50.00,9360.4500000000000000,0.99465837646694336277
952317639554652821,Medicare,93679773638781409,TUFTS MEDICAL CENTER,2024-06,3,4966.82,3973.45,993.37,1655.6066666666666667,0.79999879198360319077
38194544675647776,Medicaid,102665420104747686,MASS GENERAL BRIGHAM URGENT CARE LLC,2024-06,1,709.98,659.98,50.00,709.9800000000000000,0.92957548099946477366
445788698227523135,Dual Eligible,635544131513586331,CAMBRIDGE PUBLIC HEALTH COMMISSION,2024-06,1,556.40,521.40,35.00,556.4000000000000000,0.93709561466570812365
38194544675647776,Medicaid,635544131513586331,CAMBRIDGE PUBLIC HEALTH COMMISSION,2024-06,2,4882.18,4782.18,100.00,2441.0900000000000000,0.97951734675902977768
445788698227523135,Dual Eligible,353447819048907343,CAMBRIDGE PUBLIC HEALTH COMMISSION,2024-06,2,4406.19,4336.19,70.00,2203.0950000000000000,0.98411325884721267126
952317639554652821,Medicare,395615810080261442,ANNA JAQUES HOSPITAL SUBACUTE UNIT,2024-06,1,4575.68,3660.54,915.14,4575.6800000000000000,0.79999912581299391566
38194544675647776,Medicaid,801031929336468325,BROCKTON HOSPITAL  INC.,2024-06,1,3105.35,3055.35,50.00,3105.3500000000000000,0.98389875537379039400
211105773257762680,Aetna,49658252277416711,PALMER FAMILY SERVICES LLC,2024-06,1,362.44,0.00,362.44,362.4400000000000000,0E-20
952317639554652821,Medicare,814284400183858824,PRIMARY CARE NORTH PC,2024-06,1,2147.56,1718.04,429.52,2147.5600000000000000,0.79999627484214643596
445788698227523135,Dual Eligible,1100386330438199965,WALTHAM WESTON INTERNAL MEDICINE ASSOCIATES  P.C.,2024-06,1,1284.76,1284.76,0.00,1284.7600000000000000,1.00000000000000000000
467436209270504951,Humana,244544338078735615,TEWKSBURY HOSPITAL,2024-06,1,18364.82,11018.89,7345.93,18364.8200000000000000,0.59999989109612835846
952317639554652821,Medicare,622746900524004548,WHITTIER REHABILTATION HOSPITAL,2024-06,1,3536.75,2829.40,707.35,3536.7500000000000000,0.80000000000000000000
467436209270504951,Humana,257983333266586147,WOONSOCKET URGENT CARE PC,2024-06,1,1487.99,0.00,1487.99,1487.9900000000000000,0E-20
467436209270504951,Humana,433837020145504394,ZANJABEE INTEGRATIVE MEDICINE AND PRIMARY CARE LLC,2024-06,1,1050.78,0.00,1050.78,1050.7800000000000000,0E-20
467436209270504951,Humana,679818074188163933,ARBOUR-FULLER HOSPITAL,2024-06,2,3031.50,0.00,3031.50,1515.7500000000000000,0E-20
278663187212707114,NO_INSURANCE,410915144747947572,COOLEY DICKINSON HOSPITAL INC,2024-07,1,516.95,0.00,516.95,516.9500000000000000,0E-20
467436209270504951,Humana,919548777387151765,SOUTH SHORE CENTER FOR WELLNESS LTD,2024-07,1,778.78,0.00,778.78,778.7800000000000000,0E-20
38194544675647776,Medicaid,719406762791431727,BRIARWOOD REHABILITATION & HEALTHCARE CENTER,2024-07,1,5308.14,5258.14,50.00,5308.1400000000000000,0.99058050465888239572
952317639554652821,Medicare,345242370934466119,HEBREW SENIORLIFE AFFILIATED MEDICAL GROUP INC,2024-07,1,2307.56,1846.04,461.52,2307.5600000000000000,0.79999653313456638181
38194544675647776,Medicaid,520806008221098162,FIRST PSYCHIATRIC PLANNERS  INC,2024-07,2,24528.82,24428.82,100.00,12264.4100000000000000,0.99592316303841766542
445788698227523135,Dual Eligible,389966452681632557,BETH ISRAEL DEACONESS HOSPITAL-NEEDHAM  INC.,2024-07,1,1097.51,1062.51,35.00,1097.5100000000000000,0.96810962998059243196
467436209270504951,Humana,679818074188163933,ARBOUR-FULLER HOSPITAL,2024-07,1,2239.15,398.78,1840.37,2239.1500000000000000,0.17809436616573253243
467436209270504951,Humana,244544338078735615,TEWKSBURY HOSPITAL,2024-07,1,6923.11,6923.11,0.00,6923.1100000000000000,1.00000000000000000000
1038854080955376456,Cigna Health,363458983347729064,Fitchburg Outpatient Clinic,2024-07,1,948.35,0.00,948.35,948.3500000000000000,0E-20
38194544675647776,Medicaid,405686286755502306,BERKSHIRE MEDICAL CENTER INC,2024-08,1,556.42,406.42,150.00,556.4200000000000000,0.73041946730886740232
467436209270504951,Humana,244544338078735615,TEWKSBURY HOSPITAL,2024-08,1,12579.77,12579.77,0.00,12579.7700000000000000,1.00000000000000000000
211105773257762680,Aetna,694540912856437675,PULMONARY INTERNISTS AND CONSULTANTS PC,2024-08,1,704.20,0.00,704.20,704.2000000000000000,0E-20
38194544675647776,Medicaid,520806008221098162,FIRST PSYCHIATRIC PLANNERS  INC,2024-08,1,20626.96,20576.96,50.00,20626.960000000000,0.99757598793035910284
38194544675647776,Medicaid,1003634539940818261,CHARLES RIVER COMMUNITY HEALTH  INC,2024-08,1,1064.92,1064.92,0.00,1064.9200000000000000,1.00000000000000000000
1038854080955376456,Cigna Health,340901791751100142,WP ACQUISITION SUB LLC,2024-08,1,1356.64,0.00,1356.64,1356.6400000000000000,0E-20
38194544675647776,Medicaid,1041112530090421261,SACHEM CENTER FOR HEALTH & REHABILITATION,2024-08,1,937.32,887.32,50.00,937.3200000000000000,0.94665642470020910682
746113169580368645,Anthem,744977654436978746,THE LOWELL GENERAL HOSPITAL,2024-08,1,85.55,68.44,17.11,85.5500000000000000,0.80000000000000000000
278663187212707114,NO_INSURANCE,410915144747947572,COOLEY DICKINSON HOSPITAL INC,2024-08,1,516.95,0.00,516.95,516.9500000000000000,0E-20
38194544675647776,Medicaid,353447819048907343,CAMBRIDGE PUBLIC HEALTH COMMISSION,2024-08,1,146.18,96.18,50.00,146.1800000000000000,0.65795594472568066767
278663187212707114,NO_INSURANCE,556944320275034302,PARADIGM HEALTHCARE  PC,2024-08,1,976.20,0.00,976.20,976.2000000000000000,0E-20
467436209270504951,Humana,741458505160782152,LOWELL COMMUNITY HEALTH CENTER,2024-08,1,1064.92,1064.92,0.00,1064.9200000000000000,1.00000000000000000000
38194544675647776,Medicaid,801031929336468325,BROCKTON HOSPITAL  INC.,2024-08,1,85.55,35.55,50.00,85.5500000000000000,0.41554646405610753945
445788698227523135,Dual Eligible,389966452681632557,BETH ISRAEL DEACONESS HOSPITAL-NEEDHAM  INC.,2024-08,2,4634.26,4564.26,70.00,2317.1300000000000000,0.98489510730947335713
467436209270504951,Humana,76613554195130854,TREE OF LIFE HEALTHCARE ASSOCIATES,2024-09,1,704.20,0.00,704.20,704.2000000000000000,0E-20
467436209270504951,Humana,66387877495315826,NEW ENGLAND REHABILITATION SERVICES OF CENTRAL MASSACHUSETTS INC,2024-09,1,3105.35,0.00,3105.35,3105.3500000000000000,0E-20
952317639554652821,Medicare,622746900524004548,WHITTIER REHABILTATION HOSPITAL,2024-09,1,10606.55,8485.24,2121.31,10606.5500000000000000,0.80000000000000000000
278663187212707114,NO_INSURANCE,410915144747947572,COOLEY DICKINSON HOSPITAL INC,2024-09,1,516.95,0.00,516.95,516.9500000000000000,0E-20
38194544675647776,Medicaid,801031929336468325,BROCKTON HOSPITAL  INC.,2024-09,1,5262.35,5212.35,50.00,5262.3500000000000000,0.99049854152612426007
38194544675647776,Medicaid,520806008221098162,FIRST PSYCHIATRIC PLANNERS  INC,2024-09,1,20626.96,20576.96,50.00,20626.960000000000,0.99757598793035910284
952317639554652821,Medicare,395615810080261442,ANNA JAQUES HOSPITAL SUBACUTE UNIT,2024-09,1,2247.88,1798.30,449.58,2247.8800000000000000,0.79999822054558072495
746113169580368645,Anthem,49658252277416711,PALMER FAMILY SERVICES LLC,2024-09,1,816.80,0.00,816.80,816.8000000000000000,0E-20
467436209270504951,Humana,244544338078735615,TEWKSBURY HOSPITAL,2024-09,2,32203.79,32203.79,0.00,16101.895000000000,1.00000000000000000000
952317639554652821,Medicare,815218868737845247,Causeway OPC,2024-10,1,85.55,0.00,85.55,85.5500000000000000,0E-20
952317639554652821,Medicare,345242370934466119,HEBREW SENIORLIFE AFFILIATED MEDICAL GROUP INC,2024-10,1,2092.75,1674.20,418.55,2092.7500000000000000,0.80000000000000000000
38194544675647776,Medicaid,520806008221098162,FIRST PSYCHIATRIC PLANNERS  INC,2024-10,2,35708.56,35608.56,100.00,17854.280000000000,0.99719955103202145368
445788698227523135,Dual Eligible,132019786462314408,DAVIS SQUARE FAMILY PRACTICE,2024-10,1,1001.28,1001.28,0.00,1001.2800000000000000,1.00000000000000000000
38194544675647776,Medicaid,544412707586716213,FAIRVIEW HOSPITAL,2024-10,1,1186.78,1086.78,100.00,1186.7800000000000000,0.91573838453630833010
952317639554652821,Medicare,160559015988030201,HEALTHFIRST FAMILY CARE CENTER INC,2024-10,1,4351.68,3481.34,870.34,4351.6800000000000000,0.79999908081476579160
952317639554652821,Medicare,469245621271018320,LYNN URGENT CARE LLC,2024-10,1,1141.38,913.10,228.28,1141.3800000000000000,0.79999649547039548617
952317639554652821,Medicare,363458983347729064,Fitchburg Outpatient Clinic,2024-10,2,16446.44,13157.13,3289.31,8223.2200000000000000,0.79999866232449089286
952317639554652821,Medicare,93679773638781409,TUFTS MEDICAL CENTER,2024-10,1,573.98,272.78,301.20,573.9800000000000000,0.47524303982717167846
278663187212707114,NO_INSURANCE,410915144747947572,COOLEY DICKINSON HOSPITAL INC,2024-10,1,516.95,0.00,516.95,516.9500000000000000,0E-20
467436209270504951,Humana,244544338078735615,TEWKSBURY HOSPITAL,2024-10,1,11121.40,11121.40,0.00,11121.4000000000000000,1.00000000000000000000
952317639554652821,Medicare,622746900524004548,WHITTIER REHABILTATION HOSPITAL,2024-10,1,85.55,68.44,17.11,85.5500000000000000,0.80000000000000000000
467436209270504951,Humana,41581407780620585,WHITTIER REHABILITATION HOSPITAL - BRADFORD,2024-10,2,4195.49,0.00,4195.49,2097.7450000000000000,0E-20
38194544675647776,Medicaid,719406762791431727,BRIARWOOD REHABILITATION & HEALTHCARE CENTER,2024-11,1,146.18,96.18,50.00,146.1800000000000000,0.65795594472568066767
1038854080955376456,Cigna Health,744977654436978746,THE LOWELL GENERAL HOSPITAL,2024-11,1,2730.98,0.00,2730.98,2730.9800000000000000,0E-20
1038854080955376456,Cigna Health,814284400183858824,PRIMARY CARE NORTH PC,2024-11,1,1132.16,0.00,1132.16,1132.1600000000000000,0E-20
645688281511686373,UnitedHealthcare,395615810080261442,ANNA JAQUES HOSPITAL SUBACUTE UNIT,2024-11,1,85.55,0.00,85.55,85.5500000000000000,0E-20
467436209270504951,Humana,741458505160782152,LOWELL COMMUNITY HEALTH CENTER,2024-11,1,3971.12,3971.12,0.00,3971.1200000000000000,1.00000000000000000000
278663187212707114,NO_INSURANCE,410915144747947572,COOLEY DICKINSON HOSPITAL INC,2024-11,1,516.95,0.00,516.95,516.9500000000000000,0E-20
645688281511686373,UnitedHealthcare,703727186913582450,ASSOCIATED INTERNISTS OF RANDOLPH  INC.,2024-11,1,778.78,0.00,778.78,778.7800000000000000,0E-20
467436209270504951,Humana,244544338078735615,TEWKSBURY HOSPITAL,2024-11,2,9331.92,9331.92,0.00,4665.9600000000000000,1.00000000000000000000
38194544675647776,Medicaid,389966452681632557,BETH ISRAEL DEACONESS HOSPITAL-NEEDHAM  INC.,2024-11,1,146.18,96.18,50.00,146.1800000000000000,0.65795594472568066767
38194544675647776,Medicaid,520806008221098162,FIRST PSYCHIATRIC PLANNERS  INC,2024-11,1,8300.41,8250.41,50.00,8300.4100000000000000,0.99397620117560457857
357555573157303140,Blue Cross Blue Shield,557025406090317911,DILIGENCEHEALTHCARE,2024-11,1,1111.93,0.00,1111.93,1111.9300000000000000,0E-20
1038854080955376456,Cigna Health,340901791751100142,WP ACQUISITION SUB LLC,2024-11,1,2491.03,1082.81,1408.22,2491.0300000000000000,0.43468364491796566079
38194544675647776,Medicaid,635544131513586331,CAMBRIDGE PUBLIC HEALTH COMMISSION,2024-12,1,516.95,466.95,50.00,516.9500000000000000,0.90327884708385723958
645688281511686373,UnitedHealthcare,332886644979055046,MILFORD REGIONAL MEDICAL CENTER,2024-12,1,278.58,0.00,278.58,278.5800000000000000,0E-20
38194544675647776,Medicaid,520806008221098162,FIRST PSYCHIATRIC PLANNERS  INC,2024-12,1,5263.67,5213.67,50.00,5263.6700000000000000,0.99050092426006949524
445788698227523135,Dual Eligible,389966452681632557,BETH ISRAEL DEACONESS HOSPITAL-NEEDHAM  INC.,2024-12,1,1313.21,1278.21,35.00,1313.2100000000000000,0.97334775093092498534
1038854080955376456,Cigna Health,744977654436978746,THE LOWELL GENERAL HOSPITAL,2024-12,1,3536.75,2247.47,1289.28,3536.7500000000000000,0.63546193539266275535
445788698227523135,Dual Eligible,39538555446517326,VNA & HOSPICE OF GREATER MILFORD,2024-12,1,146.18,111.18,35.00,146.1800000000000000,0.76056916130797646737
467436209270504951,Humana,445265032025896326,QUINCY CENTER PRIMARY CARE PC,2024-12,1,816.80,0.00,816.80,816.8000000000000000,0E-20
952317639554652821,Medicare,395615810080261442,ANNA JAQUES HOSPITAL SUBACUTE UNIT,2024-12,1,1271.32,830.66,440.66,1271.3200000000000000,0.65338388446653871567
38194544675647776,Medicaid,921077187397372104,RIVER'S EDGE PRIMARY CARE LLC,2024-12,1,347.38,247.38,100.00,347.3800000000000000,0.71213080776095342276
467436209270504951,Humana,222681380209834388,SOUTH SHORE HOSPITAL INC.,2024-12,1,85.55,0.00,85.55,85.5500000000000000,0E-20
38194544675647776,Medicaid,1053862909723414558,COMPASSIONATE HEALTH CARE GROUP LLC,2024-12,1,778.78,678.78,100.00,778.7800000000000000,0.87159403169059297876
467436209270504951,Humana,654096641582644263,BL HEALTHCARE INC DELEWARE,2024-12,1,785.58,0.00,785.58,785.5800000000000000,0E-20
211105773257762680,Aetna,109016295863276866,FAMILY SERVICE ASSOCIATION OF GREATER FALL RIVER INC,2024-12,1,1503.48,0.00,1503.48,1503.4800000000000000,0E-20
357555573157303140,Blue Cross Blue Shield,344701928599722495,COLONY CENTER FOR HEALTH & REHABILITATION,2024-12,1,1008.98,0.00,1008.98,1008.9800000000000000,0E-20
645688281511686373,UnitedHealthcare,866549107229357074,HOPKINTON MEDICAL CARE  P.C.,2024-12,1,1376.13,157.37,1218.76,1376.1300000000000000,0.11435692848786088524
645688281511686373,UnitedHealthcare,476697113556229311,BETH ISRAEL DEACONESS HOSPITAL MILTON INC,2024-12,1,3536.75,2815.90,720.85,3536.7500000000000000,0.79618293631158549516
952317639554652821,Medicare,790885867393293671,DUTTON FAMILY CARE ASSOCIATES LLP,2024-12,1,1092.11,873.69,218.42,1092.1100000000000000,0.80000183131735814158
1038854080955376456,Cigna Health,439410479591029051,LOWELL FAMILY MEDICAL CARE PC,2024-12,1,1311.64,0.00,1311.64,1311.6400000000000000,0E-20
746113169580368645,Anthem,49658252277416711,PALMER FAMILY SERVICES LLC,2024-12,1,488.50,0.00,488.50,488.5000000000000000,0E-20
467436209270504951,Humana,222681380209834388,SOUTH SHORE HOSPITAL INC.,2025-01,2,3974.00,0.00,3974.00,1987.0000000000000000,0E-20
645688281511686373,UnitedHealthcare,332886644979055046,MILFORD REGIONAL MEDICAL CENTER,2025-01,3,6489.28,5191.42,1297.86,2163.0933333333333333,0.79999938359879678485
38194544675647776,Medicaid,1108258114602746895,CAMBRIDGE REHABILITATION & NURSING CENTER,2025-01,1,146.18,96.18,50.00,146.1800000000000000,0.65795594472568066767
952317639554652821,Medicare,815218868737845247,Causeway OPC,2025-01,1,914.78,731.82,182.96,914.7800000000000000,0.79999562736395636109
38194544675647776,Medicaid,396031016204066515,LYNN COMMUNITY HEALTH,2025-01,1,980.43,880.43,100.00,980.4300000000000000,0.89800393704802994604
952317639554652821,Medicare,93679773638781409,TUFTS MEDICAL CENTER,2025-01,1,3105.35,2484.28,621.07,3105.3500000000000000,0.80000000000000000000
1038854080955376456,Cigna Health,340901791751100142,WP ACQUISITION SUB LLC,2025-01,1,4052.91,2837.04,1215.87,4052.9100000000000000,0.70000074020888694790
38194544675647776,Medicaid,909182873596142954,SOUTHCOAST HOSPITAL GROUP  INC,2025-01,2,3190.90,3090.90,100.00,1595.4500000000000000,0.96866087937572471716
467436209270504951,Humana,244544338078735615,TEWKSBURY HOSPITAL,2025-01,1,1005.38,1005.38,0.00,1005.3800000000000000,1.00000000000000000000
952317639554652821,Medicare,345242370934466119,HEBREW SENIORLIFE AFFILIATED MEDICAL GROUP INC,2025-01,1,1645.12,1316.09,329.03,1645.1200000000000000,0.79999635284964014783
278663187212707114,NO_INSURANCE,410915144747947572,COOLEY DICKINSON HOSPITAL INC,2025-01,1,516.95,0.00,516.95,516.9500000000000000,0E-20
38194544675647776,Medicaid,520806008221098162,FIRST PSYCHIATRIC PLANNERS  INC,2025-01,2,21879.57,21679.57,200.00,10939.7850000000000000,0.99085905253165395846
38194544675647776,Medicaid,921077187397372104,RIVER'S EDGE PRIMARY CARE LLC,2025-01,1,272.80,272.80,0.00,272.8000000000000000,1.00000000000000000000
357555573157303140,Blue Cross Blue Shield,801031929336468325,BROCKTON HOSPITAL  INC.,2025-01,1,85.55,0.00,85.55,85.5500000000000000,0E-20
445788698227523135,Dual Eligible,389966452681632557,BETH ISRAEL DEACONESS HOSPITAL-NEEDHAM  INC.,2025-01,2,3903.07,3833.07,70.00,1951.5350000000000000,0.98206539980066972921
38194544675647776,Medicaid,622746900524004548,WHITTIER REHABILTATION HOSPITAL,2025-01,1,3536.75,3486.75,50.00,3536.7500000000000000,0.98586272707994627836
645688281511686373,UnitedHealthcare,679474484616751075,NEWBURYPORT FAMILY PRACTICE P.C.,2025-01,1,721.78,0.00,721.78,721.7800000000000000,0E-20
38194544675647776,Medicaid,520806008221098162,FIRST PSYCHIATRIC PLANNERS  INC,2025-02,2,25890.63,25690.63,200.00,12945.3150000000000000,0.99227519762941264851
38194544675647776,Medicaid,635544131513586331,CAMBRIDGE PUBLIC HEALTH COMMISSION,2025-02,1,516.95,466.95,50.00,516.9500000000000000,0.90327884708385723958
1038854080955376456,Cigna Health,721972786242253874,BOSTON MEDICAL CENTER CORPORATION-,2025-02,1,85.55,0.00,85.55,85.5500000000000000,0E-20
645688281511686373,UnitedHealthcare,332886644979055046,MILFORD REGIONAL MEDICAL CENTER,2025-02,1,516.95,413.56,103.39,516.9500000000000000,0.80000000000000000000
645688281511686373,UnitedHealthcare,472226794892644975,HAVERHILL FAMILY OFFICE LLC,2025-02,1,914.78,0.00,914.78,914.7800000000000000,0E-20
38194544675647776,Medicaid,29818448345197287,GREATER LAWRENCE FAMILY HEALTH CENTER INC,2025-02,1,1006.93,906.93,100.00,1006.9300000000000000,0.90068823056220392679
746113169580368645,Anthem,249985492892219599,WHITLEY WELLNESS LLC,2025-02,1,1055.90,0.00,1055.90,1055.9000000000000000,0E-20
746113169580368645,Anthem,332886644979055046,MILFORD REGIONAL MEDICAL CENTER,2025-02,1,85.55,48.93,36.62,85.5500000000000000,0.57194623027469316189
746113169580368645,Anthem,969560228442772145,FAMILY PRACTICE GROUP PC,2025-02,1,1104.78,0.00,1104.78,1104.7800000000000000,0E-20
952317639554652821,Medicare,93679773638781409,TUFTS MEDICAL CENTER,2025-02,1,573.98,459.18,114.80,573.9800000000000000,0.79999303111606676191
645688281511686373,UnitedHealthcare,476697113556229311,BETH ISRAEL DEACONESS HOSPITAL MILTON INC,2025-02,1,5138.45,4110.76,1027.69,5138.4500000000000000,0.80000000000000000000
1038854080955376456,Cigna Health,340901791751100142,WP ACQUISITION SUB LLC,2025-02,1,1250.85,875.60,375.25,1250.8500000000000000,0.70000399728184834313
746113169580368645,Anthem,721972786242253874,BOSTON MEDICAL CENTER CORPORATION-,2025-02,1,3105.35,2474.46,630.89,3105.3500000000000000,0.79683771555541243338
38194544675647776,Medicaid,969560228442772145,FAMILY PRACTICE GROUP PC,2025-02,1,981.58,981.58,0.00,981.5800000000000000,1.00000000000000000000
445788698227523135,Dual Eligible,389966452681632557,BETH ISRAEL DEACONESS HOSPITAL-NEEDHAM  INC.,2025-02,1,1097.51,1062.51,35.00,1097.5100000000000000,0.96810962998059243196
467436209270504951,Humana,345242370934466119,HEBREW SENIORLIFE AFFILIATED MEDICAL GROUP INC,2025-03,1,2673.95,0.00,2673.95,2673.9500000000000000,0E-20
952317639554652821,Medicare,623047219859228790,GARDEN STATE HEALTHCARE ASSOCIATES LLC,2025-03,1,1210.18,783.56,426.62,1210.1800000000000000,0.64747392949809119305
467436209270504951,Humana,334510102683813647,BOSTON MEDICAL CENTER CORPORATION-,2025-03,1,1567.00,0.00,1567.00,1567.0000000000000000,0E-20
746113169580368645,Anthem,846294596561620579,WESTFORD INTERNAL MEDICINE PC,2025-03,1,966.75,0.00,966.75,966.7500000000000000,0E-20
645688281511686373,UnitedHealthcare,340901791751100142,WP ACQUISITION SUB LLC,2025-03,1,3968.15,2843.90,1124.25,3968.1500000000000000,0.71668157705731890176
38194544675647776,Medicaid,469245621271018320,LYNN URGENT CARE LLC,2025-03,1,1436.78,1386.78,50.00,1436.7800000000000000,0.96519996102395634683
467436209270504951,Humana,137002283324145083,STURDY MEMORIAL HOSPITAL INC,2025-03,2,7197.48,1289.36,5908.12,3598.7400000000000000,0.17914047694470842573
38194544675647776,Medicaid,622746900524004548,WHITTIER REHABILTATION HOSPITAL,2025-03,1,2715.80,2665.80,50.00,2715.8000000000000000,0.98158921864643935489
38194544675647776,Medicaid,520806008221098162,FIRST PSYCHIATRIC PLANNERS  INC,2025-03,1,18091.34,18041.34,50.00,18091.3400000000000000,0.99723624673462551696
746113169580368645,Anthem,325447081691567298,PALM SKILLED  NRSING CR & CTR FOR REHAB EXCELLENCE,2025-03,1,146.18,0.00,146.18,146.1800000000000000,0E-20
952317639554652821,Medicare,395615810080261442,ANNA JAQUES HOSPITAL SUBACUTE UNIT,2025-03,1,1250.85,1000.68,250.17,1250.8500000000000000,0.80000000000000000000
38194544675647776,Medicaid,969560228442772145,FAMILY PRACTICE GROUP PC,2025-03,1,704.20,704.20,0.00,704.2000000000000000,1.00000000000000000000
38194544675647776,Medicaid,519045679495899753,HANOVER FAMILY HEALTH & URGENT CARE PC,2025-04,1,797.72,747.72,50.00,797.7200000000000000,0.93732136589279446422
467436209270504951,Humana,41581407780620585,WHITTIER REHABILITATION HOSPITAL - BRADFORD,2025-04,1,3536.75,1643.25,1893.50,3536.7500000000000000,0.46462147451756556160
38194544675647776,Medicaid,520806008221098162,FIRST PSYCHIATRIC PLANNERS  INC,2025-04,1,9497.24,9447.24,50.00,9497.2400000000000000,0.99473531257502179581
38194544675647776,Medicaid,921077187397372104,RIVER'S EDGE PRIMARY CARE LLC,2025-04,1,816.80,816.80,0.00,816.8000000000000000,1.00000000000000000000
952317639554652821,Medicare,345242370934466119,HEBREW SENIORLIFE AFFILIATED MEDICAL GROUP INC,2025-04,1,1250.85,814.28,436.57,1250.8500000000000000,0.65098133269376823760
445788698227523135,Dual Eligible,389966452681632557,BETH ISRAEL DEACONESS HOSPITAL-NEEDHAM  INC.,2025-04,1,1097.51,1062.51,35.00,1097.5100000000000000,0.96810962998059243196
952317639554652821,Medicare,395615810080261442,ANNA JAQUES HOSPITAL SUBACUTE UNIT,2025-04,1,4830.95,3864.76,966.19,4830.9500000000000000,0.80000000000000000000
445788698227523135,Dual Eligible,164982158369714689,A&A HEALTHCARE LLC,2025-04,1,1305.17,1305.17,0.00,1305.1700000000000000,1.00000000000000000000
952317639554652821,Medicare,683258316057948949,STEWARD ST. ANNES HOSPITAL CORPORATION,2025-04,1,142.58,114.06,28.52,142.5800000000000000,0.79997194557441436387
38194544675647776,Medicaid,622746900524004548,WHITTIER REHABILTATION HOSPITAL,2025-04,1,3105.35,3055.35,50.00,3105.3500000000000000,0.98389875537379039400
467436209270504951,Humana,654771330264239386,LIFE CARE CENTER OF ATTLEBORO,2025-04,1,4140.89,2484.54,1656.35,4140.8900000000000000,0.60000144896387008590
467436209270504951,Humana,58830663438005741,SUNRISE HEALTHCARE LLC,2025-04,1,1091.10,0.00,1091.10,1091.1000000000000000,0E-20
952317639554652821,Medicare,93679773638781409,TUFTS MEDICAL CENTER,2025-05,3,5063.13,4050.50,1012.63,1687.7100000000000000,0.79999920997485744984
1038854080955376456,Cigna Health,924438841780828326,CENTER FOR DIGESTIVE WELLNESS PC,2025-05,1,1055.90,0.00,1055.90,1055.9000000000000000,0E-20
467436209270504951,Humana,679818074188163933,ARBOUR-FULLER HOSPITAL,2025-05,2,4166.72,2500.03,1666.69,2083.3600000000000000,0.59999952000614392136
1038854080955376456,Cigna Health,340901791751100142,WP ACQUISITION SUB LLC,2025-05,1,3522.81,0.00,3522.81,3522.8100000000000000,0E-20
952317639554652821,Medicare,376833142676655002,HOLISTIC FAMILY PRACTICE  INC.,2025-05,1,1037.93,830.34,207.59,1037.9300000000000000,0.79999614617556097232
38194544675647776,Medicaid,520806008221098162,FIRST PSYCHIATRIC PLANNERS  INC,2025-05,1,11195.67,11145.67,50.00,11195.6700000000000000,0.99553398769345648809
645688281511686373,UnitedHealthcare,707379980990907332,BOSTONIAN NURSING CARE & REHABILITATION CTR  THE,2025-05,1,146.18,0.00,146.18,146.1800000000000000,0E-20
467436209270504951,Humana,41581407780620585,WHITTIER REHABILITATION HOSPITAL - BRADFORD,2025-05,1,85.55,51.33,34.22,85.5500000000000000,0.60000000000000000000
952317639554652821,Medicare,1037822919216517364,ANNA JAQUES HOSPITAL SUBACUTE UNIT,2025-05,1,4399.55,3519.64,879.91,4399.5500000000000000,0.80000000000000000000
645688281511686373,UnitedHealthcare,476697113556229311,BETH ISRAEL DEACONESS HOSPITAL MILTON INC,2025-05,1,142.58,0.00,142.58,142.5800000000000000,0E-20
467436209270504951,Humana,222681380209834388,SOUTH SHORE HOSPITAL INC.,2025-05,1,33131.11,16222.27,16908.84,33131.110000000000,0.48963859043660173173
38194544675647776,Medicaid,587757060655614946,CLARITY HEALTH & WELLNESS LLC,2025-05,1,704.20,604.20,100.00,704.2000000000000000,0.85799488781596137461
38194544675647776,Medicaid,264175530648959689,SIGNATURE HEALTHCARE MEDICAL GROUP INC,2025-06,1,1067.77,1067.77,0.00,1067.7700000000000000,1.00000000000000000000
445788698227523135,Dual Eligible,353447819048907343,CAMBRIDGE PUBLIC HEALTH COMMISSION,2025-06,3,9921.62,9816.62,105.00,3307.2066666666666667,0.98941705084451934261
952317639554652821,Medicare,814284400183858824,PRIMARY CARE NORTH PC,2025-06,1,1496.84,1015.64,481.20,1496.8400000000000000,0.67852275460303038401
952317639554652821,Medicare,723111811226363721,CHESTNUT WOODS REHABILITATION AND HEALTHCARE CTR,2025-06,2,8022.30,6417.84,1604.46,4011.1500000000000000,0.80000000000000000000
38194544675647776,Medicaid,801031929336468325,BROCKTON HOSPITAL  INC.,2025-06,1,3105.35,3055.35,50.00,3105.3500000000000000,0.98389875537379039400
38194544675647776,Medicaid,520806008221098162,FIRST PSYCHIATRIC PLANNERS  INC,2025-06,2,14775.44,14675.44,100.00,7387.7200000000000000,0.99323201204160417558
38194544675647776,Medicaid,921077187397372104,RIVER'S EDGE PRIMARY CARE LLC,2025-06,1,816.80,816.80,0.00,816.8000000000000000,1.00000000000000000000
952317639554652821,Medicare,239726299069476648,PERSONALIZED MEDICAL CARE LLC,2025-06,1,1746.25,1397.00,349.25,1746.2500000000000000,0.80000000000000000000
746113169580368645,Anthem,49658252277416711,PALMER FAMILY SERVICES LLC,2025-06,1,827.37,661.90,165.47,827.3700000000000000,0.80000483459637163542
952317639554652821,Medicare,559102553183312747,HEBREW REHABILITATION CENTER,2025-06,1,3968.15,3174.52,793.63,3968.1500000000000000,0.80000000000000000000
952317639554652821,Medicare,395615810080261442,ANNA JAQUES HOSPITAL SUBACUTE UNIT,2025-06,1,3485.23,2788.18,697.05,3485.2300000000000000,0.79999885229956129151
38194544675647776,Medicaid,635544131513586331,CAMBRIDGE PUBLIC HEALTH COMMISSION,2025-06,1,516.95,366.95,150.00,516.9500000000000000,0.70983654125157171873
38194544675647776,Medicaid,520806008221098162,FIRST PSYCHIATRIC PLANNERS  INC,2025-07,1,8826.21,8776.21,50.00,8826.2100000000000000,0.99433505434382367970
467436209270504951,Humana,919548777387151765,SOUTH SHORE CENTER FOR WELLNESS LTD,2025-07,1,568.20,568.20,0.00,568.2000000000000000,1.00000000000000000000
38194544675647776,Medicaid,27218670281353963,MEDFORD VISITING NURSING ASSOCIATION,2025-07,1,8334.13,8184.13,150.00,8334.1300000000000000,0.98200172063550724551
38194544675647776,Medicaid,635544131513586331,CAMBRIDGE PUBLIC HEALTH COMMISSION,2025-07,1,516.95,466.95,50.00,516.9500000000000000,0.90327884708385723958
445788698227523135,Dual Eligible,911597834911837993,THOMAS UPHAM HOUSE,2025-07,2,1981.14,1911.14,70.00,990.5700000000000000,0.96466680799943466893
38194544675647776,Medicaid,1031243542611916810,ENCOMPASS HEALTH REHABILITATION HOSP OF NEW ENGLAN,2025-07,1,15783.94,15733.94,50.00,15783.9400000000000000,0.99683222313313405905
952317639554652821,Medicare,345242370934466119,HEBREW SENIORLIFE AFFILIATED MEDICAL GROUP INC,2025-07,1,1250.85,1000.68,250.17,1250.8500000000000000,0.80000000000000000000
445788698227523135,Dual Eligible,1100386330438199965,WALTHAM WESTON INTERNAL MEDICINE ASSOCIATES  P.C.,2025-07,1,1284.76,1284.76,0.00,1284.7600000000000000,1.00000000000000000000
952317639554652821,Medicare,622746900524004548,WHITTIER REHABILTATION HOSPITAL,2025-07,1,3105.35,2484.28,621.07,3105.3500000000000000,0.80000000000000000000
445788698227523135,Dual Eligible,389966452681632557,BETH ISRAEL DEACONESS HOSPITAL-NEEDHAM  INC.,2025-07,1,85.55,50.55,35.00,85.5500000000000000,0.59088252483927527762
467436209270504951,Humana,41581407780620585,WHITTIER REHABILITATION HOSPITAL - BRADFORD,2025-07,1,85.55,51.33,34.22,85.5500000000000000,0.60000000000000000000
278663187212707114,NO_INSURANCE,410915144747947572,COOLEY DICKINSON HOSPITAL INC,2025-07,1,516.95,0.00,516.95,516.9500000000000000,0E-20
278663187212707114,NO_INSURANCE,556944320275034302,PARADIGM HEALTHCARE  PC,2025-08,1,849.22,0.00,849.22,849.2200000000000000,0E-20
952317639554652821,Medicare,622746900524004548,WHITTIER REHABILTATION HOSPITAL,2025-08,1,85.55,68.44,17.11,85.5500000000000000,0.80000000000000000000
38194544675647776,Medicaid,635544131513586331,CAMBRIDGE PUBLIC HEALTH COMMISSION,2025-08,2,602.50,502.50,100.00,301.2500000000000000,0.83402489626556016598
467436209270504951,Humana,244544338078735615,TEWKSBURY HOSPITAL,2025-08,1,1708.01,0.00,1708.01,1708.0100000000000000,0E-20
445788698227523135,Dual Eligible,389966452681632557,BETH ISRAEL DEACONESS HOSPITAL-NEEDHAM  INC.,2025-08,1,2805.56,2770.56,35.00,2805.5600000000000000,0.98752477223798457349
38194544675647776,Medicaid,389966452681632557,BETH ISRAEL DEACONESS HOSPITAL-NEEDHAM  INC.,2025-08,1,146.18,0.00,146.18,146.1800000000000000,0E-20
467436209270504951,Humana,66387877495315826,NEW ENGLAND REHABILITATION SERVICES OF CENTRAL MASSACHUSETTS INC,2025-08,4,40370.48,29537.10,10833.38,10092.6200000000000000,0.73165094891118460816
38194544675647776,Medicaid,520806008221098162,FIRST PSYCHIATRIC PLANNERS  INC,2025-08,1,15340.83,15290.83,50.00,15340.8300000000000000,0.99674072393736192892
38194544675647776,Medicaid,565804414476228962,FRANCISCAN HOSPITAL FOR CHILDREN INC,2025-08,1,967.28,917.28,50.00,967.2800000000000000,0.94830865933338847076
38194544675647776,Medicaid,1003634539940818261,CHARLES RIVER COMMUNITY HEALTH  INC,2025-08,1,785.58,785.58,0.00,785.5800000000000000,1.00000000000000000000
952317639554652821,Medicare,683258316057948949,STEWARD ST. ANNES HOSPITAL CORPORATION,2025-08,1,5138.45,3924.36,1214.09,5138.4500000000000000,0.76372446944117389485
467436209270504951,Humana,741458505160782152,LOWELL COMMUNITY HEALTH CENTER,2025-08,1,785.58,0.00,785.58,785.5800000000000000,0E-20
1038854080955376456,Cigna Health,340901791751100142,WP ACQUISITION SUB LLC,2025-08,1,2916.32,1357.39,1558.93,2916.3200000000000000,0.46544617874581664564
38194544675647776,Medicaid,353447819048907343,CAMBRIDGE PUBLIC HEALTH COMMISSION,2025-08,1,5138.45,5088.45,50.00,5138.4500000000000000,0.99026943922778269712
38194544675647776,Medicaid,801031929336468325,BROCKTON HOSPITAL  INC.,2025-08,1,1092.39,1042.39,50.00,1092.3900000000000000,0.95422880106921520702
211105773257762680,Aetna,694540912856437675,PULMONARY INTERNISTS AND CONSULTANTS PC,2025-08,1,778.78,0.00,778.78,778.7800000000000000,0E-20
211105773257762680,Aetna,392549857133219292,CAPE COD HOSPITAL INC,2025-08,1,2673.95,0.00,2673.95,2673.9500000000000000,0E-20
952317639554652821,Medicare,395615810080261442,ANNA JAQUES HOSPITAL SUBACUTE UNIT,2025-09,1,2984.14,2387.31,596.83,2984.1400000000000000,0.79999932979015729825
467436209270504951,Humana,244544338078735615,TEWKSBURY HOSPITAL,2025-09,1,3105.35,14.91,3090.44,3105.3500000000000000,0.00480139114753570451
38194544675647776,Medicaid,635544131513586331,CAMBRIDGE PUBLIC HEALTH COMMISSION,2025-09,1,516.95,466.95,50.00,516.9500000000000000,0.90327884708385723958
211105773257762680,Aetna,392549857133219292,CAPE COD HOSPITAL INC,2025-09,1,85.55,0.00,85.55,85.5500000000000000,0E-20
952317639554652821,Medicare,93679773638781409,TUFTS MEDICAL CENTER,2025-09,1,573.98,459.18,114.80,573.9800000000000000,0.79999303111606676191
38194544675647776,Medicaid,921077187397372104,RIVER'S EDGE PRIMARY CARE LLC,2025-09,1,816.80,816.80,0.00,816.8000000000000000,1.00000000000000000000
38194544675647776,Medicaid,801031929336468325,BROCKTON HOSPITAL  INC.,2025-09,1,3105.35,3055.35,50.00,3105.3500000000000000,0.98389875537379039400
38194544675647776,Medicaid,520806008221098162,FIRST PSYCHIATRIC PLANNERS  INC,2025-09,1,5263.67,5213.67,50.00,5263.6700000000000000,0.99050092426006949524
467436209270504951,Humana,76613554195130854,TREE OF LIFE HEALTHCARE ASSOCIATES,2025-09,1,1567.00,1567.00,0.00,1567.0000000000000000,1.00000000000000000000
467436209270504951,Humana,66387877495315826,NEW ENGLAND REHABILITATION SERVICES OF CENTRAL MASSACHUSETTS INC,2025-09,3,51512.71,51512.71,0.00,17170.903333333333,1.00000000000000000000
467436209270504951,Humana,41581407780620585,WHITTIER REHABILITATION HOSPITAL - BRADFORD,2025-09,1,85.55,51.33,34.22,85.5500000000000000,0.60000000000000000000
952317639554652821,Medicare,160559015988030201,HEALTHFIRST FAMILY CARE CENTER INC,2025-10,1,7191.58,5753.25,1438.33,7191.5800000000000000,0.79999805327897346619
952317639554652821,Medicare,345242370934466119,HEBREW SENIORLIFE AFFILIATED MEDICAL GROUP INC,2025-10,1,1250.85,1000.68,250.17,1250.8500000000000000,0.80000000000000000000
38194544675647776,Medicaid,801031929336468325,BROCKTON HOSPITAL  INC.,2025-10,1,1551.43,1501.43,50.00,1551.4300000000000000,0.96777166871853709159
746113169580368645,Anthem,721972786242253874,BOSTON MEDICAL CENTER CORPORATION-,2025-10,1,142.58,114.06,28.52,142.5800000000000000,0.79997194557441436387
467436209270504951,Humana,66387877495315826,NEW ENGLAND REHABILITATION SERVICES OF CENTRAL MASSACHUSETTS INC,2025-10,3,17937.27,17937.27,0.00,5979.0900000000000000,1.00000000000000000000
38194544675647776,Medicaid,332886644979055046,MILFORD REGIONAL MEDICAL CENTER,2025-10,1,516.95,366.95,150.00,516.9500000000000000,0.70983654125157171873
38194544675647776,Medicaid,132019786462314408,DAVIS SQUARE FAMILY PRACTICE,2025-10,1,1858.96,1858.96,0.00,1858.9600000000000000,1.00000000000000000000
746113169580368645,Anthem,731363611095087029,KATZMAN FAMILY CENTER FOR LIVING,2025-10,1,146.18,116.94,29.24,146.1800000000000000,0.79997263647557805445
1038854080955376456,Cigna Health,744977654436978746,THE LOWELL GENERAL HOSPITAL,2025-10,1,2730.98,0.00,2730.98,2730.9800000000000000,0E-20
38194544675647776,Medicaid,520806008221098162,FIRST PSYCHIATRIC PLANNERS  INC,2025-10,2,10527.34,10427.34,100.00,5263.6700000000000000,0.99050092426006949524
38194544675647776,Medicaid,801031929336468325,BROCKTON HOSPITAL  INC.,2025-11,1,1603.49,1553.49,50.00,1603.4900000000000000,0.96881801570324729184
1038854080955376456,Cigna Health,814284400183858824,PRIMARY CARE NORTH PC,2025-11,1,785.58,0.00,785.58,785.5800000000000000,0E-20
38194544675647776,Medicaid,332886644979055046,MILFORD REGIONAL MEDICAL CENTER,2025-11,1,516.95,466.95,50.00,516.9500000000000000,0.90327884708385723958
1038854080955376456,Cigna Health,340901791751100142,WP ACQUISITION SUB LLC,2025-11,1,2979.21,2085.45,893.76,2979.2100000000000000,0.70000100697836003504
645688281511686373,UnitedHealthcare,703727186913582450,ASSOCIATED INTERNISTS OF RANDOLPH  INC.,2025-11,1,919.90,112.38,807.52,919.9000000000000000,0.12216545276660506577
38194544675647776,Medicaid,520806008221098162,FIRST PSYCHIATRIC PLANNERS  INC,2025-11,1,5263.67,5213.67,50.00,5263.6700000000000000,0.99050092426006949524
38194544675647776,Medicaid,1108258114602746895,CAMBRIDGE REHABILITATION & NURSING CENTER,2025-12,1,8155.61,8105.61,50.00,8155.6100000000000000,0.99386925073660952400
38194544675647776,Medicaid,520806008221098162,FIRST PSYCHIATRIC PLANNERS  INC,2025-12,1,5263.67,5213.67,50.00,5263.6700000000000000,0.99050092426006949524
645688281511686373,UnitedHealthcare,476697113556229311,BETH ISRAEL DEACONESS HOSPITAL MILTON INC,2025-12,1,2673.95,2139.16,534.79,2673.9500000000000000,0.80000000000000000000
211105773257762680,Aetna,109016295863276866,FAMILY SERVICE ASSOCIATION OF GREATER FALL RIVER INC,2025-12,1,919.90,0.00,919.90,919.9000000000000000,0E-20
746113169580368645,Anthem,49658252277416711,PALMER FAMILY SERVICES LLC,2025-12,1,272.80,0.00,272.80,272.8000000000000000,0E-20
645688281511686373,UnitedHealthcare,395615810080261442,ANNA JAQUES HOSPITAL SUBACUTE UNIT,2025-12,1,727.53,0.00,727.53,727.5300000000000000,0E-20
952317639554652821,Medicare,790885867393293671,DUTTON FAMILY CARE ASSOCIATES LLP,2025-12,1,778.78,623.02,155.76,778.7800000000000000,0.79999486376126762372
467436209270504951,Humana,445265032025896326,QUINCY CENTER PRIMARY CARE PC,2025-12,1,1210.18,0.00,1210.18,1210.1800000000000000,0E-20
38194544675647776,Medicaid,921077187397372104,RIVER'S EDGE PRIMARY CARE LLC,2025-12,1,136.80,136.80,0.00,136.8000000000000000,1.00000000000000000000
357555573157303140,Blue Cross Blue Shield,801031929336468325,BROCKTON HOSPITAL  INC.,2025-12,1,3105.35,0.00,3105.35,3105.3500000000000000,0E-20
357555573157303140,Blue Cross Blue Shield,557025406090317911,DILIGENCEHEALTHCARE,2025-12,1,919.90,0.00,919.90,919.9000000000000000,0E-20
38194544675647776,Medicaid,801031929336468325,BROCKTON HOSPITAL  INC.,2025-12,1,3536.75,3486.75,50.00,3536.7500000000000000,0.98586272707994627836
1038854080955376456,Cigna Health,439410479591029051,LOWELL FAMILY MEDICAL CARE PC,2025-12,1,1644.16,4.51,1639.65,1644.1600000000000000,0.00274304203970416504
467436209270504951,Humana,654096641582644263,BL HEALTHCARE INC DELEWARE,2025-12,1,1069.06,0.00,1069.06,1069.0600000000000000,0E-20
38194544675647776,Medicaid,332886644979055046,MILFORD REGIONAL MEDICAL CENTER,2025-12,1,516.95,466.95,50.00,516.9500000000000000,0.90327884708385723958
1038854080955376456,Cigna Health,721972786242253874,BOSTON MEDICAL CENTER CORPORATION-,2025-12,1,85.55,0.00,85.55,85.5500000000000000,0E-20
38194544675647776,Medicaid,582932907736801785,ENCOMPASS HEALTH REHAB HOSPITAL OF WESTERN MASS,2026-01,2,591.95,466.95,125.00,295.9750000000000000,0.78883351634428583495
952317639554652821,Medicare,345242370934466119,HEBREW SENIORLIFE AFFILIATED MEDICAL GROUP INC,2026-01,1,4479.23,3583.38,895.85,4479.2300000000000000,0.79999910698937094099
38194544675647776,Medicaid,396031016204066515,LYNN COMMUNITY HEALTH,2026-01,1,1483.77,1383.77,100.00,1483.7700000000000000,0.93260410980138431158
445788698227523135,Dual Eligible,257485178825861130,URGENT CARE MEDICAL ASSOCIATES  LLC,2026-01,1,1506.24,1471.24,35.00,1506.2400000000000000,0.97676333120883790100
645688281511686373,UnitedHealthcare,679474484616751075,NEWBURYPORT FAMILY PRACTICE P.C.,2026-01,1,704.20,0.00,704.20,704.2000000000000000,0E-20
467436209270504951,Humana,137002283324145083,STURDY MEMORIAL HOSPITAL INC,2026-01,1,4830.95,117.50,4713.45,4830.9500000000000000,0.02432233825645059460
38194544675647776,Medicaid,520806008221098162,FIRST PSYCHIATRIC PLANNERS  INC,2026-01,2,10527.34,10327.34,200.00,5263.6700000000000000,0.98100184852013899048
645688281511686373,UnitedHealthcare,866549107229357074,HOPKINTON MEDICAL CARE  P.C.,2026-01,1,840.20,0.00,840.20,840.2000000000000000,0E-20
38194544675647776,Medicaid,1053862909723414558,COMPASSIONATE HEALTH CARE GROUP LLC,2026-01,1,1298.33,1198.33,100.00,1298.3300000000000000,0.92297797940431169271
746113169580368645,Anthem,721972786242253874,BOSTON MEDICAL CENTER CORPORATION-,2026-01,1,142.58,0.00,142.58,142.5800000000000000,0E-20
38194544675647776,Medicaid,801031929336468325,BROCKTON HOSPITAL  INC.,2026-01,2,5140.24,5040.24,100.00,2570.1200000000000000,0.98054565545577638398
211105773257762680,Aetna,44500129533123678,SOUTHCOAST HOSPITALS GROUP INC,2026-01,1,3536.75,0.00,3536.75,3536.7500000000000000,0E-20
952317639554652821,Medicare,815218868737845247,Causeway OPC,2026-01,1,1291.56,1033.24,258.32,1291.5600000000000000,0.79999380594010344080
645688281511686373,UnitedHealthcare,395615810080261442,ANNA JAQUES HOSPITAL SUBACUTE UNIT,2026-01,1,4575.68,3284.07,1291.61,4575.6800000000000000,0.71772283026785089866
952317639554652821,Medicare,93679773638781409,TUFTS MEDICAL CENTER,2026-01,2,5404.93,4323.94,1080.99,2702.4650000000000000,0.79999925993491127545
645688281511686373,UnitedHealthcare,1037822919216517364,ANNA JAQUES HOSPITAL SUBACUTE UNIT,2026-01,2,3622.30,1835.39,1786.91,1811.1500000000000000,0.50669188084918421997
746113169580368645,Anthem,102665420104747686,MASS GENERAL BRIGHAM URGENT CARE LLC,2026-02,1,925.68,0.00,925.68,925.6800000000000000,0E-20
278663187212707114,NO_INSURANCE,410915144747947572,COOLEY DICKINSON HOSPITAL INC,2026-02,1,516.95,0.00,516.95,516.9500000000000000,0E-20
445788698227523135,Dual Eligible,389966452681632557,BETH ISRAEL DEACONESS HOSPITAL-NEEDHAM  INC.,2026-02,1,1494.52,1459.52,35.00,1494.5200000000000000,0.97658110965393571180
746113169580368645,Anthem,249985492892219599,WHITLEY WELLNESS LLC,2026-02,1,1600.53,435.99,1164.54,1600.5300000000000000,0.27240351633521396038
952317639554652821,Medicare,815218868737845247,Causeway OPC,2026-02,1,3105.35,2484.28,621.07,3105.3500000000000000,0.80000000000000000000
645688281511686373,UnitedHealthcare,472226794892644975,HAVERHILL FAMILY OFFICE LLC,2026-02,1,1283.06,0.00,1283.06,1283.0600000000000000,0E-20
1038854080955376456,Cigna Health,340901791751100142,WP ACQUISITION SUB LLC,2026-02,1,2608.80,1826.16,782.64,2608.8000000000000000,0.70000000000000000000
38194544675647776,Medicaid,262742267247519472,ART OF CARE INC,2026-02,1,4140.89,4090.89,50.00,4140.8900000000000000,0.98792530108261750493
746113169580368645,Anthem,420221548349436151,MOUNT AUBURN HOSPITAL,2026-02,1,85.55,0.00,85.55,85.5500000000000000,0E-20
38194544675647776,Medicaid,565804414476228962,FRANCISCAN HOSPITAL FOR CHILDREN INC,2026-02,1,142.58,92.58,50.00,142.5800000000000000,0.64931968017954832375
38194544675647776,Medicaid,520806008221098162,FIRST PSYCHIATRIC PLANNERS  INC,2026-02,1,8885.88,8835.88,50.00,8885.8800000000000000,0.99437309529275659811
38194544675647776,Medicaid,921077187397372104,RIVER'S EDGE PRIMARY CARE LLC,2026-03,1,1032.50,1032.50,0.00,1032.5000000000000000,1.00000000000000000000
746113169580368645,Anthem,846294596561620579,WESTFORD INTERNAL MEDICINE PC,2026-03,1,914.78,0.00,914.78,914.7800000000000000,0E-20
467436209270504951,Humana,137002283324145083,STURDY MEMORIAL HOSPITAL INC,2026-03,1,142.58,85.55,57.03,142.5800000000000000,0.60001402721279281807
38194544675647776,Medicaid,548965948002374219,SOUTH SHORE INTERNAL MEDICINE ASSOCIATES INC.,2026-03,1,347.38,247.38,100.00,347.3800000000000000,0.71213080776095342276
467436209270504951,Humana,334510102683813647,BOSTON MEDICAL CENTER CORPORATION-,2026-03,1,919.90,0.00,919.90,919.9000000000000000,0E-20
38194544675647776,Medicaid,969560228442772145,FAMILY PRACTICE GROUP PC,2026-03,2,2531.16,2431.16,100.00,1265.5800000000000000,0.96049242244662526273
467436209270504951,Humana,636964980173115292,COMFORT HOME CARE  LLC,2026-03,1,6000.56,6000.56,0.00,6000.5600000000000000,1.00000000000000000000
38194544675647776,Medicaid,520806008221098162,FIRST PSYCHIATRIC PLANNERS  INC,2026-03,3,11084.82,10934.82,150.00,3694.9400000000000000,0.98646798053554320233
746113169580368645,Anthem,969560228442772145,FAMILY PRACTICE GROUP PC,2026-03,1,568.20,243.90,324.30,568.2000000000000000,0.42925026399155227033
278663187212707114,NO_INSURANCE,410915144747947572,COOLEY DICKINSON HOSPITAL INC,2026-03,1,516.95,0.00,516.95,516.9500000000000000,0E-20
746113169580368645,Anthem,420221548349436151,MOUNT AUBURN HOSPITAL,2026-03,1,2673.95,2139.16,534.79,2673.9500000000000000,0.80000000000000000000
38194544675647776,Medicaid,801031929336468325,BROCKTON HOSPITAL  INC.,2026-03,1,1603.49,1553.49,50.00,1603.4900000000000000,0.96881801570324729184
952317639554652821,Medicare,395615810080261442,ANNA JAQUES HOSPITAL SUBACUTE UNIT,2026-04,1,2673.95,2139.16,534.79,2673.9500000000000000,0.80000000000000000000
952317639554652821,Medicare,345242370934466119,HEBREW SENIORLIFE AFFILIATED MEDICAL GROUP INC,2026-04,2,1393.43,928.34,465.09,696.7150000000000000,0.66622650581658210316
952317639554652821,Medicare,623047219859228790,GARDEN STATE HEALTHCARE ASSOCIATES LLC,2026-04,1,1216.98,789.00,427.98,1216.9800000000000000,0.64832618448947394370
952317639554652821,Medicare,93679773638781409,TUFTS MEDICAL CENTER,2026-04,3,4978.25,3982.59,995.66,1659.4166666666666667,0.79999799126198965500
645688281511686373,UnitedHealthcare,395615810080261442,ANNA JAQUES HOSPITAL SUBACUTE UNIT,2026-04,1,1250.85,1000.68,250.17,1250.8500000000000000,0.80000000000000000000
278663187212707114,NO_INSURANCE,410915144747947572,COOLEY DICKINSON HOSPITAL INC,2026-04,1,516.95,0.00,516.95,516.9500000000000000,0E-20
952317639554652821,Medicare,683258316057948949,STEWARD ST. ANNES HOSPITAL CORPORATION,2026-04,1,573.98,459.18,114.80,573.9800000000000000,0.79999303111606676191
38194544675647776,Medicaid,801031929336468325,BROCKTON HOSPITAL  INC.,2026-04,1,2673.95,2623.95,50.00,2673.9500000000000000,0.98130107144860599488
467436209270504951,Humana,58830663438005741,SUNRISE HEALTHCARE LLC,2026-04,1,778.78,0.00,778.78,778.7800000000000000,0E-20
38194544675647776,Medicaid,520806008221098162,FIRST PSYCHIATRIC PLANNERS  INC,2026-04,2,14782.19,14682.19,100.00,7391.0950000000000000,0.99323510251187408632
38194544675647776,Medicaid,548965948002374219,SOUTH SHORE INTERNAL MEDICINE ASSOCIATES INC.,2026-04,1,272.80,272.80,0.00,272.8000000000000000,1.00000000000000000000
467436209270504951,Humana,345242370934466119,HEBREW SENIORLIFE AFFILIATED MEDICAL GROUP INC,2026-04,1,3536.75,0.00,3536.75,3536.7500000000000000,0E-20
746113169580368645,Anthem,744977654436978746,THE LOWELL GENERAL HOSPITAL,2026-04,1,2673.95,1704.58,969.37,2673.9500000000000000,0.63747639260270386507
645688281511686373,UnitedHealthcare,1037822919216517364,ANNA JAQUES HOSPITAL SUBACUTE UNIT,2026-04,1,142.58,114.06,28.52,142.5800000000000000,0.79997194557441436387
38194544675647776,Medicaid,520806008221098162,FIRST PSYCHIATRIC PLANNERS  INC,2026-05,1,14029.09,13979.09,50.00,14029.0900000000000000,0.99643597695930384651
1038854080955376456,Cigna Health,651473276246308486,GREATER LAWRENCE FAMILY HEALTH CENTER INC,2026-05,1,1208.19,0.00,1208.19,1208.1900000000000000,0E-20
1038854080955376456,Cigna Health,924438841780828326,CENTER FOR DIGESTIVE WELLNESS PC,2026-05,1,840.20,0.00,840.20,840.2000000000000000,0E-20
38194544675647776,Medicaid,164982158369714689,A&A HEALTHCARE LLC,2026-05,1,785.58,785.58,0.00,785.5800000000000000,1.00000000000000000000
38194544675647776,Medicaid,353447819048907343,CAMBRIDGE PUBLIC HEALTH COMMISSION,2026-05,3,4966.82,4816.82,150.00,1655.6066666666666667,0.96979959007976934940
1038854080955376456,Cigna Health,340901791751100142,WP ACQUISITION SUB LLC,2026-05,2,4361.54,748.81,3612.73,2180.7700000000000000,0.17168477189249668695
467436209270504951,Humana,137002283324145083,STURDY MEMORIAL HOSPITAL INC,2026-05,1,142.58,85.55,57.03,142.5800000000000000,0.60001402721279281807
38194544675647776,Medicaid,447328131776998626,BAYADA HOME HEALTH CARE  INC,2026-05,1,146.18,46.85,99.33,146.1800000000000000,0.32049527979203721439
645688281511686373,UnitedHealthcare,376833142676655002,HOLISTIC FAMILY PRACTICE  INC.,2026-05,1,724.16,579.32,144.84,724.1600000000000000,0.79998895271763146266
38194544675647776,Medicaid,332886644979055046,MILFORD REGIONAL MEDICAL CENTER,2026-05,1,3105.35,3055.35,50.00,3105.3500000000000000,0.98389875537379039400
38194544675647776,Medicaid,1089422341693700620,CARLETON-WILLARD VILLAGE RETIREMENT & NURSING CTR,2026-05,1,7296.30,7246.30,50.00,7296.3000000000000000,0.99314721160040020284
467436209270504951,Humana,41581407780620585,WHITTIER REHABILITATION HOSPITAL - BRADFORD,2026-05,1,3105.35,0.00,3105.35,3105.3500000000000000,0E-20
952317639554652821,Medicare,814284400183858824,PRIMARY CARE NORTH PC,2026-06,1,1135.60,722.44,413.16,1135.6000000000000000,0.63617470940471997182
1038854080955376456,Cigna Health,744977654436978746,THE LOWELL GENERAL HOSPITAL,2026-06,1,85.55,59.88,25.67,85.5500000000000000,0.69994155464640561075
38194544675647776,Medicaid,801031929336468325,BROCKTON HOSPITAL  INC.,2026-06,1,3179.93,3129.93,50.00,3179.9300000000000000,0.98427638344240282019
746113169580368645,Anthem,49658252277416711,PALMER FAMILY SERVICES LLC,2026-06,1,488.50,0.00,488.50,488.5000000000000000,0E-20
952317639554652821,Medicare,239726299069476648,PERSONALIZED MEDICAL CARE LLC,2026-06,1,704.20,563.36,140.84,704.2000000000000000,0.80000000000000000000
38194544675647776,Medicaid,520806008221098162,FIRST PSYCHIATRIC PLANNERS  INC,2026-06,2,5641.23,5541.23,100.00,2820.6150000000000000,0.98227336946020637343
645688281511686373,UnitedHealthcare,1037822919216517364,ANNA JAQUES HOSPITAL SUBACUTE UNIT,2026-06,1,9241.77,7393.41,1848.36,9241.7700000000000000,0.79999935077371542464
38194544675647776,Medicaid,132019786462314408,DAVIS SQUARE FAMILY PRACTICE,2026-06,1,1084.70,984.70,100.00,1084.7000000000000000,0.90780861067576288375
38194544675647776,Medicaid,548965948002374219,SOUTH SHORE INTERNAL MEDICINE ASSOCIATES INC.,2026-06,1,1103.04,1103.04,0.00,1103.0400000000000000,1.00000000000000000000
467436209270504951,Humana,433837020145504394,ZANJABEE INTEGRATIVE MEDICINE AND PRIMARY CARE LLC,2026-06,1,704.20,0.00,704.20,704.2000000000000000,0E-20
467436209270504951,Humana,740843053744993432,BRIGHAM AND WOMEN'S FAULKNER HOSPITAL  INC.,2026-06,1,85.55,0.00,85.55,85.5500000000000000,0E-20
1038854080955376456,Cigna Health,104996357240950328,UMASS MEMORIAL HEALTHALLIANCE CLINTON HOSPITAL INC,2026-06,1,4830.95,819.80,4011.15,4830.9500000000000000,0.16969747151181444643
38194544675647776,Medicaid,921077187397372104,RIVER'S EDGE PRIMARY CARE LLC,2026-06,1,272.80,272.80,0.00,272.8000000000000000,1.00000000000000000000
445788698227523135,Dual Eligible,389966452681632557,BETH ISRAEL DEACONESS HOSPITAL-NEEDHAM  INC.,2026-06,1,2805.56,2770.56,35.00,2805.5600000000000000,0.98752477223798457349
38194544675647776,Medicaid,264175530648959689,SIGNATURE HEALTHCARE MEDICAL GROUP INC,2026-06,1,866.52,866.52,0.00,866.5200000000000000,1.00000000000000000000
38194544675647776,Medicaid,565804414476228962,FRANCISCAN HOSPITAL FOR CHILDREN INC,2026-06,2,955.88,855.88,100.00,477.9400000000000000,0.89538435786918860108
445788698227523135,Dual Eligible,1100386330438199965,WALTHAM WESTON INTERNAL MEDICINE ASSOCIATES  P.C.,2026-07,1,1751.17,1751.17,0.00,1751.1700000000000000,1.00000000000000000000
645688281511686373,UnitedHealthcare,1037822919216517364,ANNA JAQUES HOSPITAL SUBACUTE UNIT,2026-07,2,13697.13,10957.70,2739.43,6848.5650000000000000,0.79999970796801957782
952317639554652821,Medicare,345242370934466119,HEBREW SENIORLIFE AFFILIATED MEDICAL GROUP INC,2026-07,1,3172.23,2537.78,634.45,3172.2300000000000000,0.79999873905738234617
38194544675647776,Medicaid,1108258114602746895,CAMBRIDGE REHABILITATION & NURSING CENTER,2026-07,1,146.18,96.18,50.00,146.1800000000000000,0.65795594472568066767
467436209270504951,Humana,919548777387151765,SOUTH SHORE CENTER FOR WELLNESS LTD,2026-07,1,1055.90,0.00,1055.90,1055.9000000000000000,0E-20
952317639554652821,Medicare,93679773638781409,TUFTS MEDICAL CENTER,2026-07,2,1820.66,1456.53,364.13,910.3300000000000000,0.80000109850274076434
38194544675647776,Medicaid,565804414476228962,FRANCISCAN HOSPITAL FOR CHILDREN INC,2026-07,2,3190.90,3090.90,100.00,1595.4500000000000000,0.96866087937572471716
467436209270504951,Humana,345242370934466119,HEBREW SENIORLIFE AFFILIATED MEDICAL GROUP INC,2026-07,1,85.55,0.00,85.55,85.5500000000000000,0E-20
38194544675647776,Medicaid,520806008221098162,FIRST PSYCHIATRIC PLANNERS  INC,2026-07,1,5263.67,5213.67,50.00,5263.6700000000000000,0.99050092426006949524
