organization_key,organization_name,encounter_date_key,encounter_date,encounter_class,encounter_count,unique_patients,average_duration_minutes,median_duration_minutes,inpatient_count,emergency_count,total_claim_cost,payer_coverage,patient_responsibility,provider_count
164982158369714689,A&A HEALTHCARE LLC,19430915,1943-09-15,wellness,2,2,52.3,52.3,0,0,1999.20,1899.20,100.00,1
496794533100234578,WELLNESS ON WHEELS PC,19430929,1943-09-29,wellness,1,1,41.03333333333333,41.03333333333333,0,0,1329.55,1179.55,150.00,1
622746900524004548,WHITTIER REHABILTATION HOSPITAL,19471226,1947-12-26,ambulatory,1,1,15.0,15.0,0,0,85.55,0.00,85.55,1
622746900524004548,WHITTIER REHABILTATION HOSPITAL,19480109,1948-01-09,ambulatory,1,1,15.0,15.0,0,0,85.55,0.00,85.55,1
622746900524004548,WHITTIER REHABILTATION HOSPITAL,19500116,1950-01-16,ambulatory,1,1,15.0,15.0,0,0,85.55,0.00,85.55,1
679818074188163933,ARBOUR-FULLER HOSPITAL,19510519,1951-05-19,inpatient,1,1,1440.0,1440.0,1,0,3817.64,3767.64,50.00,1
742853919342579422,ENCOMPASS HEALTH BRAINTREE HOSPITAL OF BRAINTREE,19520819,1952-08-19,ambulatory,1,1,15.0,15.0,0,0,3611.37,3561.37,50.00,1
742853919342579422,ENCOMPASS HEALTH BRAINTREE HOSPITAL OF BRAINTREE,19531007,1953-10-07,ambulatory,1,1,72.95,72.95,0,0,942.01,892.01,50.00,1
332886644979055046,MILFORD REGIONAL MEDICAL CENTER,19600125,1960-01-25,ambulatory,1,1,15.0,15.0,0,0,1005.38,955.38,50.00,1
93679773638781409,TUFTS MEDICAL CENTER,19600309,1960-03-09,ambulatory,1,1,15.0,15.0,0,0,85.55,0.00,85.55,1
93679773638781409,TUFTS MEDICAL CENTER,19600324,1960-03-24,ambulatory,1,1,15.0,15.0,0,0,85.55,0.00,85.55,1
887471881291579676,WOODLAND INTERNISTS  P.C.,19600908,1960-09-08,wellness,1,1,22.183333333333334,22.183333333333334,0,0,704.20,0.00,704.20,1
742853919342579422,ENCOMPASS HEALTH BRAINTREE HOSPITAL OF BRAINTREE,19610612,1961-06-12,inpatient,1,1,1440.0,1440.0,1,0,3817.64,3767.64,50.00,1
887471881291579676,WOODLAND INTERNISTS  P.C.,19610914,1961-09-14,wellness,1,1,44.0,44.0,0,0,704.20,0.00,704.20,1
164982158369714689,A&A HEALTHCARE LLC,19621010,1962-10-10,wellness,1,1,43.3,43.3,0,0,778.78,628.78,150.00,1
1100386330438199965,WALTHAM WESTON INTERNAL MEDICINE ASSOCIATES  P.C.,19630125,1963-01-25,wellness,1,1,32.0,32.0,0,0,704.20,0.00,704.20,1
441536440845856287,WELLESLEY FAMILY CARE ASSOCIATES  PC,19630125,1963-01-25,wellness,1,1,52.95,52.95,0,0,704.20,0.00,704.20,1
1100386330438199965,WALTHAM WESTON INTERNAL MEDICINE ASSOCIATES  P.C.,19640131,1964-01-31,wellness,1,1,52.266666666666666,52.266666666666666,0,0,849.22,0.00,849.22,1
332886644979055046,MILFORD REGIONAL MEDICAL CENTER,19640829,1964-08-29,ambulatory,1,1,15.0,15.0,0,0,85.55,35.55,50.00,1
790885867393293671,DUTTON FAMILY CARE ASSOCIATES LLP,19640903,1964-09-03,wellness,1,1,15.0,15.0,0,0,347.38,0.00,347.38,1
537663206495302230,MELROSE FAMILY OPTICIANS LLC,19650227,1965-02-27,wellness,1,1,59.016666666666666,59.016666666666666,0,0,919.90,0.00,919.90,1
814284400183858824,PRIMARY CARE NORTH PC,19650227,1965-02-27,wellness,3,3,46.25555555555555,47.583333333333336,0,0,2192.30,0.00,2192.30,1
164982158369714689,A&A HEALTHCARE LLC,19650728,1965-07-28,wellness,2,2,48.099999999999994,48.099999999999994,0,0,2509.62,2209.62,300.00,1
496794533100234578,WELLNESS ON WHEELS PC,19650728,1965-07-28,wellness,1,1,57.65,57.65,0,0,778.78,628.78,150.00,1
679818074188163933,ARBOUR-FULLER HOSPITAL,19650831,1965-08-31,ambulatory,1,1,15.0,15.0,0,0,92.93,42.93,50.00,1
814284400183858824,PRIMARY CARE NORTH PC,19660305,1966-03-05,wellness,1,1,55.11666666666667,55.11666666666667,0,0,1108.71,0.00,1108.71,1
1100386330438199965,WALTHAM WESTON INTERNAL MEDICINE ASSOCIATES  P.C.,19670203,1967-02-03,wellness,1,1,33.96666666666667,33.96666666666667,0,0,1075.86,0.00,1075.86,1
909182873596142954,SOUTHCOAST HOSPITAL GROUP  INC,19670705,1967-07-05,ambulatory,1,1,15.0,15.0,0,0,85.55,35.55,50.00,1
909182873596142954,SOUTHCOAST HOSPITAL GROUP  INC,19670718,1967-07-18,ambulatory,1,1,15.0,15.0,0,0,85.55,35.55,50.00,1
164982158369714689,A&A HEALTHCARE LLC,19670802,1967-08-02,wellness,1,1,43.28333333333333,43.28333333333333,0,0,1339.09,1189.09,150.00,1
496794533100234578,WELLNESS ON WHEELS PC,19680814,1968-08-14,wellness,1,1,39.016666666666666,39.016666666666666,0,0,849.22,699.22,150.00,1
50464693234281699,Lynn Community Based Outpatient Clinic (CBOC),19690308,1969-03-08,wellness,1,1,55.18333333333333,55.18333333333333,0,0,778.78,0.00,778.78,1
814284400183858824,PRIMARY CARE NORTH PC,19690308,1969-03-08,wellness,1,1,42.68333333333333,42.68333333333333,0,0,778.78,0.00,778.78,1
164982158369714689,A&A HEALTHCARE LLC,19690820,1969-08-20,wellness,1,1,47.15,47.15,0,0,860.16,710.16,150.00,1
476697113556229311,BETH ISRAEL DEACONESS HOSPITAL MILTON INC,19710809,1971-08-09,ambulatory,1,1,15.0,15.0,0,0,85.55,68.44,17.11,1
476697113556229311,BETH ISRAEL DEACONESS HOSPITAL MILTON INC,19710828,1971-08-28,ambulatory,1,1,15.0,15.0,0,0,85.55,68.44,17.11,1
496794533100234578,WELLNESS ON WHEELS PC,19710901,1971-09-01,wellness,1,1,54.65,54.65,0,0,778.78,664.33,114.45,1
428720615426329859,COUNTRY CENTER FOR HEALTH & REHABILITATION,19720304,1972-03-04,emergency,1,1,60.0,60.0,0,1,146.18,0.00,146.18,1
814284400183858824,PRIMARY CARE NORTH PC,19720311,1972-03-11,wellness,1,1,40.416666666666664,40.416666666666664,0,0,1567.00,0.00,1567.00,1
909182873596142954,SOUTHCOAST HOSPITAL GROUP  INC,19720515,1972-05-15,ambulatory,1,1,15.0,15.0,0,0,85.55,0.00,85.55,1
395615810080261442,ANNA JAQUES HOSPITAL SUBACUTE UNIT,19720531,1972-05-31,ambulatory,1,1,64.81666666666666,64.81666666666666,0,0,1018.55,0.00,1018.55,1
132019786462314408,DAVIS SQUARE FAMILY PRACTICE,19730823,1973-08-23,wellness,1,1,15.0,15.0,0,0,783.90,633.90,150.00,1
476697113556229311,BETH ISRAEL DEACONESS HOSPITAL MILTON INC,19731031,1973-10-31,ambulatory,1,1,15.0,15.0,0,0,516.95,0.00,516.95,1
814284400183858824,PRIMARY CARE NORTH PC,19750315,1975-03-15,wellness,1,1,35.0,35.0,0,0,994.48,0.00,994.48,1
476697113556229311,BETH ISRAEL DEACONESS HOSPITAL MILTON INC,19750525,1975-05-25,outpatient,1,1,15.0,15.0,0,0,516.95,413.56,103.39,1
723111811226363721,CHESTNUT WOODS REHABILITATION AND HEALTHCARE CTR,19760328,1976-03-28,emergency,1,1,95.13333333333334,95.13333333333334,0,1,6079.78,0.00,6079.78,1
622746900524004548,WHITTIER REHABILTATION HOSPITAL,19760608,1976-06-08,ambulatory,1,1,20.433333333333334,20.433333333333334,0,0,187.44,0.00,187.44,1
622746900524004548,WHITTIER REHABILTATION HOSPITAL,19760619,1976-06-19,outpatient,1,1,54.65,54.65,0,0,652.95,0.00,652.95,1
496794533100234578,WELLNESS ON WHEELS PC,19760929,1976-09-29,wellness,1,1,55.96666666666667,55.96666666666667,0,0,1161.22,1098.02,63.20,1
790885867393293671,DUTTON FAMILY CARE ASSOCIATES LLP,19761111,1976-11-11,wellness,1,1,41.06666666666667,41.06666666666667,0,0,704.20,0.00,704.20,1
814284400183858824,PRIMARY CARE NORTH PC,19780318,1978-03-18,wellness,1,1,32.46666666666667,32.46666666666667,0,0,994.48,615.67,378.81,1
622746900524004548,WHITTIER REHABILTATION HOSPITAL,19780401,1978-04-01,ambulatory,1,1,228.73333333333332,228.73333333333332,0,0,3105.35,2484.28,621.07,1
622746900524004548,WHITTIER REHABILTATION HOSPITAL,19780407,1978-04-07,ambulatory,1,1,15.0,15.0,0,0,85.55,68.44,17.11,1
132019786462314408,DAVIS SQUARE FAMILY PRACTICE,19780921,1978-09-21,wellness,1,1,34.86666666666667,34.86666666666667,0,0,1567.00,1417.00,150.00,1
164982158369714689,A&A HEALTHCARE LLC,19781011,1978-10-11,wellness,1,1,41.96666666666667,41.96666666666667,0,0,1865.32,1715.32,150.00,1
742853919342579422,ENCOMPASS HEALTH BRAINTREE HOSPITAL OF BRAINTREE,19781101,1978-11-01,ambulatory,1,1,15.0,15.0,0,0,85.55,35.55,50.00,1
679818074188163933,ARBOUR-FULLER HOSPITAL,19790418,1979-04-18,outpatient,1,1,36.5,36.5,0,0,1515.74,1465.74,50.00,1
622746900524004548,WHITTIER REHABILTATION HOSPITAL,19791208,1979-12-08,outpatient,1,1,30.7,30.7,0,0,652.95,337.73,315.22,1
622746900524004548,WHITTIER REHABILTATION HOSPITAL,19791215,1979-12-15,ambulatory,1,1,18.033333333333335,18.033333333333335,0,0,775.79,620.63,155.16,1
623047219859228790,GARDEN STATE HEALTHCARE ASSOCIATES LLC,19800307,1980-03-07,wellness,1,1,55.71666666666667,55.71666666666667,0,0,977.85,0.00,977.85,1
723111811226363721,CHESTNUT WOODS REHABILITATION AND HEALTHCARE CTR,19800526,1980-05-26,emergency,1,1,149.6,149.6,0,1,7503.03,5816.02,1687.01,1
723111811226363721,CHESTNUT WOODS REHABILITATION AND HEALTHCARE CTR,19801102,1980-11-02,emergency,1,1,142.63333333333333,142.63333333333333,0,1,4407.08,3525.66,881.42,1
622746900524004548,WHITTIER REHABILTATION HOSPITAL,19801216,1980-12-16,outpatient,1,1,15.0,15.0,0,0,142.58,114.06,28.52,1
622746900524004548,WHITTIER REHABILTATION HOSPITAL,19801227,1980-12-27,outpatient,1,1,73.0,73.0,0,0,5809.47,4647.57,1161.90,1
537663206495302230,MELROSE FAMILY OPTICIANS LLC,19810321,1981-03-21,wellness,1,1,53.166666666666664,53.166666666666664,0,0,998.38,0.00,998.38,1
814284400183858824,PRIMARY CARE NORTH PC,19810321,1981-03-21,wellness,1,1,31.816666666666666,31.816666666666666,0,0,853.36,496.28,357.08,1
622746900524004548,WHITTIER REHABILTATION HOSPITAL,19810404,1981-04-04,ambulatory,1,1,200.85,200.85,0,0,3105.35,2484.28,621.07,1
742853919342579422,ENCOMPASS HEALTH BRAINTREE HOSPITAL OF BRAINTREE,19820708,1982-07-08,ambulatory,1,1,61.65,61.65,0,0,948.35,898.35,50.00,1
742853919342579422,ENCOMPASS HEALTH BRAINTREE HOSPITAL OF BRAINTREE,19820802,1982-08-02,inpatient,1,1,1440.0,1440.0,1,0,1032.34,997.34,35.00,1
679818074188163933,ARBOUR-FULLER HOSPITAL,19821222,1982-12-22,outpatient,1,1,33.833333333333336,33.833333333333336,0,0,740.69,690.69,50.00,1
969560228442772145,FAMILY PRACTICE GROUP PC,19830302,1983-03-02,wellness,1,1,40.46666666666667,40.46666666666667,0,0,704.20,554.20,150.00,1
694540912856437675,PULMONARY INTERNISTS AND CONSULTANTS PC,19830705,1983-07-05,wellness,1,1,43.983333333333334,43.983333333333334,0,0,704.20,0.00,704.20,1
919548777387151765,SOUTH SHORE CENTER FOR WELLNESS LTD,19830716,1983-07-16,wellness,1,1,34.28333333333333,34.28333333333333,0,0,704.20,0.00,704.20,1
815218868737845247,Causeway OPC,19830728,1983-07-28,wellness,1,1,30.15,30.15,0,0,778.78,0.00,778.78,1
496794533100234578,WELLNESS ON WHEELS PC,19831109,1983-11-09,wellness,1,1,36.983333333333334,36.983333333333334,0,0,791.94,718.83,73.11,1
1053862909723414558,COMPASSIONATE HEALTH CARE GROUP LLC,19831114,1983-11-14,wellness,1,1,19.2,19.2,0,0,1567.00,1417.00,150.00,1
622746900524004548,WHITTIER REHABILTATION HOSPITAL,19840308,1984-03-08,ambulatory,1,1,15.0,15.0,0,0,85.55,0.00,85.55,1
389966452681632557,BETH ISRAEL DEACONESS HOSPITAL-NEEDHAM  INC.,19840316,1984-03-16,outpatient,1,1,31.916666666666668,31.916666666666668,0,0,802.11,0.00,802.11,1
622746900524004548,WHITTIER REHABILTATION HOSPITAL,19840317,1984-03-17,outpatient,1,1,46.65,46.65,0,0,652.95,446.12,206.83,1
50464693234281699,Lynn Community Based Outpatient Clinic (CBOC),19840324,1984-03-24,wellness,1,1,39.5,39.5,0,0,1786.60,0.00,1786.60,1
537663206495302230,MELROSE FAMILY OPTICIANS LLC,19840324,1984-03-24,wellness,1,1,53.46666666666667,53.46666666666667,0,0,853.36,0.00,853.36,1
814284400183858824,PRIMARY CARE NORTH PC,19840324,1984-03-24,wellness,2,2,37.141666666666666,37.141666666666666,0,0,1914.38,908.48,1005.90,1
622746900524004548,WHITTIER REHABILTATION HOSPITAL,19840331,1984-03-31,ambulatory,1,1,506.6,506.6,0,0,5262.35,4209.88,1052.47,1
723111811226363721,CHESTNUT WOODS REHABILITATION AND HEALTHCARE CTR,19840716,1984-07-16,emergency,1,1,123.85,123.85,0,1,17189.78,13751.82,3437.96,1
723111811226363721,CHESTNUT WOODS REHABILITATION AND HEALTHCARE CTR,19840828,1984-08-28,emergency,1,1,129.56666666666666,129.56666666666666,0,1,10317.26,8253.80,2063.46,1
1053862909723414558,COMPASSIONATE HEALTH CARE GROUP LLC,19841119,1984-11-19,wellness,1,1,54.45,54.45,0,0,704.20,554.20,150.00,1
44021524391093165,DIGNITY HOSPICE CARE INC,19850406,1985-04-06,hospice,1,1,37693.416666666664,37693.416666666664,0,0,11353.93,8896.74,2457.19,1
814284400183858824,PRIMARY CARE NORTH PC,19850504,1985-05-04,wellness,1,1,15.0,15.0,0,0,211.38,169.10,42.28,1
132019786462314408,DAVIS SQUARE FAMILY PRACTICE,19851003,1985-10-03,wellness,1,1,51.55,51.55,0,0,1058.12,908.12,150.00,1
1053862909723414558,COMPASSIONATE HEALTH CARE GROUP LLC,19851125,1985-11-25,wellness,1,1,46.63333333333333,46.63333333333333,0,0,704.20,554.20,150.00,1
703727186913582450,ASSOCIATED INTERNISTS OF RANDOLPH  INC.,19860406,1986-04-06,wellness,1,1,21.75,21.75,0,0,994.48,0.00,994.48,1
790885867393293671,DUTTON FAMILY CARE ASSOCIATES LLP,19861127,1986-11-27,wellness,1,1,36.13333333333333,36.13333333333333,0,0,1641.58,0.00,1641.58,1
441536440845856287,WELLESLEY FAMILY CARE ASSOCIATES  PC,19861212,1986-12-12,wellness,1,1,59.43333333333333,59.43333333333333,0,0,778.78,0.00,778.78,1
363458983347729064,Fitchburg Outpatient Clinic,19861223,1986-12-23,ambulatory,1,1,243.75,243.75,0,0,1444.46,0.00,1444.46,1
363458983347729064,Fitchburg Outpatient Clinic,19861228,1986-12-28,inpatient,1,1,1440.0,1440.0,1,0,42605.37,28918.90,13686.47,1
1037822919216517364,ANNA JAQUES HOSPITAL SUBACUTE UNIT,19870410,1987-04-10,ambulatory,1,1,15.0,15.0,0,0,85.55,0.00,85.55,1
137002283324145083,STURDY MEMORIAL HOSPITAL INC,19870420,1987-04-20,ambulatory,1,1,15.0,15.0,0,0,85.55,68.44,17.11,1
1037822919216517364,ANNA JAQUES HOSPITAL SUBACUTE UNIT,19870502,1987-05-02,ambulatory,1,1,34.8,34.8,0,0,516.95,0.00,516.95,1
137002283324145083,STURDY MEMORIAL HOSPITAL INC,19870503,1987-05-03,ambulatory,1,1,39.583333333333336,39.583333333333336,0,0,516.95,413.56,103.39,1
815218868737845247,Causeway OPC,19870806,1987-08-06,wellness,1,1,54.43333333333333,54.43333333333333,0,0,1159.14,0.00,1159.14,1
164982158369714689,A&A HEALTHCARE LLC,19871202,1987-12-02,wellness,1,1,38.31666666666667,38.31666666666667,0,0,1284.76,1249.76,35.00,1
683258316057948949,STEWARD ST. ANNES HOSPITAL CORPORATION,19871215,1987-12-15,ambulatory,1,1,15.0,15.0,0,0,85.55,0.00,85.55,1
683258316057948949,STEWARD ST. ANNES HOSPITAL CORPORATION,19871228,1987-12-28,ambulatory,1,1,29.216666666666665,29.216666666666665,0,0,516.95,0.00,516.95,1
703727186913582450,ASSOCIATED INTERNISTS OF RANDOLPH  INC.,19880417,1988-04-17,wellness,1,1,49.81666666666667,49.81666666666667,0,0,1501.07,242.36,1258.71,1
389966452681632557,BETH ISRAEL DEACONESS HOSPITAL-NEEDHAM  INC.,19881120,1988-11-20,ambulatory,1,1,64.56666666666666,64.56666666666666,0,0,948.35,55.39,892.96,1
164982158369714689,A&A HEALTHCARE LLC,19881207,1988-12-07,wellness,1,1,32.95,32.95,0,0,1216.98,1181.98,35.00,1
441536440845856287,WELLESLEY FAMILY CARE ASSOCIATES  PC,19881216,1988-12-16,wellness,1,1,54.75,54.75,0,0,704.20,0.00,704.20,1
389966452681632557,BETH ISRAEL DEACONESS HOSPITAL-NEEDHAM  INC.,19881226,1988-12-26,inpatient,1,1,1440.0,1440.0,1,0,1027.63,822.11,205.52,1
1037822919216517364,ANNA JAQUES HOSPITAL SUBACUTE UNIT,19890402,1989-04-02,ambulatory,1,1,15.0,15.0,0,0,516.95,413.56,103.39,1
137002283324145083,STURDY MEMORIAL HOSPITAL INC,19890408,1989-04-08,ambulatory,1,1,15.0,15.0,0,0,516.95,413.56,103.39,1
476697113556229311,BETH ISRAEL DEACONESS HOSPITAL MILTON INC,19890511,1989-05-11,inpatient,1,1,3780.5,3780.5,1,0,5423.98,4060.99,1362.99,1
556944320275034302,PARADIGM HEALTHCARE  PC,19890721,1989-07-21,wellness,1,1,23.6,23.6,0,0,858.48,0.00,858.48,1
658306035533165929,VMD PRIMARY PROVIDERS MASSACHUSETTS PLLC,19890926,1989-09-26,wellness,1,1,21.583333333333332,21.583333333333332,0,0,1202.63,0.00,1202.63,1
164982158369714689,A&A HEALTHCARE LLC,19891213,1989-12-13,wellness,1,1,44.3,44.3,0,0,785.58,750.58,35.00,1
583341618173404851,HOLYOKE VISITING NURSE ASSOC,19900306,1990-03-06,emergency,1,1,60.0,60.0,0,1,8057.89,0.00,8057.89,1
39538555446517326,VNA & HOSPICE OF GREATER MILFORD,19900325,1990-03-25,emergency,1,1,60.0,60.0,0,1,146.18,96.18,50.00,1
965482326565273582,TIMOTHY DANIELS HOUSE,19900415,1990-04-15,emergency,1,1,60.0,60.0,0,1,5308.14,5273.14,35.00,1
703727186913582450,ASSOCIATED INTERNISTS OF RANDOLPH  INC.,19900429,1990-04-29,wellness,1,1,53.233333333333334,53.233333333333334,0,0,840.20,672.16,168.04,1
583341618173404851,HOLYOKE VISITING NURSE ASSOC,19900625,1990-06-25,emergency,1,1,60.0,60.0,0,1,87.71,0.00,87.71,1
965482326565273582,TIMOTHY DANIELS HOUSE,19900712,1990-07-12,emergency,1,1,60.0,60.0,0,1,87.71,52.71,35.00,1
679818074188163933,ARBOUR-FULLER HOSPITAL,19900725,1990-07-25,inpatient,1,1,17280.0,17280.0,1,0,146.18,111.18,35.00,1
965482326565273582,TIMOTHY DANIELS HOUSE,19900818,1990-08-18,emergency,1,1,60.0,60.0,0,1,146.18,111.18,35.00,1
1100386330438199965,WALTHAM WESTON INTERNAL MEDICINE ASSOCIATES  P.C.,19901221,1990-12-21,wellness,1,1,31.183333333333334,31.183333333333334,0,0,1868.62,1311.39,557.23,1
622746900524004548,WHITTIER REHABILTATION HOSPITAL,19901224,1990-12-24,ambulatory,1,1,37.11666666666667,37.11666666666667,0,0,948.35,0.00,948.35,1
814284400183858824,PRIMARY CARE NORTH PC,19910103,1991-01-03,wellness,1,1,15.0,15.0,0,0,704.20,0.00,704.20,1
410915144747947572,COOLEY DICKINSON HOSPITAL INC,19910107,1991-01-07,ambulatory,1,1,79.93333333333334,79.93333333333334,0,0,516.95,0.00,516.95,1
50464693234281699,Lynn Community Based Outpatient Clinic (CBOC),19910119,1991-01-19,wellness,1,1,51.916666666666664,51.916666666666664,0,0,792.38,0.00,792.38,1
622746900524004548,WHITTIER REHABILTATION HOSPITAL,19910126,1991-01-26,inpatient,1,1,1440.0,1440.0,1,0,966.87,0.00,966.87,1
50464693234281699,Lynn Community Based Outpatient Clinic (CBOC),19910126,1991-01-26,ambulatory,1,1,67.9,67.9,0,0,1064.04,0.00,1064.04,1
742853919342579422,ENCOMPASS HEALTH BRAINTREE HOSPITAL OF BRAINTREE,19910223,1991-02-23,ambulatory,1,1,72.15,72.15,0,0,516.95,481.95,35.00,1
39538555446517326,VNA & HOSPICE OF GREATER MILFORD,19910314,1991-03-14,emergency,1,1,60.0,60.0,0,1,87.71,37.71,50.00,1
556944320275034302,PARADIGM HEALTHCARE  PC,19910802,1991-08-02,wellness,1,1,36.016666666666666,36.016666666666666,0,0,919.90,0.00,919.90,1
521143750033311203,SERENITY HILL NURSING CENTER,19911014,1991-10-14,emergency,1,1,420.0,420.0,0,1,146.18,111.18,35.00,1
39538555446517326,VNA & HOSPICE OF GREATER MILFORD,19911227,1991-12-27,emergency,1,1,60.0,60.0,0,1,5308.14,4246.51,1061.63,1
1100386330438199965,WALTHAM WESTON INTERNAL MEDICINE ASSOCIATES  P.C.,19911227,1991-12-27,wellness,1,1,37.766666666666666,37.766666666666666,0,0,1291.56,848.94,442.62,1
814284400183858824,PRIMARY CARE NORTH PC,19920109,1992-01-09,wellness,1,1,30.966666666666665,30.966666666666665,0,0,919.90,0.00,919.90,1
815218868737845247,Causeway OPC,19920709,1992-07-09,ambulatory,1,1,45.11666666666667,45.11666666666667,0,0,948.35,323.69,624.66,1
815218868737845247,Causeway OPC,19920813,1992-08-13,inpatient,1,1,1440.0,1440.0,1,0,966.87,773.50,193.37,1
160559015988030201,HEALTHFIRST FAMILY CARE CENTER INC,19921013,1992-10-13,wellness,1,1,24.866666666666667,24.866666666666667,0,0,704.20,0.00,704.20,1
583341618173404851,HOLYOKE VISITING NURSE ASSOC,19921120,1992-11-20,emergency,1,1,480.0,480.0,0,1,146.18,0.00,146.18,1
164982158369714689,A&A HEALTHCARE LLC,19921230,1992-12-30,wellness,1,1,45.766666666666666,45.766666666666666,0,0,1210.18,1175.18,35.00,1
1100386330438199965,WALTHAM WESTON INTERNAL MEDICINE ASSOCIATES  P.C.,19930101,1993-01-01,wellness,1,1,35.516666666666666,35.516666666666666,0,0,1507.26,1205.80,301.46,1
814284400183858824,PRIMARY CARE NORTH PC,19930123,1993-01-23,wellness,1,1,35.03333333333333,35.03333333333333,0,0,1069.06,668.84,400.22,1
679818074188163933,ARBOUR-FULLER HOSPITAL,19930512,1993-05-12,ambulatory,1,1,81.2,81.2,0,0,1379.75,1344.75,35.00,1
703727186913582450,ASSOCIATED INTERNISTS OF RANDOLPH  INC.,19930516,1993-05-16,wellness,1,1,37.63333333333333,37.63333333333333,0,0,704.20,563.36,140.84,1
679818074188163933,ARBOUR-FULLER HOSPITAL,19930728,1993-07-28,outpatient,1,1,35.666666666666664,35.666666666666664,0,0,740.69,705.69,35.00,1
658306035533165929,VMD PRIMARY PROVIDERS MASSACHUSETTS PLLC,19931019,1993-10-19,wellness,1,1,39.61666666666667,39.61666666666667,0,0,1071.59,0.00,1071.59,1
160559015988030201,HEALTHFIRST FAMILY CARE CENTER INC,19931019,1993-10-19,wellness,2,2,40.13333333333333,40.13333333333333,0,0,2580.84,0.00,2580.84,1
164982158369714689,A&A HEALTHCARE LLC,19940105,1994-01-05,wellness,1,1,34.36666666666667,34.36666666666667,0,0,860.16,825.16,35.00,1
703727186913582450,ASSOCIATED INTERNISTS OF RANDOLPH  INC.,19940522,1994-05-22,wellness,1,1,40.016666666666666,40.016666666666666,0,0,704.20,0.00,704.20,1
687244083159868427,MELROSEWAKEFIELD HEALTHCARE  INC,19940903,1994-09-03,outpatient,1,1,33.25,33.25,0,0,808.91,0.00,808.91,1
679818074188163933,ARBOUR-FULLER HOSPITAL,19941221,1994-12-21,outpatient,1,1,54.53333333333333,54.53333333333333,0,0,1603.49,1568.49,35.00,1
395615810080261442,ANNA JAQUES HOSPITAL SUBACUTE UNIT,19950104,1995-01-04,ambulatory,1,1,35.38333333333333,35.38333333333333,0,0,948.35,0.00,948.35,1
164982158369714689,A&A HEALTHCARE LLC,19950111,1995-01-11,wellness,1,1,36.9,36.9,0,0,1216.98,1166.98,50.00,1
1037822919216517364,ANNA JAQUES HOSPITAL SUBACUTE UNIT,19950119,1995-01-19,inpatient,1,1,1440.0,1440.0,1,0,1023.62,0.00,1023.62,1
742853919342579422,ENCOMPASS HEALTH BRAINTREE HOSPITAL OF BRAINTREE,19950125,1995-01-25,ambulatory,1,1,15.0,15.0,0,0,234.71,184.71,50.00,1
814284400183858824,PRIMARY CARE NORTH PC,19950128,1995-01-28,wellness,1,1,56.483333333333334,56.483333333333334,0,0,1755.57,1218.06,537.51,1
50464693234281699,Lynn Community Based Outpatient Clinic (CBOC),19950128,1995-01-28,wellness,1,1,31.5,31.5,0,0,1565.94,0.00,1565.94,1
363458983347729064,Fitchburg Outpatient Clinic,19950130,1995-01-30,ambulatory,1,1,341.06666666666666,341.06666666666666,0,0,1444.46,1155.57,288.89,1
687244083159868427,MELROSEWAKEFIELD HEALTHCARE  INC,19950715,1995-07-15,outpatient,1,1,56.11666666666667,56.11666666666667,0,0,1509.58,0.00,1509.58,1
556944320275034302,PARADIGM HEALTHCARE  PC,19950811,1995-08-11,wellness,1,1,54.38333333333333,54.38333333333333,0,0,840.20,790.20,50.00,1
742853919342579422,ENCOMPASS HEALTH BRAINTREE HOSPITAL OF BRAINTREE,19951107,1995-11-07,ambulatory,1,1,88.0,88.0,0,0,516.95,481.95,35.00,1
164982158369714689,A&A HEALTHCARE LLC,19951115,1995-11-15,wellness,1,1,36.483333333333334,36.483333333333334,0,0,15835.89,15800.89,35.00,1
790885867393293671,DUTTON FAMILY CARE ASSOCIATES LLP,19951207,1995-12-07,wellness,1,1,48.15,48.15,0,0,778.78,0.00,778.78,1
742853919342579422,ENCOMPASS HEALTH BRAINTREE HOSPITAL OF BRAINTREE,19951207,1995-12-07,ambulatory,1,1,60.266666666666666,60.266666666666666,0,0,516.95,481.95,35.00,1
50464693234281699,Lynn Community Based Outpatient Clinic (CBOC),19960106,1996-01-06,outpatient,1,1,47.15,47.15,0,0,808.91,0.00,808.91,1
742853919342579422,ENCOMPASS HEALTH BRAINTREE HOSPITAL OF BRAINTREE,19960106,1996-01-06,ambulatory,1,1,73.65,73.65,0,0,516.95,481.95,35.00,1
164982158369714689,A&A HEALTHCARE LLC,19960117,1996-01-17,wellness,1,1,49.45,49.45,0,0,1997.47,1962.47,35.00,1
814284400183858824,PRIMARY CARE NORTH PC,19960118,1996-01-18,wellness,1,1,47.166666666666664,47.166666666666664,0,0,1050.78,0.00,1050.78,1
742853919342579422,ENCOMPASS HEALTH BRAINTREE HOSPITAL OF BRAINTREE,19960131,1996-01-31,ambulatory,1,1,234.71666666666667,234.71666666666667,0,0,3105.35,3070.35,35.00,1
537663206495302230,MELROSE FAMILY OPTICIANS LLC,19960203,1996-02-03,wellness,1,1,55.1,55.1,0,0,933.06,0.00,933.06,1
742853919342579422,ENCOMPASS HEALTH BRAINTREE HOSPITAL OF BRAINTREE,19960205,1996-02-05,ambulatory,1,1,60.1,60.1,0,0,516.95,481.95,35.00,1
742853919342579422,ENCOMPASS HEALTH BRAINTREE HOSPITAL OF BRAINTREE,19960207,1996-02-07,ambulatory,1,1,15.0,15.0,0,0,234.71,199.71,35.00,1
264175530648959689,SIGNATURE HEALTHCARE MEDICAL GROUP INC,19960211,1996-02-11,wellness,1,1,45.85,45.85,0,0,1048.62,998.62,50.00,1
363458983347729064,Fitchburg Outpatient Clinic,19960226,1996-02-26,ambulatory,1,1,39.68333333333333,39.68333333333333,0,0,948.35,0.00,948.35,1
742853919342579422,ENCOMPASS HEALTH BRAINTREE HOSPITAL OF BRAINTREE,19960306,1996-03-06,ambulatory,1,1,75.11666666666666,75.11666666666666,0,0,516.95,481.95,35.00,1
623047219859228790,GARDEN STATE HEALTHCARE ASSOCIATES LLC,19960329,1996-03-29,wellness,1,1,31.0,31.0,0,0,1422.98,951.97,471.01,1
679818074188163933,ARBOUR-FULLER HOSPITAL,19960417,1996-04-17,outpatient,1,1,54.75,54.75,0,0,988.63,953.63,35.00,1
257983333266586147,WOONSOCKET URGENT CARE PC,19960612,1996-06-12,urgentcare,1,1,59.35,59.35,0,0,797.72,762.72,35.00,1
257983333266586147,WOONSOCKET URGENT CARE PC,19960814,1996-08-14,urgentcare,1,1,30.816666666666666,30.816666666666666,0,0,1409.29,1374.29,35.00,1
965482326565273582,TIMOTHY DANIELS HOUSE,19960830,1996-08-30,emergency,1,1,660.0,660.0,0,1,146.18,111.18,35.00,1
679818074188163933,ARBOUR-FULLER HOSPITAL,19960907,1996-09-07,ambulatory,1,1,229.0,229.0,0,0,535.87,500.87,35.00,1
679818074188163933,ARBOUR-FULLER HOSPITAL,19960908,1996-09-08,ambulatory,1,1,15.0,15.0,0,0,234.71,199.71,35.00,1
679818074188163933,ARBOUR-FULLER HOSPITAL,19960911,1996-09-11,ambulatory,1,1,190.0,190.0,0,0,571.82,536.82,35.00,1
679818074188163933,ARBOUR-FULLER HOSPITAL,19960914,1996-09-14,ambulatory,1,1,170.0,170.0,0,0,1791.03,1756.03,35.00,1
679818074188163933,ARBOUR-FULLER HOSPITAL,19960917,1996-09-17,ambulatory,1,1,150.0,150.0,0,0,535.87,500.87,35.00,1
679818074188163933,ARBOUR-FULLER HOSPITAL,19960920,1996-09-20,ambulatory,1,1,196.0,196.0,0,0,535.87,500.87,35.00,1
679818074188163933,ARBOUR-FULLER HOSPITAL,19960923,1996-09-23,ambulatory,1,1,163.0,163.0,0,0,1081.47,1046.47,35.00,1
679818074188163933,ARBOUR-FULLER HOSPITAL,19960926,1996-09-26,ambulatory,1,1,227.0,227.0,0,0,1791.03,1756.03,35.00,1
679818074188163933,ARBOUR-FULLER HOSPITAL,19960929,1996-09-29,ambulatory,1,1,180.0,180.0,0,0,1791.03,1756.03,35.00,1
679818074188163933,ARBOUR-FULLER HOSPITAL,19961003,1996-10-03,ambulatory,1,1,164.0,164.0,0,0,1791.03,1756.03,35.00,1
679818074188163933,ARBOUR-FULLER HOSPITAL,19961006,1996-10-06,ambulatory,1,1,147.0,147.0,0,0,1010.34,975.34,35.00,1
679818074188163933,ARBOUR-FULLER HOSPITAL,19961009,1996-10-09,ambulatory,2,1,100.5,100.5,0,0,2025.74,1955.74,70.00,1
679818074188163933,ARBOUR-FULLER HOSPITAL,19961012,1996-10-12,ambulatory,1,1,131.0,131.0,0,0,1360.71,1325.71,35.00,1
679818074188163933,ARBOUR-FULLER HOSPITAL,19961015,1996-10-15,ambulatory,1,1,210.0,210.0,0,0,535.87,500.87,35.00,1
679818074188163933,ARBOUR-FULLER HOSPITAL,19961018,1996-10-18,ambulatory,1,1,203.0,203.0,0,0,620.84,585.84,35.00,1
679818074188163933,ARBOUR-FULLER HOSPITAL,19961021,1996-10-21,ambulatory,1,1,180.0,180.0,0,0,535.87,500.87,35.00,1
679818074188163933,ARBOUR-FULLER HOSPITAL,19961024,1996-10-24,ambulatory,1,1,154.0,154.0,0,0,641.77,606.77,35.00,1
742853919342579422,ENCOMPASS HEALTH BRAINTREE HOSPITAL OF BRAINTREE,19961025,1996-10-25,ambulatory,1,1,84.05,84.05,0,0,516.95,481.95,35.00,1
679818074188163933,ARBOUR-FULLER HOSPITAL,19961027,1996-10-27,ambulatory,1,1,130.0,130.0,0,0,680.22,645.22,35.00,1
679818074188163933,ARBOUR-FULLER HOSPITAL,19961031,1996-10-31,ambulatory,1,1,190.0,190.0,0,0,802.79,767.79,35.00,1
679818074188163933,ARBOUR-FULLER HOSPITAL,19961103,1996-11-03,ambulatory,1,1,215.0,215.0,0,0,535.87,500.87,35.00,1
679818074188163933,ARBOUR-FULLER HOSPITAL,19961106,1996-11-06,ambulatory,1,1,137.0,137.0,0,0,535.87,500.87,35.00,1
257983333266586147,WOONSOCKET URGENT CARE PC,19961113,1996-11-13,urgentcare,1,1,53.88333333333333,53.88333333333333,0,0,1013.42,978.42,35.00,1
679818074188163933,ARBOUR-FULLER HOSPITAL,19961120,1996-11-20,ambulatory,1,1,162.0,162.0,0,0,535.87,500.87,35.00,1
679818074188163933,ARBOUR-FULLER HOSPITAL,19961121,1996-11-21,ambulatory,1,1,15.0,15.0,0,0,234.71,199.71,35.00,1
679818074188163933,ARBOUR-FULLER HOSPITAL,19961124,1996-11-24,ambulatory,1,1,224.0,224.0,0,0,535.87,500.87,35.00,1
742853919342579422,ENCOMPASS HEALTH BRAINTREE HOSPITAL OF BRAINTREE,19961125,1996-11-25,ambulatory,1,1,86.26666666666667,86.26666666666667,0,0,516.95,481.95,35.00,1
679818074188163933,ARBOUR-FULLER HOSPITAL,19961127,1996-11-27,ambulatory,1,1,205.0,205.0,0,0,1791.03,1756.03,35.00,1
679818074188163933,ARBOUR-FULLER HOSPITAL,19961130,1996-11-30,ambulatory,1,1,219.0,219.0,0,0,1193.11,1158.11,35.00,1
679818074188163933,ARBOUR-FULLER HOSPITAL,19961203,1996-12-03,ambulatory,2,1,138.74166666666667,138.74166666666667,0,0,1201.98,1131.98,70.00,1
389966452681632557,BETH ISRAEL DEACONESS HOSPITAL-NEEDHAM  INC.,19961206,1996-12-06,outpatient,1,1,36.666666666666664,36.666666666666664,0,0,727.53,0.00,727.53,1
679818074188163933,ARBOUR-FULLER HOSPITAL,19961206,1996-12-06,ambulatory,1,1,123.0,123.0,0,0,535.87,500.87,35.00,1
679818074188163933,ARBOUR-FULLER HOSPITAL,19961209,1996-12-09,ambulatory,1,1,153.0,153.0,0,0,535.87,500.87,35.00,1
679818074188163933,ARBOUR-FULLER HOSPITAL,19961212,1996-12-12,ambulatory,1,1,137.0,137.0,0,0,1791.03,1756.03,35.00,1
679818074188163933,ARBOUR-FULLER HOSPITAL,19961215,1996-12-15,ambulatory,1,1,134.0,134.0,0,0,962.75,927.75,35.00,1
679818074188163933,ARBOUR-FULLER HOSPITAL,19961219,1996-12-19,ambulatory,1,1,236.0,236.0,0,0,1199.32,1164.32,35.00,1
679818074188163933,ARBOUR-FULLER HOSPITAL,19961222,1996-12-22,ambulatory,2,1,121.5,121.5,0,0,1243.88,1173.88,70.00,1
679818074188163933,ARBOUR-FULLER HOSPITAL,19961225,1996-12-25,ambulatory,1,1,129.0,129.0,0,0,535.87,500.87,35.00,1
742853919342579422,ENCOMPASS HEALTH BRAINTREE HOSPITAL OF BRAINTREE,19961225,1996-12-25,ambulatory,1,1,86.11666666666666,86.11666666666666,0,0,516.95,481.95,35.00,1
679818074188163933,ARBOUR-FULLER HOSPITAL,19961228,1996-12-28,ambulatory,1,1,137.0,137.0,0,0,924.76,889.76,35.00,1
679818074188163933,ARBOUR-FULLER HOSPITAL,19961231,1996-12-31,ambulatory,1,1,178.0,178.0,0,0,601.82,566.82,35.00,1
679818074188163933,ARBOUR-FULLER HOSPITAL,19970108,1997-01-08,outpatient,1,1,37.86666666666667,37.86666666666667,0,0,1145.51,1110.51,35.00,1
679818074188163933,ARBOUR-FULLER HOSPITAL,19970115,1997-01-15,ambulatory,1,1,126.0,126.0,0,0,1081.90,1046.90,35.00,1
679818074188163933,ARBOUR-FULLER HOSPITAL,19970119,1997-01-19,ambulatory,1,1,198.0,198.0,0,0,834.22,799.22,35.00,1
164982158369714689,A&A HEALTHCARE LLC,19970122,1997-01-22,wellness,1,1,58.81666666666667,58.81666666666667,0,0,1036.34,1001.34,35.00,1
679818074188163933,ARBOUR-FULLER HOSPITAL,19970122,1997-01-22,ambulatory,2,1,116.5,116.5,0,0,1969.04,1899.04,70.00,1
496794533100234578,WELLNESS ON WHEELS PC,19970129,1997-01-29,wellness,1,1,56.13333333333333,56.13333333333333,0,0,1685.47,1650.47,35.00,1
683258316057948949,STEWARD ST. ANNES HOSPITAL CORPORATION,19970201,1997-02-01,ambulatory,1,1,15.0,15.0,0,0,1005.38,0.00,1005.38,1
679818074188163933,ARBOUR-FULLER HOSPITAL,19970205,1997-02-05,ambulatory,1,1,141.0,141.0,0,0,1791.03,1756.03,35.00,1
742853919342579422,ENCOMPASS HEALTH BRAINTREE HOSPITAL OF BRAINTREE,19970206,1997-02-06,ambulatory,1,1,15.0,15.0,0,0,234.71,199.71,35.00,1
537663206495302230,MELROSE FAMILY OPTICIANS LLC,19970208,1997-02-08,wellness,1,1,59.1,59.1,0,0,1498.72,0.00,1498.72,1
679818074188163933,ARBOUR-FULLER HOSPITAL,19970209,1997-02-09,ambulatory,1,1,210.0,210.0,0,0,535.87,500.87,35.00,1
679818074188163933,ARBOUR-FULLER HOSPITAL,19970212,1997-02-12,ambulatory,1,1,174.0,174.0,0,0,535.87,500.87,35.00,1
679818074188163933,ARBOUR-FULLER HOSPITAL,19970215,1997-02-15,ambulatory,1,1,203.0,203.0,0,0,1319.77,1284.77,35.00,1
679818074188163933,ARBOUR-FULLER HOSPITAL,19970218,1997-02-18,ambulatory,1,1,193.0,193.0,0,0,570.04,535.04,35.00,1
679818074188163933,ARBOUR-FULLER HOSPITAL,19970221,1997-02-21,ambulatory,2,1,118.5,118.5,0,0,770.58,700.58,70.00,1
679818074188163933,ARBOUR-FULLER HOSPITAL,19970224,1997-02-24,ambulatory,1,1,188.0,188.0,0,0,535.87,500.87,35.00,1
679818074188163933,ARBOUR-FULLER HOSPITAL,19970227,1997-02-27,ambulatory,1,1,222.0,222.0,0,0,886.27,851.27,35.00,1
679818074188163933,ARBOUR-FULLER HOSPITAL,19970303,1997-03-03,ambulatory,1,1,177.0,177.0,0,0,535.87,500.87,35.00,1
679818074188163933,ARBOUR-FULLER HOSPITAL,19970312,1997-03-12,outpatient,1,1,42.78333333333333,42.78333333333333,0,0,740.69,705.69,35.00,1
679818074188163933,ARBOUR-FULLER HOSPITAL,19970319,1997-03-19,ambulatory,1,1,192.0,192.0,0,0,578.28,543.28,35.00,1
679818074188163933,ARBOUR-FULLER HOSPITAL,19970323,1997-03-23,ambulatory,1,1,201.0,201.0,0,0,1791.03,1756.03,35.00,1
679818074188163933,ARBOUR-FULLER HOSPITAL,19970326,1997-03-26,ambulatory,2,1,123.5,123.5,0,0,1529.06,1459.06,70.00,1
679818074188163933,ARBOUR-FULLER HOSPITAL,19970329,1997-03-29,ambulatory,1,1,125.0,125.0,0,0,535.87,500.87,35.00,1
679818074188163933,ARBOUR-FULLER HOSPITAL,19970401,1997-04-01,ambulatory,1,1,143.0,143.0,0,0,650.34,615.34,35.00,1
742853919342579422,ENCOMPASS HEALTH BRAINTREE HOSPITAL OF BRAINTREE,19970402,1997-04-02,outpatient,1,1,34.1,34.1,0,0,1158.93,1123.93,35.00,1
679818074188163933,ARBOUR-FULLER HOSPITAL,19970409,1997-04-09,outpatient,1,1,47.5,47.5,0,0,740.69,705.69,35.00,1
742853919342579422,ENCOMPASS HEALTH BRAINTREE HOSPITAL OF BRAINTREE,19970409,1997-04-09,ambulatory,1,1,15.0,15.0,0,0,85.55,50.55,35.00,1
679818074188163933,ARBOUR-FULLER HOSPITAL,19970416,1997-04-16,ambulatory,1,1,173.0,173.0,0,0,728.25,693.25,35.00,1
742853919342579422,ENCOMPASS HEALTH BRAINTREE HOSPITAL OF BRAINTREE,19970416,1997-04-16,ambulatory,1,1,367.1166666666667,367.1166666666667,0,0,4830.95,4795.95,35.00,1
679818074188163933,ARBOUR-FULLER HOSPITAL,19970420,1997-04-20,ambulatory,1,1,200.0,200.0,0,0,624.15,589.15,35.00,1
679818074188163933,ARBOUR-FULLER HOSPITAL,19970423,1997-04-23,ambulatory,2,1,138.70833333333334,138.70833333333334,0,0,1765.67,1695.67,70.00,1
679818074188163933,ARBOUR-FULLER HOSPITAL,19970507,1997-05-07,outpatient,1,1,57.6,57.6,0,0,1085.91,1050.91,35.00,1
679818074188163933,ARBOUR-FULLER HOSPITAL,19970514,1997-05-14,ambulatory,1,1,169.0,169.0,0,0,1791.03,1756.03,35.00,1
679818074188163933,ARBOUR-FULLER HOSPITAL,19970515,1997-05-15,ambulatory,1,1,15.0,15.0,0,0,234.71,199.71,35.00,1
679818074188163933,ARBOUR-FULLER HOSPITAL,19970518,1997-05-18,ambulatory,1,1,180.0,180.0,0,0,562.23,527.23,35.00,1
679818074188163933,ARBOUR-FULLER HOSPITAL,19970521,1997-05-21,ambulatory,1,1,226.0,226.0,0,0,1791.03,1756.03,35.00,1
679818074188163933,ARBOUR-FULLER HOSPITAL,19970524,1997-05-24,ambulatory,1,1,163.0,163.0,0,0,535.87,500.87,35.00,1
679818074188163933,ARBOUR-FULLER HOSPITAL,19970527,1997-05-27,ambulatory,1,1,201.0,201.0,0,0,734.02,699.02,35.00,1
679818074188163933,ARBOUR-FULLER HOSPITAL,19970530,1997-05-30,ambulatory,1,1,211.0,211.0,0,0,762.68,727.68,35.00,1
679818074188163933,ARBOUR-FULLER HOSPITAL,19970602,1997-06-02,ambulatory,1,1,227.0,227.0,0,0,729.74,694.74,35.00,1
679818074188163933,ARBOUR-FULLER HOSPITAL,19970605,1997-06-05,ambulatory,1,1,150.0,150.0,0,0,535.87,500.87,35.00,1
679818074188163933,ARBOUR-FULLER HOSPITAL,19970609,1997-06-09,ambulatory,1,1,191.0,191.0,0,0,736.15,701.15,35.00,1
679818074188163933,ARBOUR-FULLER HOSPITAL,19970612,1997-06-12,ambulatory,1,1,134.0,134.0,0,0,535.87,500.87,35.00,1
679818074188163933,ARBOUR-FULLER HOSPITAL,19970615,1997-06-15,ambulatory,2,1,78.0,78.0,0,0,770.58,700.58,70.00,1
679818074188163933,ARBOUR-FULLER HOSPITAL,19970618,1997-06-18,ambulatory,1,1,180.0,180.0,0,0,1791.03,1756.03,35.00,1
679818074188163933,ARBOUR-FULLER HOSPITAL,19970621,1997-06-21,ambulatory,1,1,123.0,123.0,0,0,535.87,500.87,35.00,1
679818074188163933,ARBOUR-FULLER HOSPITAL,19970624,1997-06-24,ambulatory,1,1,143.0,143.0,0,0,535.87,500.87,35.00,1
679818074188163933,ARBOUR-FULLER HOSPITAL,19970627,1997-06-27,ambulatory,1,1,152.0,152.0,0,0,535.87,500.87,35.00,1
679818074188163933,ARBOUR-FULLER HOSPITAL,19970630,1997-06-30,ambulatory,1,1,157.0,157.0,0,0,535.87,500.87,35.00,1
679818074188163933,ARBOUR-FULLER HOSPITAL,19970703,1997-07-03,ambulatory,1,1,201.0,201.0,0,0,535.87,500.87,35.00,1
679818074188163933,ARBOUR-FULLER HOSPITAL,19970707,1997-07-07,ambulatory,1,1,229.0,229.0,0,0,1791.03,1756.03,35.00,1
679818074188163933,ARBOUR-FULLER HOSPITAL,19970710,1997-07-10,ambulatory,1,1,120.0,120.0,0,0,1112.37,1077.37,35.00,1
679818074188163933,ARBOUR-FULLER HOSPITAL,19970713,1997-07-13,ambulatory,1,1,216.0,216.0,0,0,535.87,500.87,35.00,1
679818074188163933,ARBOUR-FULLER HOSPITAL,19970716,1997-07-16,ambulatory,2,1,89.0,89.0,0,0,770.58,700.58,70.00,1
679818074188163933,ARBOUR-FULLER HOSPITAL,19970719,1997-07-19,ambulatory,1,1,203.0,203.0,0,0,1791.03,1756.03,35.00,1
679818074188163933,ARBOUR-FULLER HOSPITAL,19970722,1997-07-22,ambulatory,1,1,127.0,127.0,0,0,874.73,839.73,35.00,1
679818074188163933,ARBOUR-FULLER HOSPITAL,19970725,1997-07-25,ambulatory,1,1,231.0,231.0,0,0,1791.03,1756.03,35.00,1
679818074188163933,ARBOUR-FULLER HOSPITAL,19970728,1997-07-28,ambulatory,1,1,190.0,190.0,0,0,535.87,500.87,35.00,1
679818074188163933,ARBOUR-FULLER HOSPITAL,19970801,1997-08-01,ambulatory,1,1,191.0,191.0,0,0,535.87,500.87,35.00,1
679818074188163933,ARBOUR-FULLER HOSPITAL,19970804,1997-08-04,ambulatory,1,1,121.0,121.0,0,0,662.52,627.52,35.00,1
679818074188163933,ARBOUR-FULLER HOSPITAL,19970807,1997-08-07,ambulatory,1,1,160.0,160.0,0,0,1552.12,1517.12,35.00,1
679818074188163933,ARBOUR-FULLER HOSPITAL,19970810,1997-08-10,ambulatory,1,1,158.0,158.0,0,0,1049.16,1014.16,35.00,1
679818074188163933,ARBOUR-FULLER HOSPITAL,19970813,1997-08-13,ambulatory,1,1,160.0,160.0,0,0,535.87,500.87,35.00,1
679818074188163933,ARBOUR-FULLER HOSPITAL,19970816,1997-08-16,ambulatory,2,1,116.0,116.0,0,0,2025.74,1955.74,70.00,1
679818074188163933,ARBOUR-FULLER HOSPITAL,19970819,1997-08-19,ambulatory,1,1,229.0,229.0,0,0,535.87,500.87,35.00,1
257983333266586147,WOONSOCKET URGENT CARE PC,19970820,1997-08-20,urgentcare,1,1,15.0,15.0,0,0,573.98,538.98,35.00,1
679818074188163933,ARBOUR-FULLER HOSPITAL,19970822,1997-08-22,ambulatory,1,1,208.0,208.0,0,0,535.87,500.87,35.00,1
735781928677083388,PEACE & HARMONY HOME CARE LLC,19970822,1997-08-22,home,1,1,15.0,15.0,0,0,1854.13,1819.13,35.00,1
735781928677083388,PEACE & HARMONY HOME CARE LLC,19970823,1997-08-23,home,1,1,15.0,15.0,0,0,782.86,747.86,35.00,1
735781928677083388,PEACE & HARMONY HOME CARE LLC,19970824,1997-08-24,home,1,1,15.0,15.0,0,0,559.93,524.93,35.00,1
735781928677083388,PEACE & HARMONY HOME CARE LLC,19970825,1997-08-25,home,1,1,15.0,15.0,0,0,344.23,309.23,35.00,1
679818074188163933,ARBOUR-FULLER HOSPITAL,19970826,1997-08-26,ambulatory,1,1,142.0,142.0,0,0,1762.44,1727.44,35.00,1
735781928677083388,PEACE & HARMONY HOME CARE LLC,19970826,1997-08-26,home,1,1,15.0,15.0,0,0,991.33,956.33,35.00,1
735781928677083388,PEACE & HARMONY HOME CARE LLC,19970827,1997-08-27,home,1,1,15.0,15.0,0,0,344.23,309.23,35.00,1
735781928677083388,PEACE & HARMONY HOME CARE LLC,19970828,1997-08-28,home,1,1,15.0,15.0,0,0,344.23,309.23,35.00,1
735781928677083388,PEACE & HARMONY HOME CARE LLC,19970829,1997-08-29,home,1,1,15.0,15.0,0,0,559.93,524.93,35.00,1
410915144747947572,COOLEY DICKINSON HOSPITAL INC,19970829,1997-08-29,ambulatory,1,1,15.0,15.0,0,0,1005.38,0.00,1005.38,1
679818074188163933,ARBOUR-FULLER HOSPITAL,19970829,1997-08-29,ambulatory,1,1,174.0,174.0,0,0,549.12,514.12,35.00,1
735781928677083388,PEACE & HARMONY HOME CARE LLC,19970830,1997-08-30,home,1,1,15.0,15.0,0,0,886.38,851.38,35.00,1
735781928677083388,PEACE & HARMONY HOME CARE LLC,19970831,1997-08-31,home,1,1,15.0,15.0,0,0,434.31,399.31,35.00,1
735781928677083388,PEACE & HARMONY HOME CARE LLC,19970901,1997-09-01,home,1,1,15.0,15.0,0,0,991.33,956.33,35.00,1
679818074188163933,ARBOUR-FULLER HOSPITAL,19970901,1997-09-01,ambulatory,1,1,206.0,206.0,0,0,1791.03,1756.03,35.00,1
679818074188163933,ARBOUR-FULLER HOSPITAL,19970904,1997-09-04,ambulatory,1,1,159.0,159.0,0,0,1791.03,1756.03,35.00,1
679818074188163933,ARBOUR-FULLER HOSPITAL,19970907,1997-09-07,ambulatory,1,1,162.0,162.0,0,0,1791.03,1756.03,35.00,1
679818074188163933,ARBOUR-FULLER HOSPITAL,19970910,1997-09-10,ambulatory,1,1,224.0,224.0,0,0,828.38,793.38,35.00,1
679818074188163933,ARBOUR-FULLER HOSPITAL,19970913,1997-09-13,ambulatory,1,1,213.0,213.0,0,0,535.87,500.87,35.00,1
679818074188163933,ARBOUR-FULLER HOSPITAL,19970916,1997-09-16,ambulatory,1,1,136.0,136.0,0,0,535.87,500.87,35.00,1
679818074188163933,ARBOUR-FULLER HOSPITAL,19970917,1997-09-17,ambulatory,1,1,15.0,15.0,0,0,234.71,199.71,35.00,1
679818074188163933,ARBOUR-FULLER HOSPITAL,19970920,1997-09-20,ambulatory,1,1,237.0,237.0,0,0,535.87,500.87,35.00,1
679818074188163933,ARBOUR-FULLER HOSPITAL,19970923,1997-09-23,ambulatory,1,1,169.0,169.0,0,0,606.46,571.46,35.00,1
679818074188163933,ARBOUR-FULLER HOSPITAL,19970926,1997-09-26,ambulatory,1,1,219.0,219.0,0,0,1132.42,1097.42,35.00,1
679818074188163933,ARBOUR-FULLER HOSPITAL,19970927,1997-09-27,ambulatory,1,1,72.35,72.35,0,0,516.95,481.95,35.00,1
679818074188163933,ARBOUR-FULLER HOSPITAL,19970929,1997-09-29,ambulatory,1,1,178.0,178.0,0,0,535.87,500.87,35.00,1
679818074188163933,ARBOUR-FULLER HOSPITAL,19971008,1997-10-08,outpatient,1,1,34.75,34.75,0,0,975.20,940.20,35.00,1
679818074188163933,ARBOUR-FULLER HOSPITAL,19971015,1997-10-15,ambulatory,1,1,150.0,150.0,0,0,1791.03,1756.03,35.00,1
1098770971879567184,MIDDLETON FAMILY MEDICINE URGENT CARE  LLC,19971018,1997-10-18,urgentcare,1,1,15.0,15.0,0,0,142.58,114.06,28.52,1
679818074188163933,ARBOUR-FULLER HOSPITAL,19971019,1997-10-19,ambulatory,2,1,89.0,89.0,0,0,770.58,700.58,70.00,1
679818074188163933,ARBOUR-FULLER HOSPITAL,19971022,1997-10-22,ambulatory,1,1,168.0,168.0,0,0,535.87,500.87,35.00,1
742853919342579422,ENCOMPASS HEALTH BRAINTREE HOSPITAL OF BRAINTREE,19971024,1997-10-24,ambulatory,1,1,70.83333333333333,70.83333333333333,0,0,516.95,481.95,35.00,1
658306035533165929,VMD PRIMARY PROVIDERS MASSACHUSETTS PLLC,19971028,1997-10-28,wellness,1,1,46.75,46.75,0,0,1266.48,0.00,1266.48,1
160559015988030201,HEALTHFIRST FAMILY CARE CENTER INC,19971028,1997-10-28,wellness,1,1,38.28333333333333,38.28333333333333,0,0,1050.78,0.00,1050.78,1
679818074188163933,ARBOUR-FULLER HOSPITAL,19971029,1997-10-29,ambulatory,1,1,179.71666666666667,179.71666666666667,0,0,2673.95,2638.95,35.00,1
679818074188163933,ARBOUR-FULLER HOSPITAL,19971105,1997-11-05,ambulatory,1,1,182.0,182.0,0,0,535.87,500.87,35.00,1
679818074188163933,ARBOUR-FULLER HOSPITAL,19971109,1997-11-09,ambulatory,1,1,123.0,123.0,0,0,1218.86,1183.86,35.00,1
679818074188163933,ARBOUR-FULLER HOSPITAL,19971112,1997-11-12,ambulatory,2,1,147.21666666666667,147.21666666666667,0,0,1052.82,982.82,70.00,1
742853919342579422,ENCOMPASS HEALTH BRAINTREE HOSPITAL OF BRAINTREE,19971123,1997-11-23,ambulatory,1,1,68.48333333333333,68.48333333333333,0,0,516.95,481.95,35.00,1
679818074188163933,ARBOUR-FULLER HOSPITAL,19971126,1997-11-26,ambulatory,1,1,132.0,132.0,0,0,967.31,932.31,35.00,1
679818074188163933,ARBOUR-FULLER HOSPITAL,19971127,1997-11-27,ambulatory,1,1,15.0,15.0,0,0,234.71,199.71,35.00,1
679818074188163933,ARBOUR-FULLER HOSPITAL,19971130,1997-11-30,ambulatory,1,1,214.0,214.0,0,0,535.87,500.87,35.00,1
679818074188163933,ARBOUR-FULLER HOSPITAL,19971203,1997-12-03,ambulatory,1,1,187.0,187.0,0,0,535.87,500.87,35.00,1
679818074188163933,ARBOUR-FULLER HOSPITAL,19971206,1997-12-06,ambulatory,1,1,209.0,209.0,0,0,1791.03,1756.03,35.00,1
679818074188163933,ARBOUR-FULLER HOSPITAL,19971209,1997-12-09,ambulatory,1,1,223.0,223.0,0,0,1404.69,1369.69,35.00,1
679818074188163933,ARBOUR-FULLER HOSPITAL,19971212,1997-12-12,ambulatory,1,1,188.0,188.0,0,0,1791.03,1756.03,35.00,1
679818074188163933,ARBOUR-FULLER HOSPITAL,19971213,1997-12-13,ambulatory,1,1,67.36666666666666,67.36666666666666,0,0,516.95,481.95,35.00,1
679818074188163933,ARBOUR-FULLER HOSPITAL,19971215,1997-12-15,ambulatory,1,1,227.0,227.0,0,0,535.87,500.87,35.00,1
679818074188163933,ARBOUR-FULLER HOSPITAL,19971218,1997-12-18,ambulatory,1,1,148.0,148.0,0,0,1791.03,1756.03,35.00,1
679818074188163933,ARBOUR-FULLER HOSPITAL,19971222,1997-12-22,ambulatory,1,1,197.0,197.0,0,0,535.87,500.87,35.00,1
679818074188163933,ARBOUR-FULLER HOSPITAL,19971225,1997-12-25,ambulatory,1,1,135.0,135.0,0,0,535.87,500.87,35.00,1
679818074188163933,ARBOUR-FULLER HOSPITAL,19971228,1997-12-28,ambulatory,2,1,77.5,77.5,0,0,876.83,806.83,70.00,1
679818074188163933,ARBOUR-FULLER HOSPITAL,19971231,1997-12-31,ambulatory,1,1,224.0,224.0,0,0,1097.42,1062.42,35.00,1
622746900524004548,WHITTIER REHABILTATION HOSPITAL,19980103,1998-01-03,ambulatory,1,1,15.0,15.0,0,0,85.55,68.44,17.11,1
679818074188163933,ARBOUR-FULLER HOSPITAL,19980103,1998-01-03,ambulatory,1,1,206.0,206.0,0,0,626.38,591.38,35.00,1
679818074188163933,ARBOUR-FULLER HOSPITAL,19980106,1998-01-06,ambulatory,1,1,152.0,152.0,0,0,833.90,798.90,35.00,1
679818074188163933,ARBOUR-FULLER HOSPITAL,19980109,1998-01-09,ambulatory,1,1,236.0,236.0,0,0,1791.03,1756.03,35.00,1
222681380209834388,SOUTH SHORE HOSPITAL INC.,19980110,1998-01-10,ambulatory,1,1,15.0,15.0,0,0,85.55,0.00,85.55,1
679818074188163933,ARBOUR-FULLER HOSPITAL,19980112,1998-01-12,ambulatory,1,1,151.0,151.0,0,0,612.48,577.48,35.00,1
679818074188163933,ARBOUR-FULLER HOSPITAL,19980116,1998-01-16,ambulatory,1,1,132.0,132.0,0,0,1791.03,1756.03,35.00,1
679818074188163933,ARBOUR-FULLER HOSPITAL,19980119,1998-01-19,ambulatory,1,1,216.0,216.0,0,0,559.62,524.62,35.00,1
679818074188163933,ARBOUR-FULLER HOSPITAL,19980122,1998-01-22,ambulatory,1,1,151.0,151.0,0,0,622.35,587.35,35.00,1
679818074188163933,ARBOUR-FULLER HOSPITAL,19980125,1998-01-25,ambulatory,1,1,184.0,184.0,0,0,1791.03,1756.03,35.00,1
164982158369714689,A&A HEALTHCARE LLC,19980128,1998-01-28,wellness,1,1,44.75,44.75,0,0,1687.44,1652.44,35.00,1
679818074188163933,ARBOUR-FULLER HOSPITAL,19980128,1998-01-28,ambulatory,2,1,123.5,123.5,0,0,770.58,700.58,70.00,1
222681380209834388,SOUTH SHORE HOSPITAL INC.,19980129,1998-01-29,ambulatory,1,1,38.88333333333333,38.88333333333333,0,0,516.95,0.00,516.95,1
496794533100234578,WELLNESS ON WHEELS PC,19980204,1998-02-04,wellness,1,1,37.93333333333333,37.93333333333333,0,0,927.94,892.94,35.00,1
679818074188163933,ARBOUR-FULLER HOSPITAL,19980211,1998-02-11,ambulatory,1,1,159.0,159.0,0,0,535.87,500.87,35.00,1
742853919342579422,ENCOMPASS HEALTH BRAINTREE HOSPITAL OF BRAINTREE,19980211,1998-02-11,ambulatory,1,1,183.25,183.25,0,0,3536.75,3501.75,35.00,1
537663206495302230,MELROSE FAMILY OPTICIANS LLC,19980214,1998-02-14,wellness,1,1,43.266666666666666,43.266666666666666,0,0,1063.94,0.00,1063.94,1
679818074188163933,ARBOUR-FULLER HOSPITAL,19980215,1998-02-15,ambulatory,1,1,149.0,149.0,0,0,880.00,845.00,35.00,1
742853919342579422,ENCOMPASS HEALTH BRAINTREE HOSPITAL OF BRAINTREE,19980218,1998-02-18,ambulatory,1,1,15.0,15.0,0,0,234.71,199.71,35.00,1
679818074188163933,ARBOUR-FULLER HOSPITAL,19980218,1998-02-18,ambulatory,1,1,130.0,130.0,0,0,569.08,534.08,35.00,1
679818074188163933,ARBOUR-FULLER HOSPITAL,19980225,1998-02-25,ambulatory,1,1,223.98333333333332,223.98333333333332,0,0,3536.75,3501.75,35.00,1
679818074188163933,ARBOUR-FULLER HOSPITAL,19980304,1998-03-04,ambulatory,1,1,194.0,194.0,0,0,1366.60,1331.60,35.00,1
679818074188163933,ARBOUR-FULLER HOSPITAL,19980305,1998-03-05,ambulatory,1,1,15.0,15.0,0,0,234.71,199.71,35.00,1
679818074188163933,ARBOUR-FULLER HOSPITAL,19980308,1998-03-08,ambulatory,1,1,233.0,233.0,0,0,535.87,500.87,35.00,1
679818074188163933,ARBOUR-FULLER HOSPITAL,19980311,1998-03-11,ambulatory,1,1,136.0,136.0,0,0,1249.06,1214.06,35.00,1
679818074188163933,ARBOUR-FULLER HOSPITAL,19980314,1998-03-14,ambulatory,1,1,231.0,231.0,0,0,535.87,500.87,35.00,1
679818074188163933,ARBOUR-FULLER HOSPITAL,19980317,1998-03-17,ambulatory,1,1,177.0,177.0,0,0,1460.51,1425.51,35.00,1
679818074188163933,ARBOUR-FULLER HOSPITAL,19980320,1998-03-20,ambulatory,1,1,136.0,136.0,0,0,867.22,832.22,35.00,1
679818074188163933,ARBOUR-FULLER HOSPITAL,19980323,1998-03-23,ambulatory,1,1,178.0,178.0,0,0,535.87,500.87,35.00,1
679818074188163933,ARBOUR-FULLER HOSPITAL,19980326,1998-03-26,ambulatory,1,1,216.0,216.0,0,0,535.87,500.87,35.00,1
679818074188163933,ARBOUR-FULLER HOSPITAL,19980330,1998-03-30,ambulatory,1,1,231.0,231.0,0,0,535.87,500.87,35.00,1
679818074188163933,ARBOUR-FULLER HOSPITAL,19980402,1998-04-02,ambulatory,1,1,148.0,148.0,0,0,1153.99,1118.99,35.00,1
679818074188163933,ARBOUR-FULLER HOSPITAL,19980405,1998-04-05,ambulatory,2,1,84.0,84.0,0,0,2025.74,1955.74,70.00,1
679818074188163933,ARBOUR-FULLER HOSPITAL,19980408,1998-04-08,ambulatory,1,1,178.0,178.0,0,0,832.08,797.08,35.00,1
679818074188163933,ARBOUR-FULLER HOSPITAL,19980411,1998-04-11,ambulatory,1,1,166.0,166.0,0,0,921.60,886.60,35.00,1
469245621271018320,LYNN URGENT CARE LLC,19980411,1998-04-11,urgentcare,1,1,48.083333333333336,48.083333333333336,0,0,879.10,0.00,879.10,1
679818074188163933,ARBOUR-FULLER HOSPITAL,19980414,1998-04-14,ambulatory,1,1,134.0,134.0,0,0,1575.02,1540.02,35.00,1
679818074188163933,ARBOUR-FULLER HOSPITAL,19980417,1998-04-17,ambulatory,1,1,220.0,220.0,0,0,624.84,589.84,35.00,1
679818074188163933,ARBOUR-FULLER HOSPITAL,19980420,1998-04-20,ambulatory,1,1,122.0,122.0,0,0,1791.03,1756.03,35.00,1
679818074188163933,ARBOUR-FULLER HOSPITAL,19980423,1998-04-23,ambulatory,1,1,152.0,152.0,0,0,535.87,500.87,35.00,1
679818074188163933,ARBOUR-FULLER HOSPITAL,19980427,1998-04-27,ambulatory,1,1,184.0,184.0,0,0,1321.07,1286.07,35.00,1
679818074188163933,ARBOUR-FULLER HOSPITAL,19980430,1998-04-30,ambulatory,1,1,220.0,220.0,0,0,535.87,500.87,35.00,1
679818074188163933,ARBOUR-FULLER HOSPITAL,19980503,1998-05-03,ambulatory,1,1,155.0,155.0,0,0,645.56,610.56,35.00,1
679818074188163933,ARBOUR-FULLER HOSPITAL,19980506,1998-05-06,ambulatory,2,1,70.5,70.5,0,0,1497.50,1427.50,70.00,1
679818074188163933,ARBOUR-FULLER HOSPITAL,19980509,1998-05-09,ambulatory,1,1,213.0,213.0,0,0,1791.03,1756.03,35.00,1
679818074188163933,ARBOUR-FULLER HOSPITAL,19980512,1998-05-12,ambulatory,1,1,142.0,142.0,0,0,535.87,500.87,35.00,1
679818074188163933,ARBOUR-FULLER HOSPITAL,19980515,1998-05-15,ambulatory,1,1,197.0,197.0,0,0,535.87,500.87,35.00,1
679818074188163933,ARBOUR-FULLER HOSPITAL,19980518,1998-05-18,ambulatory,1,1,234.0,234.0,0,0,1153.23,1118.23,35.00,1
679818074188163933,ARBOUR-FULLER HOSPITAL,19980522,1998-05-22,ambulatory,1,1,192.0,192.0,0,0,612.44,577.44,35.00,1
679818074188163933,ARBOUR-FULLER HOSPITAL,19980525,1998-05-25,ambulatory,1,1,185.0,185.0,0,0,535.87,500.87,35.00,1
679818074188163933,ARBOUR-FULLER HOSPITAL,19980603,1998-06-03,outpatient,1,1,55.31666666666667,55.31666666666667,0,0,1566.35,1531.35,35.00,1
679818074188163933,ARBOUR-FULLER HOSPITAL,19980610,1998-06-10,ambulatory,1,1,200.0,200.0,0,0,535.87,500.87,35.00,1
679818074188163933,ARBOUR-FULLER HOSPITAL,19980611,1998-06-11,ambulatory,1,1,15.0,15.0,0,0,234.71,199.71,35.00,1
679818074188163933,ARBOUR-FULLER HOSPITAL,19980614,1998-06-14,ambulatory,1,1,228.0,228.0,0,0,608.27,573.27,35.00,1
679818074188163933,ARBOUR-FULLER HOSPITAL,19980617,1998-06-17,ambulatory,1,1,156.0,156.0,0,0,1396.50,1361.50,35.00,1
679818074188163933,ARBOUR-FULLER HOSPITAL,19980624,1998-06-24,ambulatory,1,1,385.35,385.35,0,0,4830.95,4795.95,35.00,1
679818074188163933,ARBOUR-FULLER HOSPITAL,19980701,1998-07-01,ambulatory,1,1,131.0,131.0,0,0,1791.03,1756.03,35.00,1
679818074188163933,ARBOUR-FULLER HOSPITAL,19980705,1998-07-05,ambulatory,1,1,172.0,172.0,0,0,731.34,696.34,35.00,1
679818074188163933,ARBOUR-FULLER HOSPITAL,19980708,1998-07-08,ambulatory,1,1,140.0,140.0,0,0,535.87,500.87,35.00,1
679818074188163933,ARBOUR-FULLER HOSPITAL,19980711,1998-07-11,ambulatory,2,1,122.0,122.0,0,0,971.47,901.47,70.00,1
679818074188163933,ARBOUR-FULLER HOSPITAL,19980714,1998-07-14,ambulatory,1,1,228.0,228.0,0,0,1218.85,1183.85,35.00,1
679818074188163933,ARBOUR-FULLER HOSPITAL,19980717,1998-07-17,ambulatory,1,1,225.0,225.0,0,0,1548.51,1513.51,35.00,1
679818074188163933,ARBOUR-FULLER HOSPITAL,19980720,1998-07-20,ambulatory,1,1,218.0,218.0,0,0,535.87,500.87,35.00,1
679818074188163933,ARBOUR-FULLER HOSPITAL,19980723,1998-07-23,ambulatory,1,1,183.0,183.0,0,0,535.87,500.87,35.00,1
679818074188163933,ARBOUR-FULLER HOSPITAL,19980727,1998-07-27,ambulatory,1,1,237.0,237.0,0,0,850.69,815.69,35.00,1
679818074188163933,ARBOUR-FULLER HOSPITAL,19980730,1998-07-30,ambulatory,1,1,239.0,239.0,0,0,822.73,787.73,35.00,1
679818074188163933,ARBOUR-FULLER HOSPITAL,19980802,1998-08-02,ambulatory,1,1,163.0,163.0,0,0,1048.16,1013.16,35.00,1
679818074188163933,ARBOUR-FULLER HOSPITAL,19980805,1998-08-05,ambulatory,1,1,223.0,223.0,0,0,535.87,500.87,35.00,1
679818074188163933,ARBOUR-FULLER HOSPITAL,19980808,1998-08-08,ambulatory,1,1,195.0,195.0,0,0,535.87,500.87,35.00,1
679818074188163933,ARBOUR-FULLER HOSPITAL,19980811,1998-08-11,ambulatory,2,1,115.0,115.0,0,0,770.58,700.58,70.00,1
679818074188163933,ARBOUR-FULLER HOSPITAL,19980814,1998-08-14,ambulatory,1,1,179.0,179.0,0,0,1791.03,1756.03,35.00,1
679818074188163933,ARBOUR-FULLER HOSPITAL,19980818,1998-08-18,ambulatory,1,1,183.0,183.0,0,0,1709.97,1674.97,35.00,1
679818074188163933,ARBOUR-FULLER HOSPITAL,19980821,1998-08-21,ambulatory,1,1,129.0,129.0,0,0,535.87,500.87,35.00,1
679818074188163933,ARBOUR-FULLER HOSPITAL,19980824,1998-08-24,ambulatory,1,1,236.0,236.0,0,0,1165.75,1130.75,35.00,1
679818074188163933,ARBOUR-FULLER HOSPITAL,19980902,1998-09-02,outpatient,1,1,48.63333333333333,48.63333333333333,0,0,740.69,705.69,35.00,1
679818074188163933,ARBOUR-FULLER HOSPITAL,19980909,1998-09-09,ambulatory,1,1,153.0,153.0,0,0,535.87,500.87,35.00,1
679818074188163933,ARBOUR-FULLER HOSPITAL,19980913,1998-09-13,ambulatory,2,1,74.5,74.5,0,0,770.58,700.58,70.00,1
679818074188163933,ARBOUR-FULLER HOSPITAL,19980916,1998-09-16,ambulatory,1,1,157.0,157.0,0,0,1382.18,1347.18,35.00,1
742853919342579422,ENCOMPASS HEALTH BRAINTREE HOSPITAL OF BRAINTREE,19980922,1998-09-22,inpatient,1,1,2880.0,2880.0,1,0,146.18,111.18,35.00,1
679818074188163933,ARBOUR-FULLER HOSPITAL,19980923,1998-09-23,ambulatory,1,1,240.48333333333332,240.48333333333332,0,0,3105.35,3070.35,35.00,1
742853919342579422,ENCOMPASS HEALTH BRAINTREE HOSPITAL OF BRAINTREE,19980928,1998-09-28,ambulatory,1,1,15.0,15.0,0,0,85.55,50.55,35.00,1
679818074188163933,ARBOUR-FULLER HOSPITAL,19980930,1998-09-30,ambulatory,1,1,167.0,167.0,0,0,696.99,661.99,35.00,1
679818074188163933,ARBOUR-FULLER HOSPITAL,19981004,1998-10-04,ambulatory,1,1,171.0,171.0,0,0,535.87,500.87,35.00,1
679818074188163933,ARBOUR-FULLER HOSPITAL,19981007,1998-10-07,ambulatory,2,1,156.80833333333334,156.80833333333334,0,0,1367.34,1297.34,70.00,1
679818074188163933,ARBOUR-FULLER HOSPITAL,19981021,1998-10-21,ambulatory,1,1,156.0,156.0,0,0,535.87,500.87,35.00,1
679818074188163933,ARBOUR-FULLER HOSPITAL,19981022,1998-10-22,ambulatory,1,1,15.0,15.0,0,0,234.71,199.71,35.00,1
679818074188163933,ARBOUR-FULLER HOSPITAL,19981025,1998-10-25,ambulatory,1,1,193.0,193.0,0,0,939.63,904.63,35.00,1
679818074188163933,ARBOUR-FULLER HOSPITAL,19981028,1998-10-28,ambulatory,1,1,182.0,182.0,0,0,535.87,500.87,35.00,1
723111811226363721,CHESTNUT WOODS REHABILITATION AND HEALTHCARE CTR,19981031,1998-10-31,emergency,1,1,60.0,60.0,0,1,1477.28,0.00,1477.28,1
679818074188163933,ARBOUR-FULLER HOSPITAL,19981104,1998-11-04,outpatient,1,1,32.6,32.6,0,0,1603.49,1568.49,35.00,1
679818074188163933,ARBOUR-FULLER HOSPITAL,19981111,1998-11-11,ambulatory,1,1,214.0,214.0,0,0,1791.03,1756.03,35.00,1
679818074188163933,ARBOUR-FULLER HOSPITAL,19981115,1998-11-15,ambulatory,1,1,218.0,218.0,0,0,535.87,500.87,35.00,1
679818074188163933,ARBOUR-FULLER HOSPITAL,19981118,1998-11-18,ambulatory,2,1,109.19166666666666,109.19166666666666,0,0,1078.57,1008.57,70.00,1
679818074188163933,ARBOUR-FULLER HOSPITAL,19981202,1998-12-02,outpatient,1,1,44.81666666666667,44.81666666666667,0,0,956.39,921.39,35.00,1
679818074188163933,ARBOUR-FULLER HOSPITAL,19981209,1998-12-09,ambulatory,1,1,211.23333333333332,211.23333333333332,0,0,3105.35,3070.35,35.00,1
679818074188163933,ARBOUR-FULLER HOSPITAL,19981216,1998-12-16,ambulatory,1,1,237.0,237.0,0,0,535.87,500.87,35.00,1
679818074188163933,ARBOUR-FULLER HOSPITAL,19981217,1998-12-17,ambulatory,1,1,15.0,15.0,0,0,234.71,199.71,35.00,1
679818074188163933,ARBOUR-FULLER HOSPITAL,19981219,1998-12-19,ambulatory,1,1,81.85,81.85,0,0,516.95,481.95,35.00,1
679818074188163933,ARBOUR-FULLER HOSPITAL,19981220,1998-12-20,ambulatory,1,1,172.0,172.0,0,0,535.87,500.87,35.00,1
679818074188163933,ARBOUR-FULLER HOSPITAL,19981223,1998-12-23,ambulatory,1,1,123.0,123.0,0,0,535.87,500.87,35.00,1
679818074188163933,ARBOUR-FULLER HOSPITAL,19981226,1998-12-26,ambulatory,1,1,217.0,217.0,0,0,1715.23,1680.23,35.00,1
679818074188163933,ARBOUR-FULLER HOSPITAL,19981229,1998-12-29,ambulatory,1,1,173.0,173.0,0,0,685.66,650.66,35.00,1
679818074188163933,ARBOUR-FULLER HOSPITAL,19990101,1999-01-01,ambulatory,1,1,218.0,218.0,0,0,535.87,500.87,35.00,1
679818074188163933,ARBOUR-FULLER HOSPITAL,19990104,1999-01-04,ambulatory,1,1,222.0,222.0,0,0,1750.61,1715.61,35.00,1
679818074188163933,ARBOUR-FULLER HOSPITAL,19990107,1999-01-07,ambulatory,1,1,237.0,237.0,0,0,982.13,947.13,35.00,1
50464693234281699,Lynn Community Based Outpatient Clinic (CBOC),19990109,1999-01-09,ambulatory,1,1,65.31666666666666,65.31666666666666,0,0,154.52,0.00,154.52,1
679818074188163933,ARBOUR-FULLER HOSPITAL,19990111,1999-01-11,ambulatory,1,1,197.0,197.0,0,0,792.63,757.63,35.00,1
679818074188163933,ARBOUR-FULLER HOSPITAL,19990114,1999-01-14,ambulatory,1,1,163.0,163.0,0,0,633.36,598.36,35.00,1
679818074188163933,ARBOUR-FULLER HOSPITAL,19990117,1999-01-17,ambulatory,2,1,114.0,114.0,0,0,770.58,700.58,70.00,1
679818074188163933,ARBOUR-FULLER HOSPITAL,19990118,1999-01-18,ambulatory,1,1,84.16666666666667,84.16666666666667,0,0,516.95,481.95,35.00,1
679818074188163933,ARBOUR-FULLER HOSPITAL,19990120,1999-01-20,ambulatory,1,1,209.0,209.0,0,0,535.87,500.87,35.00,1
50464693234281699,Lynn Community Based Outpatient Clinic (CBOC),19990123,1999-01-23,ambulatory,1,1,60.0,60.0,0,0,177.04,0.00,177.04,1
679818074188163933,ARBOUR-FULLER HOSPITAL,19990123,1999-01-23,ambulatory,1,1,156.0,156.0,0,0,1791.03,1756.03,35.00,1
679818074188163933,ARBOUR-FULLER HOSPITAL,19990126,1999-01-26,ambulatory,1,1,210.0,210.0,0,0,565.96,530.96,35.00,1
679818074188163933,ARBOUR-FULLER HOSPITAL,19990129,1999-01-29,ambulatory,1,1,216.0,216.0,0,0,1133.24,1098.24,35.00,1
679818074188163933,ARBOUR-FULLER HOSPITAL,19990202,1999-02-02,ambulatory,1,1,170.0,170.0,0,0,1097.13,1062.13,35.00,1
164982158369714689,A&A HEALTHCARE LLC,19990203,1999-02-03,wellness,1,1,32.43333333333333,32.43333333333333,0,0,1216.98,1181.98,35.00,1
1031243542611916810,ENCOMPASS HEALTH REHABILITATION HOSP OF NEW ENGLAN,19990208,1999-02-08,ambulatory,1,1,15.0,15.0,0,0,13148.10,13098.10,50.00,1
496794533100234578,WELLNESS ON WHEELS PC,19990210,1999-02-10,wellness,1,1,37.25,37.25,0,0,927.94,892.94,35.00,1
679818074188163933,ARBOUR-FULLER HOSPITAL,19990217,1999-02-17,ambulatory,1,1,168.0,168.0,0,0,535.87,500.87,35.00,1
742853919342579422,ENCOMPASS HEALTH BRAINTREE HOSPITAL OF BRAINTREE,19990218,1999-02-18,ambulatory,1,1,15.0,15.0,0,0,234.71,199.71,35.00,1
679818074188163933,ARBOUR-FULLER HOSPITAL,19990218,1999-02-18,ambulatory,1,1,15.0,15.0,0,0,234.71,199.71,35.00,1
537663206495302230,MELROSE FAMILY OPTICIANS LLC,19990220,1999-02-20,wellness,1,1,51.95,51.95,0,0,860.16,0.00,860.16,1
679818074188163933,ARBOUR-FULLER HOSPITAL,19990221,1999-02-21,ambulatory,1,1,134.0,134.0,0,0,836.28,801.28,35.00,1
679818074188163933,ARBOUR-FULLER HOSPITAL,19990224,1999-02-24,ambulatory,1,1,126.0,126.0,0,0,1791.03,1756.03,35.00,1
679818074188163933,ARBOUR-FULLER HOSPITAL,19990227,1999-02-27,ambulatory,1,1,147.0,147.0,0,0,535.87,500.87,35.00,1
679818074188163933,ARBOUR-FULLER HOSPITAL,19990302,1999-03-02,ambulatory,1,1,217.0,217.0,0,0,1329.82,1294.82,35.00,1
679818074188163933,ARBOUR-FULLER HOSPITAL,19990305,1999-03-05,ambulatory,1,1,182.0,182.0,0,0,535.87,500.87,35.00,1
679818074188163933,ARBOUR-FULLER HOSPITAL,19990308,1999-03-08,ambulatory,1,1,142.0,142.0,0,0,705.24,670.24,35.00,1
679818074188163933,ARBOUR-FULLER HOSPITAL,19990311,1999-03-11,ambulatory,1,1,216.0,216.0,0,0,535.87,500.87,35.00,1
679818074188163933,ARBOUR-FULLER HOSPITAL,19990314,1999-03-14,ambulatory,1,1,189.0,189.0,0,0,1378.01,1343.01,35.00,1
679818074188163933,ARBOUR-FULLER HOSPITAL,19990318,1999-03-18,ambulatory,1,1,182.0,182.0,0,0,535.87,500.87,35.00,1
679818074188163933,ARBOUR-FULLER HOSPITAL,19990321,1999-03-21,ambulatory,2,1,68.5,68.5,0,0,770.58,700.58,70.00,1
679818074188163933,ARBOUR-FULLER HOSPITAL,19990324,1999-03-24,ambulatory,1,1,132.0,132.0,0,0,535.87,500.87,35.00,1
679818074188163933,ARBOUR-FULLER HOSPITAL,19990327,1999-03-27,ambulatory,1,1,231.0,231.0,0,0,535.87,500.87,35.00,1
679818074188163933,ARBOUR-FULLER HOSPITAL,19990330,1999-03-30,ambulatory,1,1,153.0,153.0,0,0,1059.03,1024.03,35.00,1
679818074188163933,ARBOUR-FULLER HOSPITAL,19990402,1999-04-02,ambulatory,1,1,223.0,223.0,0,0,535.87,500.87,35.00,1
679818074188163933,ARBOUR-FULLER HOSPITAL,19990405,1999-04-05,ambulatory,1,1,204.0,204.0,0,0,535.87,500.87,35.00,1
679818074188163933,ARBOUR-FULLER HOSPITAL,19990408,1999-04-08,ambulatory,1,1,167.0,167.0,0,0,1000.53,965.53,35.00,1
679818074188163933,ARBOUR-FULLER HOSPITAL,19990412,1999-04-12,ambulatory,1,1,169.0,169.0,0,0,535.87,500.87,35.00,1
679818074188163933,ARBOUR-FULLER HOSPITAL,19990414,1999-04-14,inpatient,1,1,7200.0,7200.0,1,0,146.18,111.18,35.00,1
679818074188163933,ARBOUR-FULLER HOSPITAL,19990428,1999-04-28,outpatient,1,1,34.7,34.7,0,0,740.69,705.69,35.00,1
742853919342579422,ENCOMPASS HEALTH BRAINTREE HOSPITAL OF BRAINTREE,19990429,1999-04-29,ambulatory,1,1,82.53333333333333,82.53333333333333,0,0,516.95,481.95,35.00,1
679818074188163933,ARBOUR-FULLER HOSPITAL,19990505,1999-05-05,ambulatory,1,1,158.0,158.0,0,0,1791.03,1756.03,35.00,1
679818074188163933,ARBOUR-FULLER HOSPITAL,19990506,1999-05-06,ambulatory,1,1,15.0,15.0,0,0,234.71,199.71,35.00,1
679818074188163933,ARBOUR-FULLER HOSPITAL,19990509,1999-05-09,ambulatory,1,1,227.0,227.0,0,0,605.51,570.51,35.00,1
679818074188163933,ARBOUR-FULLER HOSPITAL,19990512,1999-05-12,ambulatory,1,1,146.0,146.0,0,0,1192.14,1157.14,35.00,1
679818074188163933,ARBOUR-FULLER HOSPITAL,19990515,1999-05-15,ambulatory,1,1,153.0,153.0,0,0,914.52,879.52,35.00,1
679818074188163933,ARBOUR-FULLER HOSPITAL,19990518,1999-05-18,ambulatory,1,1,229.0,229.0,0,0,535.87,500.87,35.00,1
679818074188163933,ARBOUR-FULLER HOSPITAL,19990521,1999-05-21,ambulatory,1,1,154.0,154.0,0,0,942.13,907.13,35.00,1
679818074188163933,ARBOUR-FULLER HOSPITAL,19990524,1999-05-24,ambulatory,1,1,123.0,123.0,0,0,741.59,706.59,35.00,1
679818074188163933,ARBOUR-FULLER HOSPITAL,19990527,1999-05-27,ambulatory,1,1,208.0,208.0,0,0,1098.65,1063.65,35.00,1
679818074188163933,ARBOUR-FULLER HOSPITAL,19990530,1999-05-30,ambulatory,1,1,177.0,177.0,0,0,535.87,500.87,35.00,1
679818074188163933,ARBOUR-FULLER HOSPITAL,19990603,1999-06-03,ambulatory,1,1,183.0,183.0,0,0,535.87,500.87,35.00,1
679818074188163933,ARBOUR-FULLER HOSPITAL,19990606,1999-06-06,ambulatory,2,1,78.0,78.0,0,0,1290.51,1220.51,70.00,1
679818074188163933,ARBOUR-FULLER HOSPITAL,19990609,1999-06-09,ambulatory,1,1,164.0,164.0,0,0,1791.03,1756.03,35.00,1
679818074188163933,ARBOUR-FULLER HOSPITAL,19990612,1999-06-12,ambulatory,1,1,186.0,186.0,0,0,535.87,500.87,35.00,1
679818074188163933,ARBOUR-FULLER HOSPITAL,19990615,1999-06-15,ambulatory,1,1,163.0,163.0,0,0,1791.03,1756.03,35.00,1
679818074188163933,ARBOUR-FULLER HOSPITAL,19990618,1999-06-18,ambulatory,1,1,186.0,186.0,0,0,1115.76,1080.76,35.00,1
679818074188163933,ARBOUR-FULLER HOSPITAL,19990621,1999-06-21,ambulatory,1,1,179.0,179.0,0,0,535.87,500.87,35.00,1
587757060655614946,CLARITY HEALTH & WELLNESS LLC,19990628,1999-06-28,wellness,1,1,59.68333333333333,59.68333333333333,0,0,919.90,869.90,50.00,1
679818074188163933,ARBOUR-FULLER HOSPITAL,19990630,1999-06-30,outpatient,1,1,39.05,39.05,0,0,740.69,705.69,35.00,1
679818074188163933,ARBOUR-FULLER HOSPITAL,19990707,1999-07-07,ambulatory,1,1,183.0,183.0,0,0,697.56,662.56,35.00,1
679818074188163933,ARBOUR-FULLER HOSPITAL,19990708,1999-07-08,ambulatory,1,1,15.0,15.0,0,0,234.71,199.71,35.00,1
679818074188163933,ARBOUR-FULLER HOSPITAL,19990711,1999-07-11,ambulatory,1,1,195.0,195.0,0,0,535.87,500.87,35.00,1
679818074188163933,ARBOUR-FULLER HOSPITAL,19990714,1999-07-14,ambulatory,1,1,190.0,190.0,0,0,602.92,567.92,35.00,1
679818074188163933,ARBOUR-FULLER HOSPITAL,19990721,1999-07-21,ambulatory,1,1,161.35,161.35,0,0,2673.95,2638.95,35.00,1
694540912856437675,PULMONARY INTERNISTS AND CONSULTANTS PC,19990727,1999-07-27,wellness,1,1,58.45,58.45,0,0,1069.06,0.00,1069.06,1
679818074188163933,ARBOUR-FULLER HOSPITAL,19990728,1999-07-28,ambulatory,1,1,169.0,169.0,0,0,553.07,403.07,150.00,1
635544131513586331,CAMBRIDGE PUBLIC HEALTH COMMISSION,19990731,1999-07-31,ambulatory,1,1,15.0,15.0,0,0,85.55,35.55,50.00,1
679818074188163933,ARBOUR-FULLER HOSPITAL,19990801,1999-08-01,ambulatory,1,1,206.0,206.0,0,0,535.87,485.87,50.00,1
679818074188163933,ARBOUR-FULLER HOSPITAL,19990804,1999-08-04,ambulatory,1,1,200.0,200.0,0,0,1791.03,1741.03,50.00,1
679818074188163933,ARBOUR-FULLER HOSPITAL,19990811,1999-08-11,outpatient,1,1,44.65,44.65,0,0,740.69,690.69,50.00,1
635544131513586331,CAMBRIDGE PUBLIC HEALTH COMMISSION,19990812,1999-08-12,ambulatory,1,1,36.11666666666667,36.11666666666667,0,0,516.95,466.95,50.00,1
679818074188163933,ARBOUR-FULLER HOSPITAL,19990818,1999-08-18,ambulatory,1,1,164.0,164.0,0,0,701.86,651.86,50.00,1
679818074188163933,ARBOUR-FULLER HOSPITAL,19990819,1999-08-19,ambulatory,1,1,15.0,15.0,0,0,234.71,184.71,50.00,1
679818074188163933,ARBOUR-FULLER HOSPITAL,19990822,1999-08-22,ambulatory,1,1,126.0,126.0,0,0,535.87,485.87,50.00,1
679818074188163933,ARBOUR-FULLER HOSPITAL,19990825,1999-08-25,ambulatory,1,1,148.0,148.0,0,0,1036.13,986.13,50.00,1
679818074188163933,ARBOUR-FULLER HOSPITAL,19990901,1999-09-01,outpatient,1,1,52.55,52.55,0,0,740.69,690.69,50.00,1
679818074188163933,ARBOUR-FULLER HOSPITAL,19990908,1999-09-08,ambulatory,1,1,208.0,208.0,0,0,535.87,485.87,50.00,1
679818074188163933,ARBOUR-FULLER HOSPITAL,19990912,1999-09-12,ambulatory,1,1,213.0,213.0,0,0,648.97,598.97,50.00,1
679818074188163933,ARBOUR-FULLER HOSPITAL,19990915,1999-09-15,ambulatory,1,1,163.0,163.0,0,0,535.87,485.87,50.00,1
679818074188163933,ARBOUR-FULLER HOSPITAL,19990918,1999-09-18,ambulatory,2,1,91.0,91.0,0,0,1559.97,1459.97,100.00,1
679818074188163933,ARBOUR-FULLER HOSPITAL,19990921,1999-09-21,ambulatory,1,1,170.0,170.0,0,0,1092.44,1042.44,50.00,1
679818074188163933,ARBOUR-FULLER HOSPITAL,19990929,1999-09-29,outpatient,1,1,48.06666666666667,48.06666666666667,0,0,956.39,906.39,50.00,1
679818074188163933,ARBOUR-FULLER HOSPITAL,19991006,1999-10-06,ambulatory,1,1,205.0,205.0,0,0,535.87,485.87,50.00,1
679818074188163933,ARBOUR-FULLER HOSPITAL,19991010,1999-10-10,ambulatory,1,1,127.0,127.0,0,0,736.67,686.67,50.00,1
679818074188163933,ARBOUR-FULLER HOSPITAL,19991013,1999-10-13,ambulatory,1,1,161.0,161.0,0,0,1791.03,1741.03,50.00,1
679818074188163933,ARBOUR-FULLER HOSPITAL,19991020,1999-10-20,ambulatory,1,1,205.45,205.45,0,0,2673.95,2623.95,50.00,1
679818074188163933,ARBOUR-FULLER HOSPITAL,19991027,1999-10-27,ambulatory,1,1,173.0,173.0,0,0,535.87,485.87,50.00,1
679818074188163933,ARBOUR-FULLER HOSPITAL,19991028,1999-10-28,ambulatory,1,1,15.0,15.0,0,0,234.71,184.71,50.00,1
679818074188163933,ARBOUR-FULLER HOSPITAL,19991031,1999-10-31,ambulatory,1,1,126.0,126.0,0,0,1791.03,1741.03,50.00,1
679818074188163933,ARBOUR-FULLER HOSPITAL,19991103,1999-11-03,ambulatory,1,1,217.0,217.0,0,0,535.87,485.87,50.00,1
679818074188163933,ARBOUR-FULLER HOSPITAL,19991106,1999-11-06,ambulatory,1,1,172.0,172.0,0,0,535.87,485.87,50.00,1
679818074188163933,ARBOUR-FULLER HOSPITAL,19991109,1999-11-09,ambulatory,1,1,170.0,170.0,0,0,535.87,485.87,50.00,1
257485178825861130,URGENT CARE MEDICAL ASSOCIATES  LLC,19991112,1999-11-12,urgentcare,1,1,46.25,46.25,0,0,1887.46,1509.95,377.51,1
679818074188163933,ARBOUR-FULLER HOSPITAL,19991112,1999-11-12,ambulatory,1,1,207.0,207.0,0,0,535.87,485.87,50.00,1
679818074188163933,ARBOUR-FULLER HOSPITAL,19991115,1999-11-15,ambulatory,1,1,198.0,198.0,0,0,535.87,485.87,50.00,1
257983333266586147,WOONSOCKET URGENT CARE PC,19991124,1999-11-24,urgentcare,1,1,48.85,48.85,0,0,797.72,747.72,50.00,1
679818074188163933,ARBOUR-FULLER HOSPITAL,19991201,1999-12-01,ambulatory,1,1,215.0,215.0,0,0,1762.45,1712.45,50.00,1
679818074188163933,ARBOUR-FULLER HOSPITAL,19991202,1999-12-02,ambulatory,1,1,15.0,15.0,0,0,234.71,184.71,50.00,1
679818074188163933,ARBOUR-FULLER HOSPITAL,19991205,1999-12-05,ambulatory,1,1,201.0,201.0,0,0,535.87,485.87,50.00,1
679818074188163933,ARBOUR-FULLER HOSPITAL,19991208,1999-12-08,ambulatory,1,1,235.0,235.0,0,0,699.90,649.90,50.00,1
679818074188163933,ARBOUR-FULLER HOSPITAL,19991215,1999-12-15,ambulatory,1,1,235.16666666666666,235.16666666666666,0,0,3536.75,3486.75,50.00,1
679818074188163933,ARBOUR-FULLER HOSPITAL,19991222,1999-12-22,ambulatory,1,1,227.0,227.0,0,0,535.87,485.87,50.00,1
679818074188163933,ARBOUR-FULLER HOSPITAL,19991226,1999-12-26,ambulatory,1,1,238.0,238.0,0,0,535.87,485.87,50.00,1
679818074188163933,ARBOUR-FULLER HOSPITAL,19991229,1999-12-29,inpatient,1,1,4630.25,4630.25,1,0,2899.82,2849.82,50.00,1
679818074188163933,ARBOUR-FULLER HOSPITAL,19991229,1999-12-29,ambulatory,1,1,190.0,190.0,0,0,1397.28,1347.28,50.00,1
679818074188163933,ARBOUR-FULLER HOSPITAL,20000112,2000-01-12,ambulatory,1,1,128.0,128.0,0,0,535.87,485.87,50.00,1
679818074188163933,ARBOUR-FULLER HOSPITAL,20000113,2000-01-13,ambulatory,1,1,15.0,15.0,0,0,234.71,184.71,50.00,1
679818074188163933,ARBOUR-FULLER HOSPITAL,20000119,2000-01-19,ambulatory,1,1,109.08333333333333,109.08333333333333,0,0,1229.12,1179.12,50.00,1
679818074188163933,ARBOUR-FULLER HOSPITAL,20000127,2000-01-27,ambulatory,1,1,82.76666666666667,82.76666666666667,0,0,1229.12,1179.12,50.00,1
679818074188163933,ARBOUR-FULLER HOSPITAL,20000203,2000-02-03,ambulatory,1,1,75.11666666666666,75.11666666666666,0,0,1229.12,1179.12,50.00,1
164982158369714689,A&A HEALTHCARE LLC,20000209,2000-02-09,wellness,1,1,33.483333333333334,33.483333333333334,0,0,1291.56,1256.56,35.00,1
496794533100234578,WELLNESS ON WHEELS PC,20000216,2000-02-16,wellness,1,1,55.15,55.15,0,0,853.36,803.36,50.00,1
742853919342579422,ENCOMPASS HEALTH BRAINTREE HOSPITAL OF BRAINTREE,20000218,2000-02-18,ambulatory,1,1,15.0,15.0,0,0,234.71,199.71,35.00,1
679818074188163933,ARBOUR-FULLER HOSPITAL,20000223,2000-02-23,ambulatory,1,1,94.53333333333333,94.53333333333333,0,0,1229.12,1179.12,50.00,1
537663206495302230,MELROSE FAMILY OPTICIANS LLC,20000226,2000-02-26,wellness,1,1,43.166666666666664,43.166666666666664,0,0,860.16,0.00,860.16,1
679818074188163933,ARBOUR-FULLER HOSPITAL,20000302,2000-03-02,ambulatory,1,1,88.53333333333333,88.53333333333333,0,0,1229.12,1179.12,50.00,1
965482326565273582,TIMOTHY DANIELS HOUSE,20000311,2000-03-11,emergency,1,1,480.0,480.0,0,1,146.18,111.18,35.00,1
687244083159868427,MELROSEWAKEFIELD HEALTHCARE  INC,20000316,2000-03-16,ambulatory,1,1,44.0,44.0,0,0,2730.98,0.00,2730.98,1
50464693234281699,Lynn Community Based Outpatient Clinic (CBOC),20000326,2000-03-26,ambulatory,1,1,15.0,15.0,0,0,142.58,114.06,28.52,1
742853919342579422,ENCOMPASS HEALTH BRAINTREE HOSPITAL OF BRAINTREE,20000624,2000-06-24,ambulatory,1,1,83.51666666666667,83.51666666666667,0,0,516.95,481.95,35.00,1
587757060655614946,CLARITY HEALTH & WELLNESS LLC,20000703,2000-07-03,wellness,1,1,31.233333333333334,31.233333333333334,0,0,704.20,554.20,150.00,1
742853919342579422,ENCOMPASS HEALTH BRAINTREE HOSPITAL OF BRAINTREE,20000722,2000-07-22,ambulatory,1,1,32.6,32.6,0,0,5441.69,5406.69,35.00,1
679818074188163933,ARBOUR-FULLER HOSPITAL,20000722,2000-07-22,ambulatory,1,1,45.833333333333336,45.833333333333336,0,0,22153.92,22103.92,50.00,1
742853919342579422,ENCOMPASS HEALTH BRAINTREE HOSPITAL OF BRAINTREE,20000724,2000-07-24,ambulatory,1,1,70.16666666666667,70.16666666666667,0,0,516.95,481.95,35.00,1
1101856705377912875,COMMUNITY VISITING NURSE AGENCY  INC.,20000726,2000-07-26,hospice,1,1,43215.0,43215.0,0,0,15236.53,15086.53,150.00,1
433837020145504394,ZANJABEE INTEGRATIVE MEDICINE AND PRIMARY CARE LLC,20000728,2000-07-28,wellness,1,1,31.65,31.65,0,0,704.20,0.00,704.20,1
815218868737845247,Causeway OPC,20000831,2000-08-31,wellness,1,1,32.28333333333333,32.28333333333333,0,0,1291.56,867.50,424.06,1
222681380209834388,SOUTH SHORE HOSPITAL INC.,20000905,2000-09-05,inpatient,1,1,1440.0,1440.0,1,0,13537.81,13537.81,0.00,1
679818074188163933,ARBOUR-FULLER HOSPITAL,20000918,2000-09-18,ambulatory,1,1,79.63333333333334,79.63333333333334,0,0,516.95,466.95,50.00,1
439410479591029051,LOWELL FAMILY MEDICAL CARE PC,20001016,2000-10-16,wellness,1,1,26.25,26.25,0,0,704.20,0.00,704.20,1
679818074188163933,ARBOUR-FULLER HOSPITAL,20001018,2000-10-18,ambulatory,1,1,60.5,60.5,0,0,516.95,466.95,50.00,1
160559015988030201,HEALTHFIRST FAMILY CARE CENTER INC,20001031,2000-10-31,wellness,1,1,30.716666666666665,30.716666666666665,0,0,971.69,821.69,150.00,1
635544131513586331,CAMBRIDGE PUBLIC HEALTH COMMISSION,20001111,2000-11-11,ambulatory,1,1,15.0,15.0,0,0,92.93,42.93,50.00,1
244544338078735615,TEWKSBURY HOSPITAL,20001118,2000-11-18,ambulatory,1,1,15.0,15.0,0,0,516.95,0.00,516.95,1
520806008221098162,FIRST PSYCHIATRIC PLANNERS  INC,20001223,2000-12-23,ambulatory,1,1,15.0,15.0,0,0,92.93,42.93,50.00,1
687244083159868427,MELROSEWAKEFIELD HEALTHCARE  INC,20010209,2001-02-09,ambulatory,1,1,44.0,44.0,0,0,2730.98,0.00,2730.98,1
164982158369714689,A&A HEALTHCARE LLC,20010214,2001-02-14,wellness,1,1,30.266666666666666,30.266666666666666,0,0,1284.76,842.13,442.63,1
742853919342579422,ENCOMPASS HEALTH BRAINTREE HOSPITAL OF BRAINTREE,20010217,2001-02-17,ambulatory,1,1,15.0,15.0,0,0,234.71,187.76,46.95,1
496794533100234578,WELLNESS ON WHEELS PC,20010221,2001-02-21,wellness,1,1,36.56666666666667,36.56666666666667,0,0,1130.45,1080.45,50.00,1
742853919342579422,ENCOMPASS HEALTH BRAINTREE HOSPITAL OF BRAINTREE,20010228,2001-02-28,ambulatory,1,1,401.31666666666666,401.31666666666666,0,0,5262.35,4209.88,1052.47,1
537663206495302230,MELROSE FAMILY OPTICIANS LLC,20010303,2001-03-03,wellness,1,1,38.5,38.5,0,0,860.16,0.00,860.16,1
679818074188163933,ARBOUR-FULLER HOSPITAL,20010307,2001-03-07,ambulatory,1,1,214.43333333333334,214.43333333333334,0,0,2673.95,2623.95,50.00,1
742853919342579422,ENCOMPASS HEALTH BRAINTREE HOSPITAL OF BRAINTREE,20010307,2001-03-07,ambulatory,1,1,79.43333333333334,79.43333333333334,0,0,1379.75,1103.80,275.95,1
363458983347729064,Fitchburg Outpatient Clinic,20010310,2001-03-10,ambulatory,1,1,50.0,50.0,0,0,516.95,0.00,516.95,1
363458983347729064,Fitchburg Outpatient Clinic,20010311,2001-03-11,ambulatory,1,1,264.3333333333333,264.3333333333333,0,0,1444.46,0.00,1444.46,1
742853919342579422,ENCOMPASS HEALTH BRAINTREE HOSPITAL OF BRAINTREE,20010317,2001-03-17,ambulatory,1,1,252.4,252.4,0,0,2242.55,1794.04,448.51,1
363458983347729064,Fitchburg Outpatient Clinic,20010318,2001-03-18,ambulatory,1,1,53.983333333333334,53.983333333333334,0,0,13106.85,0.00,13106.85,1
742853919342579422,ENCOMPASS HEALTH BRAINTREE HOSPITAL OF BRAINTREE,20010328,2001-03-28,ambulatory,1,1,15.216666666666667,15.216666666666667,0,0,516.95,413.56,103.39,1
679818074188163933,ARBOUR-FULLER HOSPITAL,20010427,2001-04-27,ambulatory,1,1,85.58333333333333,85.58333333333333,0,0,516.95,466.95,50.00,1
353447819048907343,CAMBRIDGE PUBLIC HEALTH COMMISSION,20010504,2001-05-04,ambulatory,1,1,15.0,15.0,0,0,1005.38,955.38,50.00,1
687244083159868427,MELROSEWAKEFIELD HEALTHCARE  INC,20010513,2001-05-13,ambulatory,1,1,15.0,15.0,0,0,85.55,0.00,85.55,1
679818074188163933,ARBOUR-FULLER HOSPITAL,20010527,2001-05-27,ambulatory,1,1,67.55,67.55,0,0,516.95,466.95,50.00,1
635544131513586331,CAMBRIDGE PUBLIC HEALTH COMMISSION,20010528,2001-05-28,ambulatory,1,1,15.0,15.0,0,0,85.55,35.55,50.00,1
679818074188163933,ARBOUR-FULLER HOSPITAL,20010613,2001-06-13,ambulatory,1,1,72.95,72.95,0,0,1379.75,1329.75,50.00,1
679818074188163933,ARBOUR-FULLER HOSPITAL,20010627,2001-06-27,ambulatory,1,1,43.15,43.15,0,0,516.95,466.95,50.00,1
815218868737845247,Causeway OPC,20010906,2001-09-06,wellness,1,1,38.95,38.95,0,0,1216.98,787.18,429.80,1
679818074188163933,ARBOUR-FULLER HOSPITAL,20011119,2001-11-19,ambulatory,1,1,40.483333333333334,40.483333333333334,0,0,20125.86,20090.86,35.00,1
679818074188163933,ARBOUR-FULLER HOSPITAL,20011124,2001-11-24,ambulatory,1,1,15.0,15.0,0,0,85.55,50.55,35.00,1
679818074188163933,ARBOUR-FULLER HOSPITAL,20011207,2001-12-07,inpatient,1,1,3179.383333333333,3179.383333333333,1,0,41499.89,41464.89,35.00,1
469245621271018320,LYNN URGENT CARE LLC,20011215,2001-12-15,urgentcare,1,1,50.6,50.6,0,0,1224.00,0.00,1224.00,1
363458983347729064,Fitchburg Outpatient Clinic,20011225,2001-12-25,ambulatory,1,1,274.1666666666667,274.1666666666667,0,0,1444.46,0.00,1444.46,1
687244083159868427,MELROSEWAKEFIELD HEALTHCARE  INC,20020104,2002-01-04,ambulatory,1,1,38.333333333333336,38.333333333333336,0,0,5138.45,0.00,5138.45,1
441536440845856287,WELLESLEY FAMILY CARE ASSOCIATES  PC,20020111,2002-01-11,wellness,1,1,42.0,42.0,0,0,778.78,0.00,778.78,1
814284400183858824,PRIMARY CARE NORTH PC,20020124,2002-01-24,wellness,1,1,41.983333333333334,41.983333333333334,0,0,923.80,0.00,923.80,1
687244083159868427,MELROSEWAKEFIELD HEALTHCARE  INC,20020204,2002-02-04,ambulatory,1,1,44.0,44.0,0,0,2730.98,0.00,2730.98,1
164982158369714689,A&A HEALTHCARE LLC,20020220,2002-02-20,wellness,1,1,44.583333333333336,44.583333333333336,0,0,1210.18,1175.18,35.00,1
363458983347729064,Fitchburg Outpatient Clinic,20020221,2002-02-21,ambulatory,1,1,375.21666666666664,375.21666666666664,0,0,24338.85,0.00,24338.85,1
742853919342579422,ENCOMPASS HEALTH BRAINTREE HOSPITAL OF BRAINTREE,20020227,2002-02-27,ambulatory,1,1,15.0,15.0,0,0,234.71,199.71,35.00,1
496794533100234578,WELLNESS ON WHEELS PC,20020227,2002-02-27,wellness,1,1,38.86666666666667,38.86666666666667,0,0,778.78,743.78,35.00,1
363458983347729064,Fitchburg Outpatient Clinic,20020306,2002-03-06,ambulatory,1,1,34.53333333333333,34.53333333333333,0,0,516.95,481.95,35.00,1
537663206495302230,MELROSE FAMILY OPTICIANS LLC,20020309,2002-03-09,wellness,1,1,41.483333333333334,41.483333333333334,0,0,860.16,0.00,860.16,1
363458983347729064,Fitchburg Outpatient Clinic,20020311,2002-03-11,ambulatory,1,1,288.85,288.85,0,0,1444.46,1409.46,35.00,1
679818074188163933,ARBOUR-FULLER HOSPITAL,20020320,2002-03-20,ambulatory,1,1,209.61666666666667,209.61666666666667,0,0,3536.75,3501.75,35.00,1
687244083159868427,MELROSEWAKEFIELD HEALTHCARE  INC,20020323,2002-03-23,ambulatory,1,1,202.7,202.7,0,0,3105.35,0.00,3105.35,1
363458983347729064,Fitchburg Outpatient Clinic,20020327,2002-03-27,ambulatory,1,1,54.11666666666667,54.11666666666667,0,0,16232.31,16197.31,35.00,1
969560228442772145,FAMILY PRACTICE GROUP PC,20020327,2002-03-27,wellness,1,1,54.016666666666666,54.016666666666666,0,0,994.48,844.48,150.00,1
932183870943157155,WOONSOCKET URGENT CARE PC,20020410,2002-04-10,urgentcare,1,1,15.0,15.0,0,0,573.98,538.98,35.00,1
12921597786897869,SALMON HOME CARE LLC,20020410,2002-04-10,home,1,1,15.0,15.0,0,0,1854.13,1819.13,35.00,1
12921597786897869,SALMON HOME CARE LLC,20020411,2002-04-11,home,1,1,15.0,15.0,0,0,559.93,524.93,35.00,1
12921597786897869,SALMON HOME CARE LLC,20020412,2002-04-12,home,1,1,15.0,15.0,0,0,559.93,524.93,35.00,1
12921597786897869,SALMON HOME CARE LLC,20020413,2002-04-13,home,1,1,15.0,15.0,0,0,559.93,524.93,35.00,1
12921597786897869,SALMON HOME CARE LLC,20020414,2002-04-14,home,1,1,15.0,15.0,0,0,559.93,524.93,35.00,1
12921597786897869,SALMON HOME CARE LLC,20020415,2002-04-15,home,1,1,15.0,15.0,0,0,344.23,309.23,35.00,1
12921597786897869,SALMON HOME CARE LLC,20020416,2002-04-16,home,1,1,15.0,15.0,0,0,559.93,524.93,35.00,1
12921597786897869,SALMON HOME CARE LLC,20020417,2002-04-17,home,1,1,15.0,15.0,0,0,559.93,524.93,35.00,1
12921597786897869,SALMON HOME CARE LLC,20020418,2002-04-18,home,1,1,15.0,15.0,0,0,559.93,524.93,35.00,1
12921597786897869,SALMON HOME CARE LLC,20020419,2002-04-19,home,1,1,15.0,15.0,0,0,344.23,309.23,35.00,1
12921597786897869,SALMON HOME CARE LLC,20020420,2002-04-20,home,1,1,15.0,15.0,0,0,991.33,956.33,35.00,1
12921597786897869,SALMON HOME CARE LLC,20020421,2002-04-21,home,1,1,15.0,15.0,0,0,509.35,474.35,35.00,1
12921597786897869,SALMON HOME CARE LLC,20020422,2002-04-22,home,1,1,15.0,15.0,0,0,559.93,524.93,35.00,1
12921597786897869,SALMON HOME CARE LLC,20020423,2002-04-23,home,1,1,15.0,15.0,0,0,559.93,524.93,35.00,1
12921597786897869,SALMON HOME CARE LLC,20020424,2002-04-24,home,1,1,15.0,15.0,0,0,559.93,524.93,35.00,1
12921597786897869,SALMON HOME CARE LLC,20020425,2002-04-25,home,1,1,15.0,15.0,0,0,618.42,583.42,35.00,1
12921597786897869,SALMON HOME CARE LLC,20020426,2002-04-26,home,1,1,15.0,15.0,0,0,559.93,524.93,35.00,1
12921597786897869,SALMON HOME CARE LLC,20020427,2002-04-27,home,1,1,15.0,15.0,0,0,409.19,374.19,35.00,1
12921597786897869,SALMON HOME CARE LLC,20020428,2002-04-28,home,1,1,15.0,15.0,0,0,1051.84,1016.84,35.00,1
965482326565273582,TIMOTHY DANIELS HOUSE,20020619,2002-06-19,emergency,1,1,1020.0,1020.0,0,1,146.18,111.18,35.00,1
132019786462314408,DAVIS SQUARE FAMILY PRACTICE,20020808,2002-08-08,wellness,1,1,56.7,56.7,0,0,1125.36,975.36,150.00,1
29154059241288267,DR JOHN C CORRIGAN MENTAL HEALTH CENTER,20021119,2002-11-19,outpatient,1,1,46.38333333333333,46.38333333333333,0,0,943.23,893.23,50.00,1
164982158369714689,A&A HEALTHCARE LLC,20021225,2002-12-25,wellness,1,1,49.03333333333333,49.03333333333333,0,0,934.74,899.74,35.00,1
687244083159868427,MELROSEWAKEFIELD HEALTHCARE  INC,20030130,2003-01-30,ambulatory,1,1,44.0,44.0,0,0,2730.98,0.00,2730.98,1
164982158369714689,A&A HEALTHCARE LLC,20030226,2003-02-26,wellness,1,1,44.11666666666667,44.11666666666667,0,0,1075.86,1040.86,35.00,1
742853919342579422,ENCOMPASS HEALTH BRAINTREE HOSPITAL OF BRAINTREE,20030227,2003-02-27,ambulatory,1,1,15.0,15.0,0,0,234.71,199.71,35.00,1
496794533100234578,WELLNESS ON WHEELS PC,20030305,2003-03-05,wellness,1,1,51.81666666666667,51.81666666666667,0,0,853.36,803.36,50.00,1
537663206495302230,MELROSE FAMILY OPTICIANS LLC,20030315,2003-03-15,wellness,1,1,42.06666666666667,42.06666666666667,0,0,934.74,0.00,934.74,1
679818074188163933,ARBOUR-FULLER HOSPITAL,20030319,2003-03-19,ambulatory,1,1,201.76666666666668,201.76666666666668,0,0,2673.95,2623.95,50.00,1
687244083159868427,MELROSEWAKEFIELD HEALTHCARE  INC,20030329,2003-03-29,ambulatory,1,1,254.95,254.95,0,0,3105.35,0.00,3105.35,1
476697113556229311,BETH ISRAEL DEACONESS HOSPITAL MILTON INC,20030406,2003-04-06,ambulatory,1,1,15.0,15.0,0,0,1005.38,804.30,201.08,1
742853919342579422,ENCOMPASS HEALTH BRAINTREE HOSPITAL OF BRAINTREE,20030424,2003-04-24,inpatient,1,1,4320.0,4320.0,1,0,146.18,111.18,35.00,1
687244083159868427,MELROSEWAKEFIELD HEALTHCARE  INC,20030514,2003-05-14,ambulatory,1,1,15.0,15.0,0,0,85.55,0.00,85.55,1
687244083159868427,MELROSEWAKEFIELD HEALTHCARE  INC,20030829,2003-08-29,ambulatory,1,1,92.48333333333333,92.48333333333333,0,0,3611.33,0.00,3611.33,1
160559015988030201,HEALTHFIRST FAMILY CARE CENTER INC,20031104,2003-11-04,wellness,1,1,32.36666666666667,32.36666666666667,0,0,1326.65,0.00,1326.65,1
744977654436978746,THE LOWELL GENERAL HOSPITAL,20031202,2003-12-02,ambulatory,1,1,15.0,15.0,0,0,1005.38,0.00,1005.38,1
687244083159868427,MELROSEWAKEFIELD HEALTHCARE  INC,20031226,2003-12-26,ambulatory,1,1,44.0,44.0,0,0,2730.98,0.00,2730.98,1
441536440845856287,WELLESLEY FAMILY CARE ASSOCIATES  PC,20040123,2004-01-23,wellness,1,1,38.9,38.9,0,0,1103.92,0.00,1103.92,1
363458983347729064,Fitchburg Outpatient Clinic,20040129,2004-01-29,emergency,1,1,60.0,60.0,0,1,8137.42,8102.42,35.00,1
363458983347729064,Fitchburg Outpatient Clinic,20040130,2004-01-30,inpatient,1,1,2338.483333333333,2338.483333333333,1,0,10695.98,10660.98,35.00,1
164982158369714689,A&A HEALTHCARE LLC,20040303,2004-03-03,wellness,1,1,33.45,33.45,0,0,1216.98,1181.98,35.00,1
742853919342579422,ENCOMPASS HEALTH BRAINTREE HOSPITAL OF BRAINTREE,20040310,2004-03-10,ambulatory,1,1,15.0,15.0,0,0,234.71,199.71,35.00,1
496794533100234578,WELLNESS ON WHEELS PC,20040310,2004-03-10,wellness,1,1,50.7,50.7,0,0,778.78,743.78,35.00,1
742853919342579422,ENCOMPASS HEALTH BRAINTREE HOSPITAL OF BRAINTREE,20040317,2004-03-17,ambulatory,1,1,173.18333333333334,173.18333333333334,0,0,3105.35,3070.35,35.00,1
679818074188163933,ARBOUR-FULLER HOSPITAL,20040317,2004-03-17,ambulatory,1,1,74.78333333333333,74.78333333333333,0,0,516.95,481.95,35.00,1
537663206495302230,MELROSE FAMILY OPTICIANS LLC,20040320,2004-03-20,wellness,1,1,57.65,57.65,0,0,1699.67,0.00,1699.67,1
679818074188163933,ARBOUR-FULLER HOSPITAL,20040331,2004-03-31,ambulatory,1,1,207.3,207.3,0,0,3536.75,3501.75,35.00,1
687244083159868427,MELROSEWAKEFIELD HEALTHCARE  INC,20040403,2004-04-03,ambulatory,1,1,153.48333333333332,153.48333333333332,0,0,3105.35,0.00,3105.35,1
679818074188163933,ARBOUR-FULLER HOSPITAL,20040417,2004-04-17,ambulatory,1,1,88.06666666666666,88.06666666666666,0,0,516.95,481.95,35.00,1
654094879719975440,BARRINGTON URGENT CARE PC,20040708,2004-07-08,urgentcare,1,1,49.85,49.85,0,0,709.98,0.00,709.98,1
29154059241288267,DR JOHN C CORRIGAN MENTAL HEALTH CENTER,20040728,2004-07-28,outpatient,1,1,15.0,15.0,0,0,142.58,0.00,142.58,1
439410479591029051,LOWELL FAMILY MEDICAL CARE PC,20041108,2004-11-08,wellness,1,1,54.55,54.55,0,0,704.20,0.00,704.20,1
58830663438005741,SUNRISE HEALTHCARE LLC,20041215,2004-12-15,wellness,1,1,56.43333333333333,56.43333333333333,0,0,704.20,0.00,704.20,1
687244083159868427,MELROSEWAKEFIELD HEALTHCARE  INC,20041220,2004-12-20,ambulatory,1,1,44.0,44.0,0,0,2730.98,0.00,2730.98,1
679818074188163933,ARBOUR-FULLER HOSPITAL,20050104,2005-01-04,ambulatory,1,1,15.0,15.0,0,0,948.35,798.35,150.00,1
521143750033311203,SERENITY HILL NURSING CENTER,20050112,2005-01-12,emergency,1,1,60.0,60.0,0,1,652.16,602.16,50.00,1
257983333266586147,WOONSOCKET URGENT CARE PC,20050119,2005-01-19,urgentcare,1,1,15.0,15.0,0,0,142.58,92.58,50.00,1
376833142676655002,HOLISTIC FAMILY PRACTICE  INC.,20050122,2005-01-22,wellness,1,1,35.733333333333334,35.733333333333334,0,0,1055.90,844.72,211.18,1
936954550737768782,GREENWOOD NURSING & REHABILITATION CENTER,20050125,2005-01-25,emergency,1,1,60.0,60.0,0,1,146.18,0.00,146.18,1
814284400183858824,PRIMARY CARE NORTH PC,20050127,2005-01-27,wellness,1,1,35.3,35.3,0,0,996.16,0.00,996.16,1
441536440845856287,WELLESLEY FAMILY CARE ASSOCIATES  PC,20050128,2005-01-28,wellness,1,1,59.916666666666664,59.916666666666664,0,0,704.20,0.00,704.20,1
679818074188163933,ARBOUR-FULLER HOSPITAL,20050131,2005-01-31,ambulatory,1,1,64.93333333333334,64.93333333333334,0,0,516.95,466.95,50.00,1
202198446605600451,STANLEY STREET TREATMENT AND RESOURCES  INC,20050219,2005-02-19,wellness,1,1,56.13333333333333,56.13333333333333,0,0,840.20,0.00,840.20,1
679818074188163933,ARBOUR-FULLER HOSPITAL,20050302,2005-03-02,ambulatory,1,1,88.06666666666666,88.06666666666666,0,0,516.95,466.95,50.00,1
164982158369714689,A&A HEALTHCARE LLC,20050309,2005-03-09,wellness,1,1,45.083333333333336,45.083333333333336,0,0,1216.98,1181.98,35.00,1
742853919342579422,ENCOMPASS HEALTH BRAINTREE HOSPITAL OF BRAINTREE,20050310,2005-03-10,ambulatory,1,1,15.0,15.0,0,0,234.71,199.71,35.00,1
496794533100234578,WELLNESS ON WHEELS PC,20050316,2005-03-16,wellness,1,1,37.7,37.7,0,0,1283.58,1233.58,50.00,1
742853919342579422,ENCOMPASS HEALTH BRAINTREE HOSPITAL OF BRAINTREE,20050323,2005-03-23,ambulatory,1,1,172.61666666666667,172.61666666666667,0,0,3536.75,3501.75,35.00,1
537663206495302230,MELROSE FAMILY OPTICIANS LLC,20050326,2005-03-26,wellness,1,1,40.85,40.85,0,0,860.16,0.00,860.16,1
679818074188163933,ARBOUR-FULLER HOSPITAL,20050401,2005-04-01,ambulatory,1,1,86.2,86.2,0,0,516.95,466.95,50.00,1
687244083159868427,MELROSEWAKEFIELD HEALTHCARE  INC,20050409,2005-04-09,ambulatory,1,1,194.45,194.45,0,0,3105.35,0.00,3105.35,1
679818074188163933,ARBOUR-FULLER HOSPITAL,20050501,2005-05-01,ambulatory,1,1,80.15,80.15,0,0,516.95,466.95,50.00,1
679818074188163933,ARBOUR-FULLER HOSPITAL,20050712,2005-07-12,ambulatory,1,1,82.3,82.3,0,0,516.95,466.95,50.00,1
29154059241288267,DR JOHN C CORRIGAN MENTAL HEALTH CENTER,20050723,2005-07-23,outpatient,1,1,15.0,15.0,0,0,142.58,0.00,142.58,1
29154059241288267,DR JOHN C CORRIGAN MENTAL HEALTH CENTER,20050728,2005-07-28,outpatient,1,1,50.833333333333336,50.833333333333336,0,0,4052.91,0.00,4052.91,1
654096641582644263,BL HEALTHCARE INC DELEWARE,20050825,2005-08-25,wellness,1,1,54.733333333333334,54.733333333333334,0,0,1438.05,0.00,1438.05,1
815218868737845247,Causeway OPC,20050929,2005-09-29,ambulatory,1,1,343.0,343.0,0,0,3825.20,3060.15,765.05,1
965482326565273582,TIMOTHY DANIELS HOUSE,20051002,2005-10-02,emergency,1,1,60.0,60.0,0,1,146.18,111.18,35.00,1
164982158369714689,A&A HEALTHCARE LLC,20051012,2005-10-12,wellness,1,1,15.0,15.0,0,0,211.38,176.38,35.00,1
687244083159868427,MELROSEWAKEFIELD HEALTHCARE  INC,20051115,2005-11-15,ambulatory,1,1,44.0,44.0,0,0,2730.98,0.00,2730.98,1
679818074188163933,ARBOUR-FULLER HOSPITAL,20060110,2006-01-10,ambulatory,1,1,15.0,15.0,0,0,85.55,50.55,35.00,1
679818074188163933,ARBOUR-FULLER HOSPITAL,20060118,2006-01-18,outpatient,1,1,50.38333333333333,50.38333333333333,0,0,591.53,556.53,35.00,1
623047219859228790,GARDEN STATE HEALTHCARE ASSOCIATES LLC,20060127,2006-01-27,wellness,1,1,56.56666666666667,56.56666666666667,0,0,994.48,609.18,385.30,1
376833142676655002,HOLISTIC FAMILY PRACTICE  INC.,20060128,2006-01-28,wellness,1,1,51.85,51.85,0,0,919.90,735.92,183.98,1
679818074188163933,ARBOUR-FULLER HOSPITAL,20060201,2006-02-01,ambulatory,1,1,218.01666666666668,218.01666666666668,0,0,2673.95,2638.95,35.00,1
441536440845856287,WELLESLEY FAMILY CARE ASSOCIATES  PC,20060203,2006-02-03,wellness,1,1,38.15,38.15,0,0,1377.83,0.00,1377.83,1
744977654436978746,THE LOWELL GENERAL HOSPITAL,20060223,2006-02-23,ambulatory,1,1,85.01666666666667,85.01666666666667,0,0,3179.93,0.00,3179.93,1
687244083159868427,MELROSEWAKEFIELD HEALTHCARE  INC,20060304,2006-03-04,outpatient,1,1,55.25,55.25,0,0,1467.91,0.00,1467.91,1
687244083159868427,MELROSEWAKEFIELD HEALTHCARE  INC,20060318,2006-03-18,ambulatory,1,1,130.75,130.75,0,0,3105.35,51.63,3053.72,1
496794533100234578,WELLNESS ON WHEELS PC,20060322,2006-03-22,wellness,1,1,31.866666666666667,31.866666666666667,0,0,927.94,927.94,0.00,1
537663206495302230,MELROSE FAMILY OPTICIANS LLC,20060401,2006-04-01,wellness,1,1,30.316666666666666,30.316666666666666,0,0,1729.32,1210.54,518.78,1
679818074188163933,ARBOUR-FULLER HOSPITAL,20060405,2006-04-05,ambulatory,1,1,156.08333333333334,156.08333333333334,0,0,3105.35,3070.35,35.00,1
389966452681632557,BETH ISRAEL DEACONESS HOSPITAL-NEEDHAM  INC.,20060410,2006-04-10,ambulatory,1,1,15.0,15.0,0,0,85.55,0.00,85.55,1
687244083159868427,MELROSEWAKEFIELD HEALTHCARE  INC,20060415,2006-04-15,ambulatory,1,1,262.26666666666665,262.26666666666665,0,0,3536.75,2475.72,1061.03,1
257485178825861130,URGENT CARE MEDICAL ASSOCIATES  LLC,20060421,2006-04-21,urgentcare,1,1,50.766666666666666,50.766666666666666,0,0,789.68,0.00,789.68,1
389966452681632557,BETH ISRAEL DEACONESS HOSPITAL-NEEDHAM  INC.,20060428,2006-04-28,outpatient,1,1,15.0,15.0,0,0,301.25,0.00,301.25,1
1101856705377912875,COMMUNITY VISITING NURSE AGENCY  INC.,20060628,2006-06-28,hospice,1,1,34788.63333333333,34788.63333333333,0,0,11353.93,11318.93,35.00,1
622746900524004548,WHITTIER REHABILTATION HOSPITAL,20060701,2006-07-01,inpatient,1,1,5757.3,5757.3,1,0,9503.50,7602.80,1900.70,1
496794533100234578,WELLNESS ON WHEELS PC,20060726,2006-07-26,wellness,1,1,15.0,15.0,0,0,211.38,211.38,0.00,1
654096641582644263,BL HEALTHCARE INC DELEWARE,20060831,2006-08-31,wellness,1,1,50.083333333333336,50.083333333333336,0,0,985.22,0.00,985.22,1
687244083159868427,MELROSEWAKEFIELD HEALTHCARE  INC,20061011,2006-10-11,ambulatory,1,1,44.0,44.0,0,0,2730.98,1911.69,819.29,1
160559015988030201,HEALTHFIRST FAMILY CARE CENTER INC,20061107,2006-11-07,wellness,1,1,36.9,36.9,0,0,914.78,0.00,914.78,1
658306035533165929,VMD PRIMARY PROVIDERS MASSACHUSETTS PLLC,20061107,2006-11-07,wellness,1,1,35.333333333333336,35.333333333333336,0,0,1295.00,1291.18,3.82,1
687244083159868427,MELROSEWAKEFIELD HEALTHCARE  INC,20070104,2007-01-04,ambulatory,1,1,25.833333333333332,25.833333333333332,0,0,9418.98,6593.28,2825.70,1
29154059241288267,DR JOHN C CORRIGAN MENTAL HEALTH CENTER,20070109,2007-01-09,outpatient,1,1,55.083333333333336,55.083333333333336,0,0,573.98,0.00,573.98,1
376833142676655002,HOLISTIC FAMILY PRACTICE  INC.,20070203,2007-02-03,wellness,1,1,42.6,42.6,0,0,840.20,672.16,168.04,1
441536440845856287,WELLESLEY FAMILY CARE ASSOCIATES  PC,20070209,2007-02-09,wellness,1,1,53.11666666666667,53.11666666666667,0,0,853.36,0.00,853.36,1
29154059241288267,DR JOHN C CORRIGAN MENTAL HEALTH CENTER,20070227,2007-02-27,ambulatory,1,1,15.0,15.0,0,0,32403.27,20574.41,11828.86,1
1100386330438199965,WALTHAM WESTON INTERNAL MEDICINE ASSOCIATES  P.C.,20070323,2007-03-23,wellness,1,1,47.18333333333333,47.18333333333333,0,0,1433.92,1139.26,294.66,1
29154059241288267,DR JOHN C CORRIGAN MENTAL HEALTH CENTER,20070327,2007-03-27,ambulatory,1,1,15.0,15.0,0,0,11520.96,11520.96,0.00,1
537663206495302230,MELROSE FAMILY OPTICIANS LLC,20070407,2007-04-07,wellness,1,1,33.233333333333334,33.233333333333334,0,0,1002.52,0.00,1002.52,1
719406762791431727,BRIARWOOD REHABILITATION & HEALTHCARE CENTER,20070420,2007-04-20,emergency,1,1,60.0,60.0,0,1,146.18,96.18,50.00,1
29154059241288267,DR JOHN C CORRIGAN MENTAL HEALTH CENTER,20070424,2007-04-24,ambulatory,1,1,15.0,15.0,0,0,16893.87,16893.87,0.00,1
29154059241288267,DR JOHN C CORRIGAN MENTAL HEALTH CENTER,20070522,2007-05-22,ambulatory,1,1,15.0,15.0,0,0,8109.84,8109.84,0.00,1
719406762791431727,BRIARWOOD REHABILITATION & HEALTHCARE CENTER,20070527,2007-05-27,emergency,1,1,60.0,60.0,0,1,87.71,37.71,50.00,1
29154059241288267,DR JOHN C CORRIGAN MENTAL HEALTH CENTER,20070619,2007-06-19,ambulatory,1,1,15.0,15.0,0,0,5708.43,5708.43,0.00,1
29154059241288267,DR JOHN C CORRIGAN MENTAL HEALTH CENTER,20070717,2007-07-17,ambulatory,1,1,15.0,15.0,0,0,14915.41,14915.41,0.00,1
44500129533123678,SOUTHCOAST HOSPITALS GROUP INC,20070729,2007-07-29,outpatient,1,1,30.95,30.95,0,0,9436.71,9386.71,50.00,1
29154059241288267,DR JOHN C CORRIGAN MENTAL HEALTH CENTER,20070814,2007-08-14,ambulatory,1,1,15.0,15.0,0,0,6609.17,6609.17,0.00,1
556944320275034302,PARADIGM HEALTHCARE  PC,20070824,2007-08-24,wellness,1,1,36.583333333333336,36.583333333333336,0,0,853.36,0.00,853.36,1
687244083159868427,MELROSEWAKEFIELD HEALTHCARE  INC,20070906,2007-09-06,ambulatory,1,1,44.0,44.0,0,0,2730.98,0.00,2730.98,1
654096641582644263,BL HEALTHCARE INC DELEWARE,20070906,2007-09-06,wellness,1,1,45.6,45.6,0,0,1268.16,0.00,1268.16,1
29154059241288267,DR JOHN C CORRIGAN MENTAL HEALTH CENTER,20070911,2007-09-11,ambulatory,1,1,15.0,15.0,0,0,11564.43,4945.10,6619.33,1
540724220146399220,FALL RIVER JEWISH HOME  INC,20070925,2007-09-25,emergency,1,1,60.0,60.0,0,1,14802.41,10361.69,4440.72,1
29154059241288267,DR JOHN C CORRIGAN MENTAL HEALTH CENTER,20071106,2007-11-06,ambulatory,1,1,15.0,15.0,0,0,1005.38,1005.38,0.00,1
540724220146399220,FALL RIVER JEWISH HOME  INC,20080106,2008-01-06,emergency,1,1,60.0,60.0,0,1,16125.04,16125.04,0.00,1
814284400183858824,PRIMARY CARE NORTH PC,20080131,2008-01-31,wellness,1,1,45.766666666666666,45.766666666666666,0,0,934.74,0.00,934.74,1
441536440845856287,WELLESLEY FAMILY CARE ASSOCIATES  PC,20080215,2008-02-15,wellness,1,1,36.11666666666667,36.11666666666667,0,0,919.90,0.00,919.90,1
537663206495302230,MELROSE FAMILY OPTICIANS LLC,20080412,2008-04-12,wellness,1,1,47.43333333333333,47.43333333333333,0,0,1213.10,0.00,1213.10,1
687244083159868427,MELROSEWAKEFIELD HEALTHCARE  INC,20080426,2008-04-26,ambulatory,1,1,203.25,203.25,0,0,3536.75,268.48,3268.27,1
44500129533123678,SOUTHCOAST HOSPITALS GROUP INC,20080723,2008-07-23,outpatient,1,1,19.433333333333334,19.433333333333334,0,0,1250.85,0.00,1250.85,1
29154059241288267,DR JOHN C CORRIGAN MENTAL HEALTH CENTER,20080725,2008-07-25,ambulatory,1,1,15.0,15.0,0,0,85.55,85.55,0.00,1
687244083159868427,MELROSEWAKEFIELD HEALTHCARE  INC,20080801,2008-08-01,ambulatory,1,1,44.0,44.0,0,0,2730.98,1911.69,819.29,1
654096641582644263,BL HEALTHCARE INC DELEWARE,20080911,2008-09-11,wellness,1,1,34.81666666666667,34.81666666666667,0,0,1777.58,1777.58,0.00,1
29154059241288267,DR JOHN C CORRIGAN MENTAL HEALTH CENTER,20080916,2008-09-16,ambulatory,2,1,43.71666666666667,43.71666666666667,0,0,36480.25,22690.93,13789.32,1
29154059241288267,DR JOHN C CORRIGAN MENTAL HEALTH CENTER,20081014,2008-10-14,ambulatory,1,1,15.0,15.0,0,0,8395.97,8395.97,0.00,1
936954550737768782,GREENWOOD NURSING & REHABILITATION CENTER,20081015,2008-10-15,emergency,1,1,6780.0,6780.0,0,1,1025.09,717.57,307.52,1
29154059241288267,DR JOHN C CORRIGAN MENTAL HEALTH CENTER,20081111,2008-11-11,ambulatory,1,1,15.0,15.0,0,0,19530.28,19530.28,0.00,1
719406762791431727,BRIARWOOD REHABILITATION & HEALTHCARE CENTER,20081203,2008-12-03,emergency,1,1,60.0,60.0,0,1,5308.14,5258.14,50.00,1
29154059241288267,DR JOHN C CORRIGAN MENTAL HEALTH CENTER,20081209,2008-12-09,ambulatory,1,1,15.0,15.0,0,0,11867.82,11867.82,0.00,1
29154059241288267,DR JOHN C CORRIGAN MENTAL HEALTH CENTER,20090106,2009-01-06,ambulatory,1,1,15.0,15.0,0,0,13497.72,13497.72,0.00,1
137002283324145083,STURDY MEMORIAL HOSPITAL INC,20090115,2009-01-15,outpatient,1,1,59.766666666666666,59.766666666666666,0,0,727.53,727.53,0.00,1
29154059241288267,DR JOHN C CORRIGAN MENTAL HEALTH CENTER,20090203,2009-02-03,ambulatory,1,1,15.0,15.0,0,0,14615.29,14615.29,0.00,1
441536440845856287,WELLESLEY FAMILY CARE ASSOCIATES  PC,20090220,2009-02-20,wellness,1,1,39.95,39.95,0,0,1074.16,0.00,1074.16,1
264175530648959689,SIGNATURE HEALTHCARE MEDICAL GROUP INC,20090301,2009-03-01,wellness,1,1,34.333333333333336,34.333333333333336,0,0,1411.83,1311.83,100.00,1
29154059241288267,DR JOHN C CORRIGAN MENTAL HEALTH CENTER,20090303,2009-03-03,ambulatory,1,1,15.0,15.0,0,0,9479.33,9479.33,0.00,1
389966452681632557,BETH ISRAEL DEACONESS HOSPITAL-NEEDHAM  INC.,20090306,2009-03-06,ambulatory,1,1,218.5,218.5,0,0,3536.75,168.60,3368.15,1
29154059241288267,DR JOHN C CORRIGAN MENTAL HEALTH CENTER,20090331,2009-03-31,ambulatory,1,1,15.0,15.0,0,0,12500.85,12500.85,0.00,1
540724220146399220,FALL RIVER JEWISH HOME  INC,20090414,2009-04-14,emergency,1,1,60.0,60.0,0,1,577.58,577.58,0.00,1
50464693234281699,Lynn Community Based Outpatient Clinic (CBOC),20090418,2009-04-18,wellness,1,1,50.63333333333333,50.63333333333333,0,0,1664.60,577.13,1087.47,1
537663206495302230,MELROSE FAMILY OPTICIANS LLC,20090418,2009-04-18,wellness,1,1,44.53333333333333,44.53333333333333,0,0,1158.48,0.00,1158.48,1
687244083159868427,MELROSEWAKEFIELD HEALTHCARE  INC,20090502,2009-05-02,ambulatory,1,1,285.68333333333334,285.68333333333334,0,0,3536.75,585.00,2951.75,1
50464693234281699,Lynn Community Based Outpatient Clinic (CBOC),20090509,2009-05-09,outpatient,1,1,57.833333333333336,57.833333333333336,0,0,1568.93,1255.13,313.80,1
687244083159868427,MELROSEWAKEFIELD HEALTHCARE  INC,20090509,2009-05-09,ambulatory,1,1,15.0,15.0,0,0,85.55,59.88,25.67,1
29154059241288267,DR JOHN C CORRIGAN MENTAL HEALTH CENTER,20090526,2009-05-26,ambulatory,1,1,15.0,15.0,0,0,1005.38,1005.38,0.00,1
919548777387151765,SOUTH SHORE CENTER FOR WELLNESS LTD,20090606,2009-06-06,wellness,1,1,56.78333333333333,56.78333333333333,0,0,982.70,0.00,982.70,1
29154059241288267,DR JOHN C CORRIGAN MENTAL HEALTH CENTER,20090609,2009-06-09,outpatient,1,1,15.0,15.0,0,0,4575.68,4575.68,0.00,1
537663206495302230,MELROSE FAMILY OPTICIANS LLC,20090620,2009-06-20,wellness,1,1,15.0,15.0,0,0,211.38,147.97,63.41,1
29154059241288267,DR JOHN C CORRIGAN MENTAL HEALTH CENTER,20090722,2009-07-22,ambulatory,1,1,15.0,15.0,0,0,85.55,85.55,0.00,1
50464693234281699,Lynn Community Based Outpatient Clinic (CBOC),20090808,2009-08-08,outpatient,1,1,36.4,36.4,0,0,951.27,761.00,190.27,1
50464693234281699,Lynn Community Based Outpatient Clinic (CBOC),20090822,2009-08-22,ambulatory,1,1,209.73333333333332,209.73333333333332,0,0,3105.35,2484.28,621.07,1
29154059241288267,DR JOHN C CORRIGAN MENTAL HEALTH CENTER,20090915,2009-09-15,outpatient,1,1,15.0,15.0,0,0,1250.85,0.00,1250.85,1
565804414476228962,FRANCISCAN HOSPITAL FOR CHILDREN INC,20091011,2009-10-11,ambulatory,1,1,15.0,15.0,0,0,516.95,466.95,50.00,1
658306035533165929,VMD PRIMARY PROVIDERS MASSACHUSETTS PLLC,20091110,2009-11-10,wellness,1,1,50.13333333333333,50.13333333333333,0,0,998.38,0.00,998.38,1
160559015988030201,HEALTHFIRST FAMILY CARE CENTER INC,20091110,2009-11-10,wellness,1,1,47.25,47.25,0,0,853.36,0.00,853.36,1
160559015988030201,HEALTHFIRST FAMILY CARE CENTER INC,20091117,2009-11-17,wellness,1,1,40.25,40.25,0,0,853.36,0.00,853.36,1
38279960638745704,SOUTHCOAST HOSPITALS GROUP INC,20091124,2009-11-24,ambulatory,1,1,190.08333333333334,190.08333333333334,0,0,3536.75,2565.66,971.09,1
29154059241288267,DR JOHN C CORRIGAN MENTAL HEALTH CENTER,20091124,2009-11-24,ambulatory,1,1,243.08333333333334,243.08333333333334,0,0,3536.75,889.63,2647.12,1
1042966971655576982,RIVERBEND OF SOUTH NATICK,20091204,2009-12-04,snf,1,1,8655.0,8655.0,0,0,6797.62,5251.70,1545.92,1
29154059241288267,DR JOHN C CORRIGAN MENTAL HEALTH CENTER,20091215,2009-12-15,outpatient,1,1,16.683333333333334,16.683333333333334,0,0,1250.85,875.60,375.25,1
441536440845856287,WELLESLEY FAMILY CARE ASSOCIATES  PC,20100226,2010-02-26,wellness,1,1,46.86666666666667,46.86666666666667,0,0,914.78,731.82,182.96,1
29154059241288267,DR JOHN C CORRIGAN MENTAL HEALTH CENTER,20100316,2010-03-16,outpatient,1,1,15.0,15.0,0,0,1250.85,875.60,375.25,1
50464693234281699,Lynn Community Based Outpatient Clinic (CBOC),20100404,2010-04-04,ambulatory,1,1,44.0,44.0,0,0,2730.98,1122.34,1608.64,1
50464693234281699,Lynn Community Based Outpatient Clinic (CBOC),20100424,2010-04-24,wellness,1,1,57.38333333333333,57.38333333333333,0,0,866.52,693.20,173.32,1
29154059241288267,DR JOHN C CORRIGAN MENTAL HEALTH CENTER,20100604,2010-06-04,outpatient,1,1,16.7,16.7,0,0,2231.97,1562.38,669.59,1
29154059241288267,DR JOHN C CORRIGAN MENTAL HEALTH CENTER,20100615,2010-06-15,outpatient,1,1,16.366666666666667,16.366666666666667,0,0,1250.85,875.60,375.25,1
433837020145504394,ZANJABEE INTEGRATIVE MEDICINE AND PRIMARY CARE LLC,20100827,2010-08-27,wellness,1,1,36.78333333333333,36.78333333333333,0,0,778.78,0.00,778.78,1
29154059241288267,DR JOHN C CORRIGAN MENTAL HEALTH CENTER,20100914,2010-09-14,outpatient,1,1,15.0,15.0,0,0,1250.85,0.00,1250.85,1
1053862909723414558,COMPASSIONATE HEALTH CARE GROUP LLC,20101011,2010-10-11,wellness,1,1,44.233333333333334,44.233333333333334,0,0,704.20,604.20,100.00,1
29154059241288267,DR JOHN C CORRIGAN MENTAL HEALTH CENTER,20101020,2010-10-20,ambulatory,1,1,15.0,15.0,0,0,85.55,0.00,85.55,1
29154059241288267,DR JOHN C CORRIGAN MENTAL HEALTH CENTER,20101024,2010-10-24,ambulatory,1,1,25.466666666666665,25.466666666666665,0,0,5962.71,1959.38,4003.33,1
29154059241288267,DR JOHN C CORRIGAN MENTAL HEALTH CENTER,20101029,2010-10-29,ambulatory,1,1,15.0,15.0,0,0,85.55,59.88,25.67,1
50464693234281699,Lynn Community Based Outpatient Clinic (CBOC),20101030,2010-10-30,outpatient,1,1,47.833333333333336,47.833333333333336,0,0,951.27,761.00,190.27,1
29154059241288267,DR JOHN C CORRIGAN MENTAL HEALTH CENTER,20101105,2010-11-05,inpatient,1,1,23569.5,23569.5,1,0,16353.99,11447.80,4906.19,1
44500129533123678,SOUTHCOAST HOSPITALS GROUP INC,20101109,2010-11-09,outpatient,1,1,65.81666666666666,65.81666666666666,0,0,573.98,0.00,573.98,1
520806008221098162,FIRST PSYCHIATRIC PLANNERS  INC,20101209,2010-12-09,ambulatory,1,1,15.0,15.0,0,0,85.55,35.55,50.00,1
29154059241288267,DR JOHN C CORRIGAN MENTAL HEALTH CENTER,20101214,2010-12-14,outpatient,1,1,15.0,15.0,0,0,2761.16,2761.16,0.00,1
520806008221098162,FIRST PSYCHIATRIC PLANNERS  INC,20101221,2010-12-21,ambulatory,1,1,29.783333333333335,29.783333333333335,0,0,516.95,466.95,50.00,1
29154059241288267,DR JOHN C CORRIGAN MENTAL HEALTH CENTER,20101228,2010-12-28,ambulatory,1,1,15.0,15.0,0,0,14313.51,14313.51,0.00,1
38279960638745704,SOUTHCOAST HOSPITALS GROUP INC,20101228,2010-12-28,ambulatory,1,1,15.0,15.0,0,0,15755.28,11897.01,3858.27,1
38279960638745704,SOUTHCOAST HOSPITALS GROUP INC,20110112,2011-01-12,ambulatory,1,1,15.0,15.0,0,0,1005.38,804.30,201.08,1
520806008221098162,FIRST PSYCHIATRIC PLANNERS  INC,20110119,2011-01-19,ambulatory,1,1,15.0,15.0,0,0,1005.38,955.38,50.00,1
29154059241288267,DR JOHN C CORRIGAN MENTAL HEALTH CENTER,20110129,2011-01-29,ambulatory,1,1,15.0,15.0,0,0,10120.49,10120.49,0.00,1
814284400183858824,PRIMARY CARE NORTH PC,20110203,2011-02-03,wellness,1,1,37.15,37.15,0,0,1075.86,0.00,1075.86,1
50464693234281699,Lynn Community Based Outpatient Clinic (CBOC),20110228,2011-02-28,ambulatory,1,1,44.0,44.0,0,0,2730.98,1122.34,1608.64,1
29154059241288267,DR JOHN C CORRIGAN MENTAL HEALTH CENTER,20110301,2011-03-01,ambulatory,1,1,15.0,15.0,0,0,5355.80,5355.80,0.00,1
441536440845856287,WELLESLEY FAMILY CARE ASSOCIATES  PC,20110304,2011-03-04,wellness,1,1,45.46666666666667,45.46666666666667,0,0,1055.90,658.32,397.58,1
264175530648959689,SIGNATURE HEALTHCARE MEDICAL GROUP INC,20110313,2011-03-13,wellness,1,1,53.35,53.35,0,0,1087.01,987.01,100.00,1
29154059241288267,DR JOHN C CORRIGAN MENTAL HEALTH CENTER,20110315,2011-03-15,outpatient,1,1,15.0,15.0,0,0,1250.85,1250.85,0.00,1
389966452681632557,BETH ISRAEL DEACONESS HOSPITAL-NEEDHAM  INC.,20110318,2011-03-18,ambulatory,1,1,249.35,249.35,0,0,3968.15,3174.52,793.63,1
389966452681632557,BETH ISRAEL DEACONESS HOSPITAL-NEEDHAM  INC.,20110323,2011-03-23,ambulatory,1,1,15.0,15.0,0,0,85.55,68.44,17.11,1
29154059241288267,DR JOHN C CORRIGAN MENTAL HEALTH CENTER,20110404,2011-04-04,ambulatory,1,1,15.0,15.0,0,0,9113.55,9113.55,0.00,1
741150468608293787,CLASSIC HEALTHCARE MEDICAL GROUP LLC,20110411,2011-04-11,wellness,1,1,38.36666666666667,38.36666666666667,0,0,1567.00,1467.00,100.00,1
1100386330438199965,WALTHAM WESTON INTERNAL MEDICINE ASSOCIATES  P.C.,20110415,2011-04-15,wellness,1,1,39.88333333333333,39.88333333333333,0,0,1644.50,1315.58,328.92,1
363458983347729064,Fitchburg Outpatient Clinic,20110423,2011-04-23,ambulatory,1,1,344.8,344.8,0,0,1444.46,1155.57,288.89,1
363458983347729064,Fitchburg Outpatient Clinic,20110425,2011-04-25,inpatient,1,1,1440.0,1440.0,1,0,9081.40,7265.09,1816.31,1
50464693234281699,Lynn Community Based Outpatient Clinic (CBOC),20110430,2011-04-30,wellness,1,1,55.3,55.3,0,0,2104.53,1683.61,420.92,1
29154059241288267,DR JOHN C CORRIGAN MENTAL HEALTH CENTER,20110508,2011-05-08,ambulatory,1,1,15.0,15.0,0,0,5355.80,5355.80,0.00,1
29154059241288267,DR JOHN C CORRIGAN MENTAL HEALTH CENTER,20110530,2011-05-30,outpatient,1,1,15.0,15.0,0,0,142.58,142.58,0.00,1
29154059241288267,DR JOHN C CORRIGAN MENTAL HEALTH CENTER,20110610,2011-06-10,ambulatory,1,1,15.0,15.0,0,0,20719.09,20719.09,0.00,1
29154059241288267,DR JOHN C CORRIGAN MENTAL HEALTH CENTER,20110614,2011-06-14,outpatient,1,1,19.366666666666667,19.366666666666667,0,0,1692.02,1692.02,0.00,1
50464693234281699,Lynn Community Based Outpatient Clinic (CBOC),20110702,2011-07-02,outpatient,1,1,39.43333333333333,39.43333333333333,0,0,815.27,652.20,163.07,1
44500129533123678,SOUTHCOAST HOSPITALS GROUP INC,20110708,2011-07-08,outpatient,1,1,15.0,15.0,0,0,142.58,114.06,28.52,1
389966452681632557,BETH ISRAEL DEACONESS HOSPITAL-NEEDHAM  INC.,20110808,2011-08-08,ambulatory,1,1,15.0,15.0,0,0,234.71,187.76,46.95,1
363458983347729064,Fitchburg Outpatient Clinic,20110824,2011-08-24,ambulatory,1,1,85.05,85.05,0,0,2423.39,1938.68,484.71,1
50464693234281699,Lynn Community Based Outpatient Clinic (CBOC),20110827,2011-08-27,outpatient,1,1,52.166666666666664,52.166666666666664,0,0,951.27,761.00,190.27,1
703727186913582450,ASSOCIATED INTERNISTS OF RANDOLPH  INC.,20110828,2011-08-28,wellness,1,1,48.7,48.7,0,0,1050.78,802.24,248.54,1
363458983347729064,Fitchburg Outpatient Clinic,20110909,2011-09-09,ambulatory,1,1,30.0,30.0,0,0,2499.70,1999.75,499.95,1
29154059241288267,DR JOHN C CORRIGAN MENTAL HEALTH CENTER,20110913,2011-09-13,outpatient,1,1,18.633333333333333,18.633333333333333,0,0,1428.63,956.50,472.13,1
744977654436978746,THE LOWELL GENERAL HOSPITAL,20111014,2011-10-14,inpatient,1,1,1440.0,1440.0,1,0,3817.64,0.00,3817.64,1
50464693234281699,Lynn Community Based Outpatient Clinic (CBOC),20111126,2011-11-26,outpatient,1,1,35.3,35.3,0,0,1128.56,902.83,225.73,1
50464693234281699,Lynn Community Based Outpatient Clinic (CBOC),20111210,2011-12-10,ambulatory,1,1,220.5,220.5,0,0,3105.35,2484.28,621.07,1
29154059241288267,DR JOHN C CORRIGAN MENTAL HEALTH CENTER,20111213,2011-12-13,outpatient,1,1,17.033333333333335,17.033333333333335,0,0,1722.37,1377.89,344.48,1
50464693234281699,Lynn Community Based Outpatient Clinic (CBOC),20120104,2012-01-04,ambulatory,1,1,39.25,39.25,0,0,5561.77,4449.42,1112.35,1
50464693234281699,Lynn Community Based Outpatient Clinic (CBOC),20120107,2012-01-07,snf,1,1,25935.0,25935.0,0,0,13771.16,10830.53,2940.63,1
50464693234281699,Lynn Community Based Outpatient Clinic (CBOC),20120225,2012-02-25,outpatient,1,1,43.016666666666666,43.016666666666666,0,0,951.27,761.00,190.27,1
202198446605600451,STANLEY STREET TREATMENT AND RESOURCES  INC,20120303,2012-03-03,wellness,1,1,52.71666666666667,52.71666666666667,0,0,704.20,0.00,704.20,1
50464693234281699,Lynn Community Based Outpatient Clinic (CBOC),20120303,2012-03-03,ambulatory,1,1,44.0,44.0,0,0,2730.98,2184.78,546.20,1
441536440845856287,WELLESLEY FAMILY CARE ASSOCIATES  PC,20120309,2012-03-09,wellness,1,1,39.18333333333333,39.18333333333333,0,0,1641.58,1127.84,513.74,1
29154059241288267,DR JOHN C CORRIGAN MENTAL HEALTH CENTER,20120313,2012-03-13,outpatient,1,1,17.266666666666666,17.266666666666666,0,0,1250.85,1000.68,250.17,1
363458983347729064,Fitchburg Outpatient Clinic,20120316,2012-03-16,inpatient,1,1,4372.616666666667,4372.616666666667,1,0,7183.10,5746.40,1436.70,1
363458983347729064,Fitchburg Outpatient Clinic,20120316,2012-03-16,emergency,1,1,60.0,60.0,0,1,10125.28,8100.20,2025.08,1
363458983347729064,Fitchburg Outpatient Clinic,20120320,2012-03-20,ambulatory,1,1,15.0,15.0,0,0,142.58,114.06,28.52,1
363458983347729064,Fitchburg Outpatient Clinic,20120321,2012-03-21,ambulatory,1,1,15.0,15.0,0,0,142.58,114.06,28.52,1
363458983347729064,Fitchburg Outpatient Clinic,20120322,2012-03-22,ambulatory,1,1,15.0,15.0,0,0,142.58,114.06,28.52,1
363458983347729064,Fitchburg Outpatient Clinic,20120326,2012-03-26,ambulatory,1,1,15.0,15.0,0,0,142.58,114.06,28.52,1
363458983347729064,Fitchburg Outpatient Clinic,20120327,2012-03-27,ambulatory,1,1,15.0,15.0,0,0,142.58,114.06,28.52,1
363458983347729064,Fitchburg Outpatient Clinic,20120328,2012-03-28,ambulatory,1,1,15.0,15.0,0,0,142.58,114.06,28.52,1
363458983347729064,Fitchburg Outpatient Clinic,20120330,2012-03-30,ambulatory,1,1,15.0,15.0,0,0,142.58,114.06,28.52,1
363458983347729064,Fitchburg Outpatient Clinic,20120331,2012-03-31,ambulatory,1,1,15.0,15.0,0,0,142.58,114.06,28.52,1
363458983347729064,Fitchburg Outpatient Clinic,20120401,2012-04-01,ambulatory,1,1,15.0,15.0,0,0,142.58,114.06,28.52,1
363458983347729064,Fitchburg Outpatient Clinic,20120404,2012-04-04,ambulatory,1,1,15.0,15.0,0,0,142.58,114.06,28.52,1
363458983347729064,Fitchburg Outpatient Clinic,20120405,2012-04-05,ambulatory,1,1,15.0,15.0,0,0,142.58,114.06,28.52,1
363458983347729064,Fitchburg Outpatient Clinic,20120406,2012-04-06,ambulatory,1,1,15.0,15.0,0,0,142.58,114.06,28.52,1
363458983347729064,Fitchburg Outpatient Clinic,20120407,2012-04-07,ambulatory,1,1,15.0,15.0,0,0,142.58,114.06,28.52,1
476697113556229311,BETH ISRAEL DEACONESS HOSPITAL MILTON INC,20120408,2012-04-08,outpatient,1,1,34.03333333333333,34.03333333333333,0,0,1272.18,127.69,1144.49,1
363458983347729064,Fitchburg Outpatient Clinic,20120408,2012-04-08,ambulatory,1,1,15.0,15.0,0,0,142.58,114.06,28.52,1
363458983347729064,Fitchburg Outpatient Clinic,20120411,2012-04-11,ambulatory,1,1,15.0,15.0,0,0,142.58,114.06,28.52,1
363458983347729064,Fitchburg Outpatient Clinic,20120413,2012-04-13,ambulatory,1,1,15.0,15.0,0,0,142.58,114.06,28.52,1
363458983347729064,Fitchburg Outpatient Clinic,20120414,2012-04-14,ambulatory,1,1,15.0,15.0,0,0,142.58,114.06,28.52,1
363458983347729064,Fitchburg Outpatient Clinic,20120415,2012-04-15,ambulatory,1,1,15.0,15.0,0,0,142.58,114.06,28.52,1
363458983347729064,Fitchburg Outpatient Clinic,20120416,2012-04-16,ambulatory,1,1,15.0,15.0,0,0,142.58,114.06,28.52,1
363458983347729064,Fitchburg Outpatient Clinic,20120417,2012-04-17,ambulatory,1,1,15.0,15.0,0,0,142.58,114.06,28.52,1
363458983347729064,Fitchburg Outpatient Clinic,20120418,2012-04-18,ambulatory,1,1,15.0,15.0,0,0,142.58,114.06,28.52,1
363458983347729064,Fitchburg Outpatient Clinic,20120419,2012-04-19,ambulatory,1,1,15.0,15.0,0,0,142.58,114.06,28.52,1
363458983347729064,Fitchburg Outpatient Clinic,20120420,2012-04-20,ambulatory,1,1,15.0,15.0,0,0,142.58,114.06,28.52,1
50464693234281699,Lynn Community Based Outpatient Clinic (CBOC),20120421,2012-04-21,outpatient,1,1,38.8,38.8,0,0,1038.36,830.67,207.69,1
363458983347729064,Fitchburg Outpatient Clinic,20120421,2012-04-21,ambulatory,1,1,15.0,15.0,0,0,142.58,114.06,28.52,1
363458983347729064,Fitchburg Outpatient Clinic,20120423,2012-04-23,ambulatory,1,1,15.0,15.0,0,0,142.58,114.06,28.52,1
363458983347729064,Fitchburg Outpatient Clinic,20120425,2012-04-25,ambulatory,1,1,15.0,15.0,0,0,142.58,114.06,28.52,1
363458983347729064,Fitchburg Outpatient Clinic,20120426,2012-04-26,ambulatory,1,1,15.0,15.0,0,0,142.58,114.06,28.52,1
363458983347729064,Fitchburg Outpatient Clinic,20120427,2012-04-27,ambulatory,1,1,15.0,15.0,0,0,142.58,114.06,28.52,1
363458983347729064,Fitchburg Outpatient Clinic,20120428,2012-04-28,ambulatory,1,1,15.0,15.0,0,0,142.58,114.06,28.52,1
363458983347729064,Fitchburg Outpatient Clinic,20120429,2012-04-29,ambulatory,1,1,15.0,15.0,0,0,142.58,114.06,28.52,1
363458983347729064,Fitchburg Outpatient Clinic,20120502,2012-05-02,ambulatory,1,1,15.0,15.0,0,0,142.58,114.06,28.52,1
363458983347729064,Fitchburg Outpatient Clinic,20120505,2012-05-05,ambulatory,1,1,15.0,15.0,0,0,142.58,114.06,28.52,1
50464693234281699,Lynn Community Based Outpatient Clinic (CBOC),20120505,2012-05-05,wellness,1,1,58.166666666666664,58.166666666666664,0,0,866.52,693.20,173.32,1
363458983347729064,Fitchburg Outpatient Clinic,20120506,2012-05-06,ambulatory,1,1,15.0,15.0,0,0,142.58,114.06,28.52,1
363458983347729064,Fitchburg Outpatient Clinic,20120507,2012-05-07,ambulatory,1,1,15.0,15.0,0,0,142.58,114.06,28.52,1
363458983347729064,Fitchburg Outpatient Clinic,20120508,2012-05-08,ambulatory,1,1,15.0,15.0,0,0,142.58,114.06,28.52,1
363458983347729064,Fitchburg Outpatient Clinic,20120510,2012-05-10,ambulatory,1,1,15.0,15.0,0,0,142.58,114.06,28.52,1
363458983347729064,Fitchburg Outpatient Clinic,20120511,2012-05-11,ambulatory,1,1,15.0,15.0,0,0,142.58,114.06,28.52,1
363458983347729064,Fitchburg Outpatient Clinic,20120513,2012-05-13,ambulatory,1,1,15.0,15.0,0,0,142.58,114.06,28.52,1
565804414476228962,FRANCISCAN HOSPITAL FOR CHILDREN INC,20120516,2012-05-16,ambulatory,1,1,15.0,15.0,0,0,85.55,35.55,50.00,1
363458983347729064,Fitchburg Outpatient Clinic,20120516,2012-05-16,ambulatory,1,1,15.0,15.0,0,0,142.58,114.06,28.52,1
363458983347729064,Fitchburg Outpatient Clinic,20120517,2012-05-17,ambulatory,1,1,15.0,15.0,0,0,142.58,114.06,28.52,1
50464693234281699,Lynn Community Based Outpatient Clinic (CBOC),20120519,2012-05-19,ambulatory,1,1,172.55,172.55,0,0,3105.35,2484.28,621.07,1
363458983347729064,Fitchburg Outpatient Clinic,20120519,2012-05-19,ambulatory,1,1,15.0,15.0,0,0,142.58,114.06,28.52,1
363458983347729064,Fitchburg Outpatient Clinic,20120520,2012-05-20,ambulatory,1,1,15.0,15.0,0,0,142.58,114.06,28.52,1
363458983347729064,Fitchburg Outpatient Clinic,20120521,2012-05-21,ambulatory,1,1,15.0,15.0,0,0,142.58,114.06,28.52,1
29154059241288267,DR JOHN C CORRIGAN MENTAL HEALTH CENTER,20120524,2012-05-24,outpatient,1,1,29.983333333333334,29.983333333333334,0,0,6225.40,4980.32,1245.08,1
363458983347729064,Fitchburg Outpatient Clinic,20120524,2012-05-24,ambulatory,1,1,15.0,15.0,0,0,142.58,114.06,28.52,1
565804414476228962,FRANCISCAN HOSPITAL FOR CHILDREN INC,20120525,2012-05-25,ambulatory,1,1,25.25,25.25,0,0,516.95,466.95,50.00,1
363458983347729064,Fitchburg Outpatient Clinic,20120525,2012-05-25,ambulatory,1,1,15.0,15.0,0,0,142.58,114.06,28.52,1
363458983347729064,Fitchburg Outpatient Clinic,20120526,2012-05-26,ambulatory,1,1,15.0,15.0,0,0,142.58,114.06,28.52,1
363458983347729064,Fitchburg Outpatient Clinic,20120527,2012-05-27,ambulatory,1,1,15.0,15.0,0,0,142.58,114.06,28.52,1
363458983347729064,Fitchburg Outpatient Clinic,20120529,2012-05-29,ambulatory,1,1,30.0,30.0,0,0,2176.01,1740.80,435.21,1
723111811226363721,CHESTNUT WOODS REHABILITATION AND HEALTHCARE CTR,20120602,2012-06-02,emergency,1,1,60.0,60.0,0,1,875.90,700.70,175.20,1
469245621271018320,LYNN URGENT CARE LLC,20120609,2012-06-09,urgentcare,1,1,15.0,15.0,0,0,291.74,233.38,58.36,1
29154059241288267,DR JOHN C CORRIGAN MENTAL HEALTH CENTER,20120612,2012-06-12,outpatient,1,1,15.616666666666667,15.616666666666667,0,0,2666.50,2133.20,533.30,1
469245621271018320,LYNN URGENT CARE LLC,20120616,2012-06-16,urgentcare,1,1,35.35,35.35,0,0,1584.83,1267.84,316.99,1
469245621271018320,LYNN URGENT CARE LLC,20120623,2012-06-23,urgentcare,1,1,15.0,15.0,0,0,291.74,233.38,58.36,1
469245621271018320,LYNN URGENT CARE LLC,20120630,2012-06-30,urgentcare,1,1,48.31666666666667,48.31666666666667,0,0,1088.00,870.38,217.62,1
44500129533123678,SOUTHCOAST HOSPITALS GROUP INC,20120702,2012-07-02,outpatient,1,1,15.0,15.0,0,0,142.58,0.00,142.58,1
469245621271018320,LYNN URGENT CARE LLC,20120707,2012-07-07,urgentcare,1,1,15.0,15.0,0,0,643.44,514.74,128.70,1
50464693234281699,Lynn Community Based Outpatient Clinic (CBOC),20120714,2012-07-14,ambulatory,1,1,15.0,15.0,0,0,85.55,68.44,17.11,1
587757060655614946,CLARITY HEALTH & WELLNESS LLC,20120716,2012-07-16,wellness,1,1,50.46666666666667,50.46666666666667,0,0,1183.72,1083.72,100.00,1
723111811226363721,CHESTNUT WOODS REHABILITATION AND HEALTHCARE CTR,20120721,2012-07-21,emergency,1,1,60.0,60.0,0,1,1091.60,873.26,218.34,1
1108258114602746895,CAMBRIDGE REHABILITATION & NURSING CENTER,20120722,2012-07-22,emergency,1,1,60.0,60.0,0,1,87.71,37.71,50.00,1
469245621271018320,LYNN URGENT CARE LLC,20120728,2012-07-28,urgentcare,1,1,15.0,15.0,0,0,291.74,233.38,58.36,1
50464693234281699,Lynn Community Based Outpatient Clinic (CBOC),20120804,2012-08-04,outpatient,1,1,42.583333333333336,42.583333333333336,0,0,815.27,652.20,163.07,1
132019786462314408,DAVIS SQUARE FAMILY PRACTICE,20120809,2012-08-09,wellness,1,1,30.366666666666667,30.366666666666667,0,0,853.36,753.36,100.00,1
50464693234281699,Lynn Community Based Outpatient Clinic (CBOC),20120818,2012-08-18,ambulatory,1,1,165.43333333333334,165.43333333333334,0,0,3105.35,2484.28,621.07,1
29154059241288267,DR JOHN C CORRIGAN MENTAL HEALTH CENTER,20120911,2012-09-11,outpatient,1,1,18.933333333333334,18.933333333333334,0,0,3797.25,2851.40,945.85,1
790885867393293671,DUTTON FAMILY CARE ASSOCIATES LLP,20121011,2012-10-11,wellness,1,1,43.43333333333333,43.43333333333333,0,0,919.90,0.00,919.90,1
389966452681632557,BETH ISRAEL DEACONESS HOSPITAL-NEEDHAM  INC.,20121011,2012-10-11,ambulatory,1,1,20.383333333333333,20.383333333333333,0,0,7751.57,6201.26,1550.31,1
1053862909723414558,COMPASSIONATE HEALTH CARE GROUP LLC,20121022,2012-10-22,wellness,1,1,54.85,54.85,0,0,849.22,749.22,100.00,1
363458983347729064,Fitchburg Outpatient Clinic,20121024,2012-10-24,ambulatory,1,1,301.1666666666667,301.1666666666667,0,0,1444.46,0.00,1444.46,1
815218868737845247,Causeway OPC,20121108,2012-11-08,wellness,1,1,32.583333333333336,32.583333333333336,0,0,795.14,518.15,276.99,1
658306035533165929,VMD PRIMARY PROVIDERS MASSACHUSETTS PLLC,20121113,2012-11-13,wellness,1,1,59.166666666666664,59.166666666666664,0,0,853.36,0.00,853.36,1
160559015988030201,HEALTHFIRST FAMILY CARE CENTER INC,20121113,2012-11-13,wellness,1,1,48.63333333333333,48.63333333333333,0,0,778.78,623.02,155.76,1
363458983347729064,Fitchburg Outpatient Clinic,20121117,2012-11-17,ambulatory,1,1,305.18333333333334,305.18333333333334,0,0,1444.46,1155.57,288.89,1
363458983347729064,Fitchburg Outpatient Clinic,20121125,2012-11-25,ambulatory,1,1,30.0,30.0,0,0,1181.95,945.56,236.39,1
29154059241288267,DR JOHN C CORRIGAN MENTAL HEALTH CENTER,20121211,2012-12-11,outpatient,1,1,18.766666666666666,18.766666666666666,0,0,3167.75,2534.20,633.55,1
58830663438005741,SUNRISE HEALTHCARE LLC,20130102,2013-01-02,wellness,1,1,30.9,30.9,0,0,704.20,0.00,704.20,1
1108258114602746895,CAMBRIDGE REHABILITATION & NURSING CENTER,20130105,2013-01-05,emergency,1,1,60.0,60.0,0,1,12010.67,11960.67,50.00,1
969560228442772145,FAMILY PRACTICE GROUP PC,20130123,2013-01-23,wellness,1,1,50.68333333333333,50.68333333333333,0,0,1247.93,1147.93,100.00,1
29154059241288267,DR JOHN C CORRIGAN MENTAL HEALTH CENTER,20130125,2013-01-25,ambulatory,1,1,15.0,15.0,0,0,775.79,620.63,155.16,1
50464693234281699,Lynn Community Based Outpatient Clinic (CBOC),20130127,2013-01-27,ambulatory,1,1,44.0,44.0,0,0,2730.98,2102.34,628.64,1
540724220146399220,FALL RIVER JEWISH HOME  INC,20130205,2013-02-05,emergency,1,1,60.0,60.0,0,1,713.58,570.86,142.72,1
654094879719975440,BARRINGTON URGENT CARE PC,20130212,2013-02-12,urgentcare,1,1,15.0,15.0,0,0,784.17,627.33,156.84,1
29154059241288267,DR JOHN C CORRIGAN MENTAL HEALTH CENTER,20130219,2013-02-19,ambulatory,1,1,225.06666666666666,225.06666666666666,0,0,2673.95,2139.16,534.79,1
164982158369714689,A&A HEALTHCARE LLC,20130220,2013-02-20,wellness,1,1,37.43333333333333,37.43333333333333,0,0,860.16,860.16,0.00,1
29154059241288267,DR JOHN C CORRIGAN MENTAL HEALTH CENTER,20130312,2013-03-12,outpatient,1,1,15.0,15.0,0,0,4575.68,3660.54,915.14,1
441536440845856287,WELLESLEY FAMILY CARE ASSOCIATES  PC,20130315,2013-03-15,wellness,1,1,58.03333333333333,58.03333333333333,0,0,778.78,437.60,341.18,1
264175530648959689,SIGNATURE HEALTHCARE MEDICAL GROUP INC,20130324,2013-03-24,wellness,1,1,56.416666666666664,56.416666666666664,0,0,704.20,604.20,100.00,1
389966452681632557,BETH ISRAEL DEACONESS HOSPITAL-NEEDHAM  INC.,20130329,2013-03-29,ambulatory,1,1,188.51666666666668,188.51666666666668,0,0,3105.35,2484.28,621.07,1
651473276246308486,GREATER LAWRENCE FAMILY HEALTH CENTER INC,20130421,2013-04-21,wellness,1,1,45.13333333333333,45.13333333333333,0,0,919.90,0.00,919.90,1
1100386330438199965,WALTHAM WESTON INTERNAL MEDICINE ASSOCIATES  P.C.,20130426,2013-04-26,wellness,1,1,53.31666666666667,53.31666666666667,0,0,1433.92,1147.12,286.80,1
50464693234281699,Lynn Community Based Outpatient Clinic (CBOC),20130511,2013-05-11,wellness,1,1,34.8,34.8,0,0,1601.81,1281.43,320.38,1
29154059241288267,DR JOHN C CORRIGAN MENTAL HEALTH CENTER,20130519,2013-05-19,outpatient,1,1,15.0,15.0,0,0,142.58,114.06,28.52,1
363458983347729064,Fitchburg Outpatient Clinic,20130524,2013-05-24,emergency,1,1,60.0,60.0,0,1,4681.19,3744.93,936.26,1
363458983347729064,Fitchburg Outpatient Clinic,20130524,2013-05-24,inpatient,1,1,2886.65,2886.65,1,0,3920.92,3136.68,784.24,1
441536440845856287,WELLESLEY FAMILY CARE ASSOCIATES  PC,20130607,2013-06-07,wellness,1,1,15.0,15.0,0,0,211.38,169.10,42.28,1
29154059241288267,DR JOHN C CORRIGAN MENTAL HEALTH CENTER,20130611,2013-06-11,outpatient,1,1,15.0,15.0,0,0,1250.85,1000.68,250.17,1
919548777387151765,SOUTH SHORE CENTER FOR WELLNESS LTD,20130615,2013-06-15,wellness,1,1,42.15,42.15,0,0,704.20,0.00,704.20,1
1037822919216517364,ANNA JAQUES HOSPITAL SUBACUTE UNIT,20130628,2013-06-28,outpatient,1,1,30.766666666666666,30.766666666666666,0,0,1240.31,992.24,248.07,1
1108258114602746895,CAMBRIDGE REHABILITATION & NURSING CENTER,20130804,2013-08-04,emergency,1,1,60.0,60.0,0,1,146.18,96.18,50.00,1
102665420104747686,MASS GENERAL BRIGHAM URGENT CARE LLC,20130826,2013-08-26,urgentcare,1,1,28.766666666666666,28.766666666666666,0,0,952.92,902.92,50.00,1
433837020145504394,ZANJABEE INTEGRATIVE MEDICINE AND PRIMARY CARE LLC,20130830,2013-08-30,wellness,1,1,34.38333333333333,34.38333333333333,0,0,1291.31,0.00,1291.31,1
29154059241288267,DR JOHN C CORRIGAN MENTAL HEALTH CENTER,20130910,2013-09-10,outpatient,1,1,18.833333333333332,18.833333333333332,0,0,2966.91,2187.13,779.78,1
50464693234281699,Lynn Community Based Outpatient Clinic (CBOC),20130914,2013-09-14,outpatient,1,1,50.88333333333333,50.88333333333333,0,0,1814.07,1451.24,362.83,1
38279960638745704,SOUTHCOAST HOSPITALS GROUP INC,20130917,2013-09-17,ambulatory,1,1,15.0,15.0,0,0,7236.33,4622.67,2613.66,1
50464693234281699,Lynn Community Based Outpatient Clinic (CBOC),20130928,2013-09-28,ambulatory,1,1,213.11666666666667,213.11666666666667,0,0,3105.35,2484.28,621.07,1
38279960638745704,SOUTHCOAST HOSPITALS GROUP INC,20130929,2013-09-29,ambulatory,1,1,15.0,15.0,0,0,5786.73,4629.38,1157.35,1
249985492892219599,WHITLEY WELLNESS LLC,20130930,2013-09-30,wellness,1,1,15.0,15.0,0,0,816.80,0.00,816.80,1
38279960638745704,SOUTHCOAST HOSPITALS GROUP INC,20131019,2013-10-19,ambulatory,1,1,15.0,15.0,0,0,1527.29,1221.83,305.46,1
1053862909723414558,COMPASSIONATE HEALTH CARE GROUP LLC,20131028,2013-10-28,wellness,1,1,55.2,55.2,0,0,785.58,685.58,100.00,1
909182873596142954,SOUTHCOAST HOSPITAL GROUP  INC,20131104,2013-11-04,ambulatory,1,1,77.88333333333334,77.88333333333334,0,0,1184.50,1134.50,50.00,1
50464693234281699,Lynn Community Based Outpatient Clinic (CBOC),20131116,2013-11-16,outpatient,1,1,36.2,36.2,0,0,1136.06,908.83,227.23,1
363458983347729064,Fitchburg Outpatient Clinic,20131117,2013-11-17,ambulatory,1,1,299.75,299.75,0,0,1875.86,1825.86,50.00,1
50464693234281699,Lynn Community Based Outpatient Clinic (CBOC),20131130,2013-11-30,ambulatory,1,1,187.73333333333332,187.73333333333332,0,0,3536.75,2829.40,707.35,1
29154059241288267,DR JOHN C CORRIGAN MENTAL HEALTH CENTER,20131210,2013-12-10,outpatient,1,1,15.0,15.0,0,0,1250.85,1000.68,250.17,1
137002283324145083,STURDY MEMORIAL HOSPITAL INC,20131211,2013-12-11,ambulatory,1,1,15.0,15.0,0,0,1005.38,1005.38,0.00,1
50464693234281699,Lynn Community Based Outpatient Clinic (CBOC),20140122,2014-01-22,ambulatory,1,1,44.0,44.0,0,0,2730.98,2102.34,628.64,1
41581407780620585,WHITTIER REHABILITATION HOSPITAL - BRADFORD,20140131,2014-01-31,outpatient,1,1,15.0,15.0,0,0,85.55,85.55,0.00,1
815218868737845247,Causeway OPC,20140201,2014-02-01,outpatient,1,1,15.0,15.0,0,0,85.55,68.44,17.11,1
93679773638781409,TUFTS MEDICAL CENTER,20140201,2014-02-01,outpatient,1,1,15.0,15.0,0,0,85.55,0.00,85.55,1
410915144747947572,COOLEY DICKINSON HOSPITAL INC,20140202,2014-02-02,outpatient,1,1,15.0,15.0,0,0,85.55,0.00,85.55,1
389966452681632557,BETH ISRAEL DEACONESS HOSPITAL-NEEDHAM  INC.,20140202,2014-02-02,outpatient,1,1,15.0,15.0,0,0,85.55,68.44,17.11,1
801031929336468325,BROCKTON HOSPITAL  INC.,20140204,2014-02-04,outpatient,1,1,15.0,15.0,0,0,85.55,15.49,70.06,1
476697113556229311,BETH ISRAEL DEACONESS HOSPITAL MILTON INC,20140204,2014-02-04,outpatient,1,1,15.0,15.0,0,0,85.55,85.55,0.00,1
392549857133219292,CAPE COD HOSPITAL INC,20140206,2014-02-06,outpatient,1,1,15.0,15.0,0,0,85.55,68.44,17.11,1
29154059241288267,DR JOHN C CORRIGAN MENTAL HEALTH CENTER,20140206,2014-02-06,outpatient,1,1,15.0,15.0,0,0,85.55,68.44,17.11,1
160559015988030201,HEALTHFIRST FAMILY CARE CENTER INC,20140218,2014-02-18,wellness,1,1,30.1,30.1,0,0,704.20,563.36,140.84,1
38279960638745704,SOUTHCOAST HOSPITALS GROUP INC,20140223,2014-02-23,ambulatory,1,1,15.0,15.0,0,0,85.55,68.44,17.11,1
1031243542611916810,ENCOMPASS HEALTH REHABILITATION HOSP OF NEW ENGLAN,20140305,2014-03-05,ambulatory,1,1,15.0,15.0,0,0,85.55,35.55,50.00,1
29154059241288267,DR JOHN C CORRIGAN MENTAL HEALTH CENTER,20140311,2014-03-11,outpatient,1,1,15.0,15.0,0,0,4575.68,3660.54,915.14,1
815218868737845247,Causeway OPC,20140315,2014-03-15,ambulatory,1,1,15.0,15.0,0,0,85.55,68.44,17.11,1
50464693234281699,Lynn Community Based Outpatient Clinic (CBOC),20140315,2014-03-15,outpatient,1,1,38.75,38.75,0,0,815.27,652.20,163.07,1
1031243542611916810,ENCOMPASS HEALTH REHABILITATION HOSP OF NEW ENGLAN,20140323,2014-03-23,ambulatory,2,1,36.55833333333334,36.55833333333334,0,0,1090.93,990.93,100.00,1
264175530648959689,SIGNATURE HEALTHCARE MEDICAL GROUP INC,20140330,2014-03-30,wellness,1,1,36.166666666666664,36.166666666666664,0,0,1567.00,1567.00,0.00,1
93679773638781409,TUFTS MEDICAL CENTER,20140402,2014-04-02,ambulatory,1,1,15.0,15.0,0,0,85.55,59.88,25.67,1
29154059241288267,DR JOHN C CORRIGAN MENTAL HEALTH CENTER,20140403,2014-04-03,ambulatory,1,1,15.0,15.0,0,0,85.55,68.44,17.11,1
392549857133219292,CAPE COD HOSPITAL INC,20140404,2014-04-04,ambulatory,1,1,15.0,15.0,0,0,85.55,68.44,17.11,1
469245621271018320,LYNN URGENT CARE LLC,20140405,2014-04-05,urgentcare,1,1,55.75,55.75,0,0,872.30,697.82,174.48,1
801031929336468325,BROCKTON HOSPITAL  INC.,20140406,2014-04-06,ambulatory,1,1,15.0,15.0,0,0,85.55,35.55,50.00,1
814284400183858824,PRIMARY CARE NORTH PC,20140412,2014-04-12,wellness,1,1,49.6,49.6,0,0,1210.18,781.74,428.44,1
723111811226363721,CHESTNUT WOODS REHABILITATION AND HEALTHCARE CTR,20140412,2014-04-12,emergency,1,1,60.0,60.0,0,1,295.34,236.26,59.08,1
38279960638745704,SOUTHCOAST HOSPITALS GROUP INC,20140415,2014-04-15,ambulatory,1,1,15.0,15.0,0,0,7049.32,5639.45,1409.87,1
469245621271018320,LYNN URGENT CARE LLC,20140419,2014-04-19,urgentcare,1,1,44.95,44.95,0,0,872.30,697.82,174.48,1
38279960638745704,SOUTHCOAST HOSPITALS GROUP INC,20140424,2014-04-24,ambulatory,1,1,15.0,15.0,0,0,4444.98,3555.98,889.00,1
469245621271018320,LYNN URGENT CARE LLC,20140426,2014-04-26,urgentcare,1,1,15.0,15.0,0,0,291.74,233.38,58.36,1
651473276246308486,GREATER LAWRENCE FAMILY HEALTH CENTER INC,20140427,2014-04-27,wellness,1,1,51.016666666666666,51.016666666666666,0,0,919.90,0.00,919.90,1
50464693234281699,Lynn Community Based Outpatient Clinic (CBOC),20140503,2014-05-03,ambulatory,1,1,349.3833333333333,349.3833333333333,0,0,4830.95,3864.76,966.19,1
50464693234281699,Lynn Community Based Outpatient Clinic (CBOC),20140510,2014-05-10,ambulatory,1,1,15.0,15.0,0,0,85.55,68.44,17.11,1
38279960638745704,SOUTHCOAST HOSPITALS GROUP INC,20140511,2014-05-11,ambulatory,1,1,15.0,15.0,0,0,1443.68,1154.94,288.74,1
29154059241288267,DR JOHN C CORRIGAN MENTAL HEALTH CENTER,20140514,2014-05-14,outpatient,1,1,15.0,15.0,0,0,142.58,114.06,28.52,1
50464693234281699,Lynn Community Based Outpatient Clinic (CBOC),20140517,2014-05-17,wellness,1,1,37.083333333333336,37.083333333333336,0,0,866.52,693.20,173.32,1
469245621271018320,LYNN URGENT CARE LLC,20140524,2014-05-24,urgentcare,1,1,15.0,15.0,0,0,507.44,405.94,101.50,1
244544338078735615,TEWKSBURY HOSPITAL,20140527,2014-05-27,outpatient,1,1,15.0,15.0,0,0,85.55,0.00,85.55,1
29154059241288267,DR JOHN C CORRIGAN MENTAL HEALTH CENTER,20140610,2014-06-10,outpatient,1,1,15.0,15.0,0,0,1250.85,1000.68,250.17,1
741458505160782152,LOWELL COMMUNITY HEALTH CENTER,20140615,2014-06-15,wellness,1,1,56.63333333333333,56.63333333333333,0,0,919.90,0.00,919.90,1
44500129533123678,SOUTHCOAST HOSPITALS GROUP INC,20140622,2014-06-22,outpatient,1,1,15.0,15.0,0,0,142.58,114.06,28.52,1
389966452681632557,BETH ISRAEL DEACONESS HOSPITAL-NEEDHAM  INC.,20140627,2014-06-27,ambulatory,1,1,44.0,44.0,0,0,2730.98,2184.78,546.20,1
744977654436978746,THE LOWELL GENERAL HOSPITAL,20140709,2014-07-09,ambulatory,1,1,15.0,15.0,0,0,92.93,0.00,92.93,1
38279960638745704,SOUTHCOAST HOSPITALS GROUP INC,20140805,2014-08-05,ambulatory,1,1,15.0,15.0,0,0,85.55,68.44,17.11,1
654094879719975440,BARRINGTON URGENT CARE PC,20140812,2014-08-12,urgentcare,1,1,57.38333333333333,57.38333333333333,0,0,1000.26,800.20,200.06,1
38279960638745704,SOUTHCOAST HOSPITALS GROUP INC,20140819,2014-08-19,ambulatory,1,1,31.716666666666665,31.716666666666665,0,0,5138.45,4110.76,1027.69,1
132019786462314408,DAVIS SQUARE FAMILY PRACTICE,20140821,2014-08-21,wellness,1,1,40.86666666666667,40.86666666666667,0,0,1177.97,1077.97,100.00,1
38279960638745704,SOUTHCOAST HOSPITALS GROUP INC,20140825,2014-08-25,ambulatory,1,1,15.0,15.0,0,0,85.55,68.44,17.11,1
38279960638745704,SOUTHCOAST HOSPITALS GROUP INC,20140826,2014-08-26,ambulatory,1,1,232.0,232.0,0,0,3105.35,1317.88,1787.47,1
407314214986713425,KINDRED  HOSPICE,20140902,2014-09-02,hospice,1,1,27375.0,27375.0,0,0,10491.13,8392.90,2098.23,1
29154059241288267,DR JOHN C CORRIGAN MENTAL HEALTH CENTER,20140909,2014-09-09,outpatient,1,1,15.0,15.0,0,0,1250.85,814.28,436.57,1
50464693234281699,Lynn Community Based Outpatient Clinic (CBOC),20140913,2014-09-13,outpatient,1,1,59.93333333333333,59.93333333333333,0,0,951.27,761.00,190.27,1
38279960638745704,SOUTHCOAST HOSPITALS GROUP INC,20140923,2014-09-23,ambulatory,1,1,69.06666666666666,69.06666666666666,0,0,1227.58,982.06,245.52,1
801031929336468325,BROCKTON HOSPITAL  INC.,20141003,2014-10-03,ambulatory,1,1,15.0,15.0,0,0,85.55,35.55,50.00,1
38279960638745704,SOUTHCOAST HOSPITALS GROUP INC,20141007,2014-10-07,ambulatory,1,1,15.0,15.0,0,0,7296.33,5837.06,1459.27,1
790885867393293671,DUTTON FAMILY CARE ASSOCIATES LLP,20141023,2014-10-23,wellness,1,1,57.6,57.6,0,0,778.78,0.00,778.78,1
332886644979055046,MILFORD REGIONAL MEDICAL CENTER,20141030,2014-10-30,ambulatory,1,1,15.0,15.0,0,0,92.93,74.34,18.59,1
389966452681632557,BETH ISRAEL DEACONESS HOSPITAL-NEEDHAM  INC.,20141031,2014-10-31,inpatient,1,1,3123.1,3123.1,1,0,2319.26,1855.38,463.88,1
395615810080261442,ANNA JAQUES HOSPITAL SUBACUTE UNIT,20141101,2014-11-01,outpatient,1,1,32.81666666666667,32.81666666666667,0,0,652.95,522.36,130.59,1
38279960638745704,SOUTHCOAST HOSPITALS GROUP INC,20141110,2014-11-10,ambulatory,1,1,15.0,15.0,0,0,15801.58,12641.26,3160.32,1
29154059241288267,DR JOHN C CORRIGAN MENTAL HEALTH CENTER,20141209,2014-12-09,outpatient,1,1,15.466666666666667,15.466666666666667,0,0,1692.64,1354.11,338.53,1
29818448345197287,GREATER LAWRENCE FAMILY HEALTH CENTER INC,20141213,2014-12-13,wellness,1,1,15.0,15.0,0,0,704.20,604.20,100.00,1
38279960638745704,SOUTHCOAST HOSPITALS GROUP INC,20141213,2014-12-13,ambulatory,1,1,15.0,15.0,0,0,17561.40,17561.40,0.00,1
472226794892644975,HAVERHILL FAMILY OFFICE LLC,20141225,2014-12-25,wellness,1,1,15.0,15.0,0,0,347.38,0.00,347.38,1
969560228442772145,FAMILY PRACTICE GROUP PC,20141231,2014-12-31,wellness,1,1,44.233333333333334,44.233333333333334,0,0,914.78,814.78,100.00,1
50464693234281699,Lynn Community Based Outpatient Clinic (CBOC),20150110,2015-01-10,outpatient,1,1,58.43333333333333,58.43333333333333,0,0,815.27,652.20,163.07,1
38279960638745704,SOUTHCOAST HOSPITALS GROUP INC,20150113,2015-01-13,ambulatory,1,1,15.0,15.0,0,0,15344.80,15344.80,0.00,1
846294596561620579,WESTFORD INTERNAL MEDICINE PC,20150116,2015-01-16,wellness,1,1,15.0,15.0,0,0,816.80,0.00,816.80,1
363458983347729064,Fitchburg Outpatient Clinic,20150117,2015-01-17,inpatient,1,1,4818.833333333333,4818.833333333333,1,0,38462.78,30770.22,7692.56,1
363458983347729064,Fitchburg Outpatient Clinic,20150117,2015-01-17,emergency,1,1,60.0,60.0,0,1,13966.28,11173.00,2793.28,1
102665420104747686,MASS GENERAL BRIGHAM URGENT CARE LLC,20150129,2015-01-29,urgentcare,1,1,53.78333333333333,53.78333333333333,0,0,1438.46,1150.76,287.70,1
50464693234281699,Lynn Community Based Outpatient Clinic (CBOC),20150131,2015-01-31,ambulatory,1,1,216.31666666666666,216.31666666666666,0,0,3536.75,3536.75,0.00,1
50464693234281699,Lynn Community Based Outpatient Clinic (CBOC),20150207,2015-02-07,ambulatory,1,1,44.0,44.0,0,0,2730.98,2730.98,0.00,1
1004911430399121778,CLIFTON HOSPICE SERVICES  LLC,20150210,2015-02-10,hospice,1,1,35785.46666666667,35785.46666666667,0,0,11353.93,9083.14,2270.79,1
405686286755502306,BERKSHIRE MEDICAL CENTER INC,20150211,2015-02-11,ambulatory,1,1,15.0,15.0,0,0,92.93,42.93,50.00,1
38279960638745704,SOUTHCOAST HOSPITALS GROUP INC,20150212,2015-02-12,ambulatory,1,1,15.0,15.0,0,0,5355.80,5355.80,0.00,1
520806008221098162,FIRST PSYCHIATRIC PLANNERS  INC,20150306,2015-03-06,outpatient,1,1,48.233333333333334,48.233333333333334,0,0,652.95,0.00,652.95,1
202198446605600451,STANLEY STREET TREATMENT AND RESOURCES  INC,20150307,2015-03-07,wellness,1,1,50.36666666666667,50.36666666666667,0,0,778.78,0.00,778.78,1
160559015988030201,HEALTHFIRST FAMILY CARE CENTER INC,20150310,2015-03-10,wellness,1,1,15.0,15.0,0,0,211.38,169.10,42.28,1
38279960638745704,SOUTHCOAST HOSPITALS GROUP INC,20150316,2015-03-16,ambulatory,1,1,15.0,15.0,0,0,19018.70,19018.70,0.00,1
376833142676655002,HOLISTIC FAMILY PRACTICE  INC.,20150321,2015-03-21,wellness,1,1,38.96666666666667,38.96666666666667,0,0,799.06,639.25,159.81,1
388004395279080639,URGENT HELP CHELMSFORD PC,20150329,2015-03-29,urgentcare,1,1,43.516666666666666,43.516666666666666,0,0,925.68,555.41,370.27,1
264175530648959689,SIGNATURE HEALTHCARE MEDICAL GROUP INC,20150405,2015-04-05,wellness,1,1,53.916666666666664,53.916666666666664,0,0,1139.50,1139.50,0.00,1
924438841780828326,CENTER FOR DIGESTIVE WELLNESS PC,20150407,2015-04-07,wellness,1,1,15.0,15.0,0,0,272.80,0.00,272.80,1
814284400183858824,PRIMARY CARE NORTH PC,20150418,2015-04-18,wellness,1,1,53.766666666666666,53.766666666666666,0,0,778.78,436.62,342.16,1
741150468608293787,CLASSIC HEALTHCARE MEDICAL GROUP LLC,20150420,2015-04-20,wellness,1,1,35.083333333333336,35.083333333333336,0,0,1186.78,1125.30,61.48,1
469245621271018320,LYNN URGENT CARE LLC,20150509,2015-05-09,urgentcare,1,1,30.65,30.65,0,0,872.30,872.30,0.00,1
919548777387151765,SOUTH SHORE CENTER FOR WELLNESS LTD,20150523,2015-05-23,wellness,1,1,47.61666666666667,47.61666666666667,0,0,914.78,0.00,914.78,1
50464693234281699,Lynn Community Based Outpatient Clinic (CBOC),20150523,2015-05-23,wellness,1,1,56.81666666666667,56.81666666666667,0,0,3122.60,3122.60,0.00,1
721972786242253874,BOSTON MEDICAL CENTER CORPORATION-,20150529,2015-05-29,ambulatory,1,1,15.0,15.0,0,0,516.95,0.00,516.95,1
50464693234281699,Lynn Community Based Outpatient Clinic (CBOC),20150530,2015-05-30,ambulatory,1,1,168.18333333333334,168.18333333333334,0,0,3105.35,3105.35,0.00,1
44500129533123678,SOUTHCOAST HOSPITALS GROUP INC,20150617,2015-06-17,outpatient,1,1,15.0,15.0,0,0,142.58,142.58,0.00,1
741458505160782152,LOWELL COMMUNITY HEALTH CENTER,20150621,2015-06-21,wellness,1,1,30.7,30.7,0,0,783.90,0.00,783.90,1
587757060655614946,CLARITY HEALTH & WELLNESS LLC,20150720,2015-07-20,wellness,1,1,34.43333333333333,34.43333333333333,0,0,1182.12,1182.12,0.00,1
658306035533165929,VMD PRIMARY PROVIDERS MASSACHUSETTS PLLC,20150901,2015-09-01,wellness,1,1,42.516666666666666,42.516666666666666,0,0,1002.96,615.96,387.00,1
160559015988030201,HEALTHFIRST FAMILY CARE CENTER INC,20150901,2015-09-01,wellness,1,1,56.25,56.25,0,0,914.78,0.00,914.78,1
544412707586716213,FAIRVIEW HOSPITAL,20150918,2015-09-18,wellness,1,1,18.766666666666666,18.766666666666666,0,0,1567.00,1467.00,100.00,1
476697113556229311,BETH ISRAEL DEACONESS HOSPITAL MILTON INC,20150927,2015-09-27,outpatient,1,1,20.483333333333334,20.483333333333334,0,0,10435.50,10435.50,0.00,1
363458983347729064,Fitchburg Outpatient Clinic,20151002,2015-10-02,emergency,1,1,60.0,60.0,0,1,9429.72,7543.76,1885.96,1
363458983347729064,Fitchburg Outpatient Clinic,20151014,2015-10-14,ambulatory,1,1,15.0,15.0,0,0,142.58,114.06,28.52,1
109016295863276866,FAMILY SERVICE ASSOCIATION OF GREATER FALL RIVER INC,20151022,2015-10-22,wellness,1,1,15.0,15.0,0,0,272.80,0.00,272.80,1
654096641582644263,BL HEALTHCARE INC DELEWARE,20151022,2015-10-22,wellness,1,1,51.13333333333333,51.13333333333333,0,0,785.58,471.35,314.23,1
790885867393293671,DUTTON FAMILY CARE ASSOCIATES LLP,20151029,2015-10-29,wellness,1,1,55.0,55.0,0,0,778.78,0.00,778.78,1
476697113556229311,BETH ISRAEL DEACONESS HOSPITAL MILTON INC,20151101,2015-11-01,outpatient,1,1,38.88333333333333,38.88333333333333,0,0,732.65,732.65,0.00,1
395615810080261442,ANNA JAQUES HOSPITAL SUBACUTE UNIT,20151103,2015-11-03,outpatient,1,1,15.0,15.0,0,0,142.58,114.06,28.52,1
50464693234281699,Lynn Community Based Outpatient Clinic (CBOC),20151107,2015-11-07,outpatient,1,1,37.583333333333336,37.583333333333336,0,0,1781.91,1781.91,0.00,1
1053862909723414558,COMPASSIONATE HEALTH CARE GROUP LLC,20151109,2015-11-09,wellness,1,1,30.366666666666667,30.366666666666667,0,0,1001.28,901.28,100.00,1
389966452681632557,BETH ISRAEL DEACONESS HOSPITAL-NEEDHAM  INC.,20151113,2015-11-13,outpatient,1,1,43.38333333333333,43.38333333333333,0,0,985.50,788.40,197.10,1
815218868737845247,Causeway OPC,20151126,2015-11-26,wellness,1,1,53.15,53.15,0,0,2011.56,1609.24,402.32,1
814284400183858824,PRIMARY CARE NORTH PC,20151126,2015-11-26,wellness,1,1,34.96666666666667,34.96666666666667,0,0,1125.36,0.00,1125.36,1
969560228442772145,FAMILY PRACTICE GROUP PC,20160111,2016-01-11,wellness,1,1,15.0,15.0,0,0,778.78,678.78,100.00,1
969560228442772145,FAMILY PRACTICE GROUP PC,20160112,2016-01-12,wellness,1,1,15.0,15.0,0,0,816.80,0.00,816.80,1
679818074188163933,ARBOUR-FULLER HOSPITAL,20160114,2016-01-14,inpatient,1,1,1873.0,1873.0,1,0,7867.95,4720.77,3147.18,1
623047219859228790,GARDEN STATE HEALTHCARE ASSOCIATES LLC,20160205,2016-02-05,wellness,1,1,46.75,46.75,0,0,1432.68,961.20,471.48,1
50464693234281699,Lynn Community Based Outpatient Clinic (CBOC),20160206,2016-02-06,outpatient,1,1,37.81666666666667,37.81666666666667,0,0,815.27,652.20,163.07,1
363458983347729064,Fitchburg Outpatient Clinic,20160213,2016-02-13,ambulatory,1,1,266.7,266.7,0,0,1444.46,1155.57,288.89,1
50464693234281699,Lynn Community Based Outpatient Clinic (CBOC),20160213,2016-02-13,ambulatory,1,1,44.0,44.0,0,0,2730.98,2184.78,546.20,1
58830663438005741,SUNRISE HEALTHCARE LLC,20160224,2016-02-24,wellness,1,1,35.31666666666667,35.31666666666667,0,0,947.41,0.00,947.41,1
50464693234281699,Lynn Community Based Outpatient Clinic (CBOC),20160227,2016-02-27,ambulatory,1,1,422.56666666666666,422.56666666666666,0,0,5262.35,4209.88,1052.47,1
395615810080261442,ANNA JAQUES HOSPITAL SUBACUTE UNIT,20160306,2016-03-06,ambulatory,1,1,15.0,15.0,0,0,85.55,68.44,17.11,1
164982158369714689,A&A HEALTHCARE LLC,20160309,2016-03-09,wellness,1,1,41.583333333333336,41.583333333333336,0,0,792.38,792.38,0.00,1
50464693234281699,Lynn Community Based Outpatient Clinic (CBOC),20160312,2016-03-12,outpatient,1,1,46.016666666666666,46.016666666666666,0,0,964.43,771.52,192.91,1
244544338078735615,TEWKSBURY HOSPITAL,20160320,2016-03-20,outpatient,1,1,15.0,15.0,0,0,142.58,0.00,142.58,1
376833142676655002,HOLISTIC FAMILY PRACTICE  INC.,20160326,2016-03-26,wellness,1,1,57.266666666666666,57.266666666666666,0,0,919.90,735.92,183.98,1
50464693234281699,Lynn Community Based Outpatient Clinic (CBOC),20160402,2016-04-02,ambulatory,1,1,15.0,15.0,0,0,85.55,68.44,17.11,1
264175530648959689,SIGNATURE HEALTHCARE MEDICAL GROUP INC,20160410,2016-04-10,wellness,1,1,44.833333333333336,44.833333333333336,0,0,860.16,860.16,0.00,1
469245621271018320,LYNN URGENT CARE LLC,20160423,2016-04-23,urgentcare,1,1,58.0,58.0,0,0,872.30,697.82,174.48,1
723111811226363721,CHESTNUT WOODS REHABILITATION AND HEALTHCARE CTR,20160430,2016-04-30,emergency,1,1,60.0,60.0,0,1,295.34,236.26,59.08,1
395615810080261442,ANNA JAQUES HOSPITAL SUBACUTE UNIT,20160505,2016-05-05,ambulatory,1,1,15.0,15.0,0,0,85.55,68.44,17.11,1
469245621271018320,LYNN URGENT CARE LLC,20160507,2016-05-07,urgentcare,1,1,58.483333333333334,58.483333333333334,0,0,872.30,697.82,174.48,1
1100386330438199965,WALTHAM WESTON INTERNAL MEDICINE ASSOCIATES  P.C.,20160513,2016-05-13,wellness,1,1,31.95,31.95,0,0,927.94,742.34,185.60,1
469245621271018320,LYNN URGENT CARE LLC,20160514,2016-05-14,urgentcare,1,1,15.0,15.0,0,0,291.74,233.38,58.36,1
410915144747947572,COOLEY DICKINSON HOSPITAL INC,20160517,2016-05-17,outpatient,1,1,15.983333333333333,15.983333333333333,0,0,2092.95,2042.95,50.00,1
683258316057948949,STEWARD ST. ANNES HOSPITAL CORPORATION,20160518,2016-05-18,outpatient,1,1,15.0,15.0,0,0,142.58,0.00,142.58,1
50464693234281699,Lynn Community Based Outpatient Clinic (CBOC),20160521,2016-05-21,ambulatory,1,1,138.9,138.9,0,0,2673.95,2139.16,534.79,1
50464693234281699,Lynn Community Based Outpatient Clinic (CBOC),20160528,2016-05-28,ambulatory,1,1,15.0,15.0,0,0,85.55,68.44,17.11,1
679818074188163933,ARBOUR-FULLER HOSPITAL,20160603,2016-06-03,outpatient,1,1,15.0,15.0,0,0,142.58,142.58,0.00,1
50464693234281699,Lynn Community Based Outpatient Clinic (CBOC),20160604,2016-06-04,wellness,1,1,44.85,44.85,0,0,1279.40,1023.50,255.90,1
44500129533123678,SOUTHCOAST HOSPITALS GROUP INC,20160611,2016-06-11,outpatient,1,1,32.0,32.0,0,0,4052.91,3242.32,810.59,1
723111811226363721,CHESTNUT WOODS REHABILITATION AND HEALTHCARE CTR,20160611,2016-06-11,emergency,1,1,60.0,60.0,0,1,295.34,236.26,59.08,1
132019786462314408,DAVIS SQUARE FAMILY PRACTICE,20160613,2016-06-13,wellness,1,1,36.233333333333334,36.233333333333334,0,0,704.20,704.20,0.00,1
1108258114602746895,CAMBRIDGE REHABILITATION & NURSING CENTER,20160615,2016-06-15,emergency,1,1,60.0,60.0,0,1,87.71,37.71,50.00,1
469245621271018320,LYNN URGENT CARE LLC,20160618,2016-06-18,urgentcare,1,1,40.166666666666664,40.166666666666664,0,0,872.30,697.82,174.48,1
137002283324145083,STURDY MEMORIAL HOSPITAL INC,20160620,2016-06-20,ambulatory,1,1,16.366666666666667,16.366666666666667,0,0,250.35,250.35,0.00,1
694540912856437675,PULMONARY INTERNISTS AND CONSULTANTS PC,20160621,2016-06-21,wellness,1,1,33.71666666666667,33.71666666666667,0,0,1453.79,0.00,1453.79,1
469245621271018320,LYNN URGENT CARE LLC,20160625,2016-06-25,urgentcare,1,1,15.0,15.0,0,0,291.74,233.38,58.36,1
741458505160782152,LOWELL COMMUNITY HEALTH CENTER,20160626,2016-06-26,wellness,1,1,44.21666666666667,44.21666666666667,0,0,840.20,0.00,840.20,1
334510102683813647,BOSTON MEDICAL CENTER CORPORATION-,20160626,2016-06-26,wellness,1,1,15.0,15.0,0,0,816.80,0.00,816.80,1
249985492892219599,WHITLEY WELLNESS LLC,20160627,2016-06-27,wellness,1,1,15.0,15.0,0,0,568.20,340.92,227.28,1
1003634539940818261,CHARLES RIVER COMMUNITY HEALTH  INC,20160627,2016-06-27,wellness,1,1,15.0,15.0,0,0,1567.00,1567.00,0.00,1
1031243542611916810,ENCOMPASS HEALTH REHABILITATION HOSP OF NEW ENGLAN,20160628,2016-06-28,inpatient,1,1,1440.0,1440.0,1,0,9609.74,9559.74,50.00,1
654094879719975440,BARRINGTON URGENT CARE PC,20160630,2016-06-30,urgentcare,1,1,54.766666666666666,54.766666666666666,0,0,865.94,0.00,865.94,1
556944320275034302,PARADIGM HEALTHCARE  PC,20160701,2016-07-01,wellness,1,1,49.88333333333333,49.88333333333333,0,0,1140.38,0.00,1140.38,1
50464693234281699,Lynn Community Based Outpatient Clinic (CBOC),20160702,2016-07-02,ambulatory,1,1,226.73333333333332,226.73333333333332,0,0,3105.35,2484.28,621.07,1
744977654436978746,THE LOWELL GENERAL HOSPITAL,20160702,2016-07-02,ambulatory,1,1,15.0,15.0,0,0,85.55,0.00,85.55,1
484606205110823681,FAMILY MEDICINE ASSOCIATES OF SOUTH ATTLEBORO  P.C.,20160716,2016-07-16,wellness,1,1,15.0,15.0,0,0,488.50,0.00,488.50,1
76613554195130854,TREE OF LIFE HEALTHCARE ASSOCIATES,20160720,2016-07-20,wellness,1,1,15.0,15.0,0,0,704.20,0.00,704.20,1
721972786242253874,BOSTON MEDICAL CENTER CORPORATION-,20160807,2016-08-07,ambulatory,1,1,15.0,15.0,0,0,948.35,569.01,379.34,1
744977654436978746,THE LOWELL GENERAL HOSPITAL,20160813,2016-08-13,ambulatory,1,1,15.0,15.0,0,0,2544.44,0.00,2544.44,1
1041112530090421261,SACHEM CENTER FOR HEALTH & REHABILITATION,20160813,2016-08-13,emergency,1,1,60.0,60.0,0,1,146.18,96.18,50.00,1
1031243542611916810,ENCOMPASS HEALTH REHABILITATION HOSP OF NEW ENGLAN,20160813,2016-08-13,ambulatory,1,1,53.75,53.75,0,0,5263.67,5213.67,50.00,1
469245621271018320,LYNN URGENT CARE LLC,20160815,2016-08-15,urgentcare,1,1,15.0,15.0,0,0,278.58,167.15,111.43,1
288384166086759286,MEDFORD REHABILITATION AND NURSING CENTER,20160826,2016-08-26,emergency,1,1,60.0,60.0,0,1,1008.98,0.00,1008.98,1
334510102683813647,BOSTON MEDICAL CENTER CORPORATION-,20160828,2016-08-28,wellness,1,1,15.0,15.0,0,0,1032.50,0.00,1032.50,1
132019786462314408,DAVIS SQUARE FAMILY PRACTICE,20160901,2016-09-01,wellness,1,1,38.31666666666667,38.31666666666667,0,0,1075.86,975.86,100.00,1
433837020145504394,ZANJABEE INTEGRATIVE MEDICINE AND PRIMARY CARE LLC,20160902,2016-09-02,wellness,1,1,47.28333333333333,47.28333333333333,0,0,853.36,0.00,853.36,1
520806008221098162,FIRST PSYCHIATRIC PLANNERS  INC,20160906,2016-09-06,ambulatory,1,1,15.0,15.0,0,0,205.71,155.71,50.00,1
1031243542611916810,ENCOMPASS HEALTH REHABILITATION HOSP OF NEW ENGLAN,20160907,2016-09-07,ambulatory,1,1,50.266666666666666,50.266666666666666,0,0,20626.96,20576.96,50.00,1
520806008221098162,FIRST PSYCHIATRIC PLANNERS  INC,20160916,2016-09-16,ambulatory,1,1,247.41666666666666,247.41666666666666,0,0,3536.75,0.00,3536.75,1
544412707586716213,FAIRVIEW HOSPITAL,20160923,2016-09-23,wellness,1,1,18.9,18.9,0,0,704.20,604.20,100.00,1
703727186913582450,ASSOCIATED INTERNISTS OF RANDOLPH  INC.,20160925,2016-09-25,wellness,1,1,57.36666666666667,57.36666666666667,0,0,778.78,0.00,778.78,1
1031243542611916810,ENCOMPASS HEALTH REHABILITATION HOSP OF NEW ENGLAN,20160929,2016-09-29,ambulatory,1,1,17.666666666666668,17.666666666666668,0,0,10555.23,10505.23,50.00,1
476697113556229311,BETH ISRAEL DEACONESS HOSPITAL MILTON INC,20161002,2016-10-02,outpatient,1,1,15.0,15.0,0,0,142.58,0.00,142.58,1
420221548349436151,MOUNT AUBURN HOSPITAL,20161003,2016-10-03,ambulatory,1,1,15.0,15.0,0,0,85.55,0.00,85.55,1
719406762791431727,BRIARWOOD REHABILITATION & HEALTHCARE CENTER,20161004,2016-10-04,emergency,1,1,60.0,60.0,0,1,5308.14,5258.14,50.00,1
924438841780828326,CENTER FOR DIGESTIVE WELLNESS PC,20161004,2016-10-04,wellness,1,1,15.0,15.0,0,0,136.80,0.00,136.80,1
137002283324145083,STURDY MEMORIAL HOSPITAL INC,20161006,2016-10-06,outpatient,1,1,15.0,15.0,0,0,2255.08,0.00,2255.08,1
476697113556229311,BETH ISRAEL DEACONESS HOSPITAL MILTON INC,20161006,2016-10-06,outpatient,1,1,55.05,55.05,0,0,5139.28,4002.99,1136.29,1
405686286755502306,BERKSHIRE MEDICAL CENTER INC,20161007,2016-10-07,ambulatory,1,1,161.65,161.65,0,0,2673.95,2623.95,50.00,1
557025406090317911,DILIGENCEHEALTHCARE,20161011,2016-10-11,wellness,1,1,15.0,15.0,0,0,347.38,0.00,347.38,1
332886644979055046,MILFORD REGIONAL MEDICAL CENTER,20161019,2016-10-19,ambulatory,1,1,15.0,15.0,0,0,85.55,0.00,85.55,1
863914350920536272,WILLIAMSTOWN COMMONS NURSING & REHAB,20161021,2016-10-21,emergency,1,1,63.0,63.0,0,1,1008.98,958.98,50.00,1
1031243542611916810,ENCOMPASS HEALTH REHABILITATION HOSP OF NEW ENGLAN,20161023,2016-10-23,ambulatory,1,1,16.716666666666665,16.716666666666665,0,0,5263.67,5213.67,50.00,1
50464693234281699,Lynn Community Based Outpatient Clinic (CBOC),20161025,2016-10-25,ambulatory,2,1,93.5,93.5,0,0,770.58,616.46,154.12,1
109016295863276866,FAMILY SERVICE ASSOCIATION OF GREATER FALL RIVER INC,20161027,2016-10-27,wellness,1,1,15.0,15.0,0,0,1248.20,0.00,1248.20,1
654096641582644263,BL HEALTHCARE INC DELEWARE,20161027,2016-10-27,wellness,1,1,37.31666666666667,37.31666666666667,0,0,649.58,0.00,649.58,1
50464693234281699,Lynn Community Based Outpatient Clinic (CBOC),20161028,2016-10-28,ambulatory,1,1,166.0,166.0,0,0,1260.50,1008.40,252.10,1
1019687989557003706,PATRIOT URGENT CARE PROFESSIONALS PC,20161031,2016-10-31,urgentcare,1,1,15.0,15.0,0,0,573.98,523.98,50.00,1
50464693234281699,Lynn Community Based Outpatient Clinic (CBOC),20161031,2016-10-31,ambulatory,1,1,208.0,208.0,0,0,535.87,428.70,107.17,1
50464693234281699,Lynn Community Based Outpatient Clinic (CBOC),20161103,2016-11-03,ambulatory,1,1,172.0,172.0,0,0,535.87,428.70,107.17,1
790885867393293671,DUTTON FAMILY CARE ASSOCIATES LLP,20161103,2016-11-03,wellness,1,1,46.333333333333336,46.333333333333336,0,0,1078.69,0.00,1078.69,1
44500129533123678,SOUTHCOAST HOSPITALS GROUP INC,20161103,2016-11-03,ambulatory,1,1,346.1,346.1,0,0,5262.35,4145.99,1116.36,1
50464693234281699,Lynn Community Based Outpatient Clinic (CBOC),20161106,2016-11-06,ambulatory,1,1,222.0,222.0,0,0,960.05,768.04,192.01,1
565804414476228962,FRANCISCAN HOSPITAL FOR CHILDREN INC,20161107,2016-11-07,outpatient,1,1,15.0,15.0,0,0,468.16,418.16,50.00,1
50464693234281699,Lynn Community Based Outpatient Clinic (CBOC),20161109,2016-11-09,ambulatory,1,1,231.0,231.0,0,0,535.87,428.70,107.17,1
866549107229357074,HOPKINTON MEDICAL CARE  P.C.,20161110,2016-11-10,wellness,1,1,15.0,15.0,0,0,488.50,390.80,97.70,1
50464693234281699,Lynn Community Based Outpatient Clinic (CBOC),20161113,2016-11-13,ambulatory,1,1,132.0,132.0,0,0,535.87,428.70,107.17,1
565804414476228962,FRANCISCAN HOSPITAL FOR CHILDREN INC,20161114,2016-11-14,ambulatory,1,1,172.13333333333333,172.13333333333333,0,0,2673.95,2623.95,50.00,1
1053862909723414558,COMPASSIONATE HEALTH CARE GROUP LLC,20161114,2016-11-14,wellness,1,1,54.15,54.15,0,0,1858.96,1758.96,100.00,1
50464693234281699,Lynn Community Based Outpatient Clinic (CBOC),20161116,2016-11-16,ambulatory,1,1,219.0,219.0,0,0,535.87,428.70,107.17,1
1031243542611916810,ENCOMPASS HEALTH REHABILITATION HOSP OF NEW ENGLAN,20161116,2016-11-16,ambulatory,1,1,20.433333333333334,20.433333333333334,0,0,20626.96,20576.96,50.00,1
93679773638781409,TUFTS MEDICAL CENTER,20161117,2016-11-17,ambulatory,1,1,387.8333333333333,387.8333333333333,0,0,4830.95,1168.66,3662.29,1
50464693234281699,Lynn Community Based Outpatient Clinic (CBOC),20161119,2016-11-19,ambulatory,1,1,129.0,129.0,0,0,668.74,534.99,133.75,1
721972786242253874,BOSTON MEDICAL CENTER CORPORATION-,20161119,2016-11-19,ambulatory,1,1,15.0,15.0,0,0,142.58,85.55,57.03,1
50464693234281699,Lynn Community Based Outpatient Clinic (CBOC),20161121,2016-11-21,ambulatory,1,1,52.11666666666667,52.11666666666667,0,0,666.11,532.88,133.23,1
565804414476228962,FRANCISCAN HOSPITAL FOR CHILDREN INC,20161121,2016-11-21,ambulatory,1,1,15.0,15.0,0,0,85.55,35.55,50.00,1
396031016204066515,LYNN COMMUNITY HEALTH,20161122,2016-11-22,wellness,1,1,15.0,15.0,0,0,272.80,172.80,100.00,1
50464693234281699,Lynn Community Based Outpatient Clinic (CBOC),20161122,2016-11-22,ambulatory,1,1,141.0,141.0,0,0,568.79,455.03,113.76,1
39538555446517326,VNA & HOSPICE OF GREATER MILFORD,20161123,2016-11-23,emergency,1,1,60.0,60.0,0,1,17324.87,13769.14,3555.73,1
50464693234281699,Lynn Community Based Outpatient Clinic (CBOC),20161125,2016-11-25,ambulatory,2,1,125.0,125.0,0,0,770.58,616.46,154.12,1
334510102683813647,BOSTON MEDICAL CENTER CORPORATION-,20161127,2016-11-27,wellness,1,1,15.0,15.0,0,0,816.80,0.00,816.80,1
50464693234281699,Lynn Community Based Outpatient Clinic (CBOC),20161128,2016-11-28,ambulatory,1,1,156.0,156.0,0,0,535.87,428.70,107.17,1
909182873596142954,SOUTHCOAST HOSPITAL GROUP  INC,20161128,2016-11-28,ambulatory,2,1,102.13333333333334,102.13333333333334,0,0,3190.90,3090.90,100.00,1
50464693234281699,Lynn Community Based Outpatient Clinic (CBOC),20161201,2016-12-01,ambulatory,1,1,122.0,122.0,0,0,1344.67,1075.74,268.93,1
815218868737845247,Causeway OPC,20161201,2016-12-01,wellness,1,1,51.81666666666667,51.81666666666667,0,0,1210.18,968.14,242.04,1
50464693234281699,Lynn Community Based Outpatient Clinic (CBOC),20161204,2016-12-04,ambulatory,1,1,176.0,176.0,0,0,1531.52,1225.22,306.30,1
50464693234281699,Lynn Community Based Outpatient Clinic (CBOC),20161208,2016-12-08,ambulatory,1,1,128.0,128.0,0,0,537.40,429.92,107.48,1
50464693234281699,Lynn Community Based Outpatient Clinic (CBOC),20161211,2016-12-11,ambulatory,1,1,130.0,130.0,0,0,671.60,537.28,134.32,1
1031243542611916810,ENCOMPASS HEALTH REHABILITATION HOSP OF NEW ENGLAN,20161212,2016-12-12,ambulatory,1,1,34.7,34.7,0,0,20626.96,20576.96,50.00,1
50464693234281699,Lynn Community Based Outpatient Clinic (CBOC),20161214,2016-12-14,ambulatory,1,1,236.0,236.0,0,0,537.78,430.22,107.56,1
137002283324145083,STURDY MEMORIAL HOSPITAL INC,20161214,2016-12-14,outpatient,1,1,15.0,15.0,0,0,142.58,85.55,57.03,1
815218868737845247,Causeway OPC,20161215,2016-12-15,ambulatory,1,1,215.25,215.25,0,0,3105.35,2484.28,621.07,1
50464693234281699,Lynn Community Based Outpatient Clinic (CBOC),20161217,2016-12-17,ambulatory,1,1,165.0,165.0,0,0,846.53,677.22,169.31,1
50464693234281699,Lynn Community Based Outpatient Clinic (CBOC),20161220,2016-12-20,ambulatory,1,1,184.0,184.0,0,0,535.87,428.70,107.17,1
476697113556229311,BETH ISRAEL DEACONESS HOSPITAL MILTON INC,20161222,2016-12-22,ambulatory,1,1,15.0,15.0,0,0,142.58,114.06,28.52,1
50464693234281699,Lynn Community Based Outpatient Clinic (CBOC),20161223,2016-12-23,ambulatory,1,1,147.0,147.0,0,0,535.87,428.70,107.17,1
29818448345197287,GREATER LAWRENCE FAMILY HEALTH CENTER INC,20161224,2016-12-24,wellness,1,1,15.0,15.0,0,0,755.38,655.38,100.00,1
137002283324145083,STURDY MEMORIAL HOSPITAL INC,20161225,2016-12-25,ambulatory,1,1,15.0,15.0,0,0,142.58,85.55,57.03,1
249985492892219599,WHITLEY WELLNESS LLC,20161226,2016-12-26,wellness,1,1,15.0,15.0,0,0,136.80,82.08,54.72,1
50464693234281699,Lynn Community Based Outpatient Clinic (CBOC),20161226,2016-12-26,ambulatory,2,1,92.5,92.5,0,0,770.58,616.46,154.12,1
50464693234281699,Lynn Community Based Outpatient Clinic (CBOC),20161229,2016-12-29,ambulatory,1,1,142.0,142.0,0,0,1122.62,898.10,224.52,1
636964980173115292,COMFORT HOME CARE  LLC,20161229,2016-12-29,emergency,1,1,60.0,60.0,0,1,146.18,0.00,146.18,1
39538555446517326,VNA & HOSPICE OF GREATER MILFORD,20161230,2016-12-30,emergency,1,1,60.0,60.0,0,1,8273.23,6618.58,1654.65,1
721972786242253874,BOSTON MEDICAL CENTER CORPORATION-,20161231,2016-12-31,outpatient,1,1,15.0,15.0,0,0,85.55,51.33,34.22,1
50464693234281699,Lynn Community Based Outpatient Clinic (CBOC),20170101,2017-01-01,ambulatory,1,1,207.0,207.0,0,0,1791.03,1432.82,358.21,1
50464693234281699,Lynn Community Based Outpatient Clinic (CBOC),20170103,2017-01-03,ambulatory,1,1,56.03333333333333,56.03333333333333,0,0,40544.68,32435.75,8108.93,1
1031243542611916810,ENCOMPASS HEALTH REHABILITATION HOSP OF NEW ENGLAN,20170104,2017-01-04,ambulatory,1,1,18.75,18.75,0,0,7813.21,7763.21,50.00,1
137002283324145083,STURDY MEMORIAL HOSPITAL INC,20170105,2017-01-05,outpatient,1,1,15.0,15.0,0,0,3469.87,2081.92,1387.95,1
472226794892644975,HAVERHILL FAMILY OFFICE LLC,20170105,2017-01-05,wellness,1,1,15.0,15.0,0,0,704.20,0.00,704.20,1
50464693234281699,Lynn Community Based Outpatient Clinic (CBOC),20170105,2017-01-05,ambulatory,1,1,208.0,208.0,0,0,751.58,601.26,150.32,1
50464693234281699,Lynn Community Based Outpatient Clinic (CBOC),20170107,2017-01-07,ambulatory,1,1,15.0,15.0,0,0,85.55,0.00,85.55,1
50464693234281699,Lynn Community Based Outpatient Clinic (CBOC),20170108,2017-01-08,ambulatory,1,1,185.0,185.0,0,0,535.87,402.55,133.32,1
116650824977762570,MEASURED WELLNESS LLC,20170108,2017-01-08,wellness,1,1,34.65,34.65,0,0,704.20,0.00,704.20,1
719406762791431727,BRIARWOOD REHABILITATION & HEALTHCARE CENTER,20170109,2017-01-09,emergency,1,1,60.0,60.0,0,1,20794.05,20744.05,50.00,1
622746900524004548,WHITTIER REHABILTATION HOSPITAL,20170110,2017-01-10,ambulatory,1,1,29.95,29.95,0,0,5138.45,3924.36,1214.09,1
50464693234281699,Lynn Community Based Outpatient Clinic (CBOC),20170110,2017-01-10,ambulatory,1,1,15.0,15.0,0,0,85.55,0.00,85.55,1
969560228442772145,FAMILY PRACTICE GROUP PC,20170111,2017-01-11,wellness,1,1,47.583333333333336,47.583333333333336,0,0,778.78,678.78,100.00,1
50464693234281699,Lynn Community Based Outpatient Clinic (CBOC),20170111,2017-01-11,ambulatory,1,1,165.0,165.0,0,0,747.43,597.94,149.49,1
340901791751100142,WP ACQUISITION SUB LLC,20170112,2017-01-12,ambulatory,1,1,402.6333333333333,402.6333333333333,0,0,4830.95,2802.31,2028.64,1
340901791751100142,WP ACQUISITION SUB LLC,20170114,2017-01-14,outpatient,1,1,15.0,15.0,0,0,142.58,0.00,142.58,1
50464693234281699,Lynn Community Based Outpatient Clinic (CBOC),20170114,2017-01-14,ambulatory,1,1,177.0,177.0,0,0,535.87,428.70,107.17,1
969560228442772145,FAMILY PRACTICE GROUP PC,20170116,2017-01-16,wellness,1,1,15.0,15.0,0,0,704.20,704.20,0.00,1
969560228442772145,FAMILY PRACTICE GROUP PC,20170117,2017-01-17,wellness,1,1,15.0,15.0,0,0,637.54,415.69,221.85,1
50464693234281699,Lynn Community Based Outpatient Clinic (CBOC),20170117,2017-01-17,ambulatory,1,1,141.0,141.0,0,0,535.87,428.70,107.17,1
50464693234281699,Lynn Community Based Outpatient Clinic (CBOC),20170120,2017-01-20,ambulatory,1,1,169.0,169.0,0,0,1601.48,1281.18,320.30,1
740843053744993432,BRIGHAM AND WOMEN'S FAULKNER HOSPITAL  INC.,20170122,2017-01-22,ambulatory,1,1,364.2,364.2,0,0,5262.35,1.49,5260.86,1
50464693234281699,Lynn Community Based Outpatient Clinic (CBOC),20170123,2017-01-23,inpatient,1,1,2432.85,2432.85,1,0,27739.07,22191.26,5547.81,1
50464693234281699,Lynn Community Based Outpatient Clinic (CBOC),20170123,2017-01-23,ambulatory,1,1,182.0,182.0,0,0,1159.62,927.70,231.92,1
520806008221098162,FIRST PSYCHIATRIC PLANNERS  INC,20170123,2017-01-23,ambulatory,1,1,342.73333333333335,342.73333333333335,0,0,4830.95,4780.95,50.00,1
520806008221098162,FIRST PSYCHIATRIC PLANNERS  INC,20170125,2017-01-25,ambulatory,1,1,173.7,173.7,0,0,2673.95,2623.95,50.00,1
50464693234281699,Lynn Community Based Outpatient Clinic (CBOC),20170126,2017-01-26,ambulatory,1,1,177.0,177.0,0,0,741.67,593.34,148.33,1
846294596561620579,WESTFORD INTERNAL MEDICINE PC,20170127,2017-01-27,wellness,1,1,15.0,15.0,0,0,912.25,0.00,912.25,1
50464693234281699,Lynn Community Based Outpatient Clinic (CBOC),20170127,2017-01-27,ambulatory,1,1,15.0,15.0,0,0,234.71,187.76,46.95,1
1031243542611916810,ENCOMPASS HEALTH REHABILITATION HOSP OF NEW ENGLAN,20170129,2017-01-29,ambulatory,1,1,38.666666666666664,38.666666666666664,0,0,5263.67,5213.67,50.00,1
50464693234281699,Lynn Community Based Outpatient Clinic (CBOC),20170130,2017-01-30,ambulatory,1,1,162.0,162.0,0,0,535.87,428.70,107.17,1
50464693234281699,Lynn Community Based Outpatient Clinic (CBOC),20170202,2017-02-02,ambulatory,1,1,148.0,148.0,0,0,637.24,509.79,127.45,1
39538555446517326,VNA & HOSPICE OF GREATER MILFORD,20170205,2017-02-05,emergency,1,1,60.0,60.0,0,1,87.71,70.17,17.54,1
50464693234281699,Lynn Community Based Outpatient Clinic (CBOC),20170205,2017-02-05,ambulatory,1,1,170.0,170.0,0,0,720.44,576.35,144.09,1
50464693234281699,Lynn Community Based Outpatient Clinic (CBOC),20170207,2017-02-07,ambulatory,1,1,44.0,44.0,0,0,2730.98,2184.78,546.20,1
50464693234281699,Lynn Community Based Outpatient Clinic (CBOC),20170208,2017-02-08,ambulatory,1,1,185.0,185.0,0,0,535.87,428.70,107.17,1
623047219859228790,GARDEN STATE HEALTHCARE ASSOCIATES LLC,20170210,2017-02-10,wellness,1,1,45.85,45.85,0,0,1128.52,718.23,410.29,1
50464693234281699,Lynn Community Based Outpatient Clinic (CBOC),20170211,2017-02-11,ambulatory,1,1,154.0,154.0,0,0,535.87,428.70,107.17,1
405686286755502306,BERKSHIRE MEDICAL CENTER INC,20170212,2017-02-12,ambulatory,1,1,15.0,15.0,0,0,85.55,35.55,50.00,1
50464693234281699,Lynn Community Based Outpatient Clinic (CBOC),20170214,2017-02-14,ambulatory,1,1,162.0,162.0,0,0,736.87,589.50,147.37,1
50464693234281699,Lynn Community Based Outpatient Clinic (CBOC),20170217,2017-02-17,ambulatory,2,1,93.0,93.0,0,0,6247.11,4997.68,1249.43,1
50464693234281699,Lynn Community Based Outpatient Clinic (CBOC),20170220,2017-02-20,ambulatory,1,1,216.0,216.0,0,0,535.87,428.70,107.17,1
1031243542611916810,ENCOMPASS HEALTH REHABILITATION HOSP OF NEW ENGLAN,20170221,2017-02-21,ambulatory,1,1,35.56666666666667,35.56666666666667,0,0,12114.57,12064.57,50.00,1
719406762791431727,BRIARWOOD REHABILITATION & HEALTHCARE CENTER,20170222,2017-02-22,emergency,1,1,60.0,60.0,0,1,87.71,0.00,87.71,1
50464693234281699,Lynn Community Based Outpatient Clinic (CBOC),20170224,2017-02-24,ambulatory,1,1,126.0,126.0,0,0,1257.83,1006.26,251.57,1
1108258114602746895,CAMBRIDGE REHABILITATION & NURSING CENTER,20170225,2017-02-25,emergency,1,1,60.0,60.0,0,1,5308.14,5258.14,50.00,1
683258316057948949,STEWARD ST. ANNES HOSPITAL CORPORATION,20170225,2017-02-25,outpatient,1,1,30.666666666666668,30.666666666666668,0,0,943.23,0.00,943.23,1
244544338078735615,TEWKSBURY HOSPITAL,20170226,2017-02-26,outpatient,1,1,53.483333333333334,53.483333333333334,0,0,788.95,0.00,788.95,1
334510102683813647,BOSTON MEDICAL CENTER CORPORATION-,20170226,2017-02-26,wellness,1,1,15.0,15.0,0,0,999.60,0.00,999.60,1
50464693234281699,Lynn Community Based Outpatient Clinic (CBOC),20170227,2017-02-27,ambulatory,2,1,77.0,77.0,0,0,2025.74,1620.58,405.16,1
389966452681632557,BETH ISRAEL DEACONESS HOSPITAL-NEEDHAM  INC.,20170227,2017-02-27,ambulatory,1,1,36.7,36.7,0,0,6108.09,4700.07,1408.02,1
58830663438005741,SUNRISE HEALTHCARE LLC,20170301,2017-03-01,wellness,1,1,56.96666666666667,56.96666666666667,0,0,778.78,0.00,778.78,1
50464693234281699,Lynn Community Based Outpatient Clinic (CBOC),20170302,2017-03-02,ambulatory,1,1,227.0,227.0,0,0,1110.03,888.02,222.01,1
683258316057948949,STEWARD ST. ANNES HOSPITAL CORPORATION,20170304,2017-03-04,ambulatory,1,1,17.0,17.0,0,0,504.41,0.00,504.41,1
244544338078735615,TEWKSBURY HOSPITAL,20170305,2017-03-05,ambulatory,1,1,15.0,15.0,0,0,85.55,0.00,85.55,1
50464693234281699,Lynn Community Based Outpatient Clinic (CBOC),20170305,2017-03-05,ambulatory,1,1,198.0,198.0,0,0,535.87,428.70,107.17,1
363458983347729064,Fitchburg Outpatient Clinic,20170308,2017-03-08,ambulatory,1,1,55.18333333333333,55.18333333333333,0,0,948.35,0.00,948.35,1
50464693234281699,Lynn Community Based Outpatient Clinic (CBOC),20170308,2017-03-08,ambulatory,1,1,143.0,143.0,0,0,709.39,567.51,141.88,1
50464693234281699,Lynn Community Based Outpatient Clinic (CBOC),20170311,2017-03-11,ambulatory,1,1,185.0,185.0,0,0,876.65,701.32,175.33,1
50464693234281699,Lynn Community Based Outpatient Clinic (CBOC),20170314,2017-03-14,ambulatory,1,1,143.0,143.0,0,0,535.87,428.70,107.17,1
1031243542611916810,ENCOMPASS HEALTH REHABILITATION HOSP OF NEW ENGLAN,20170315,2017-03-15,ambulatory,1,1,49.88333333333333,49.88333333333333,0,0,5263.67,5213.67,50.00,1
244544338078735615,TEWKSBURY HOSPITAL,20170315,2017-03-15,outpatient,1,1,15.0,15.0,0,0,142.58,0.00,142.58,1
41581407780620585,WHITTIER REHABILITATION HOSPITAL - BRADFORD,20170315,2017-03-15,ambulatory,1,1,227.16666666666666,227.16666666666666,0,0,3105.35,0.00,3105.35,1
164982158369714689,A&A HEALTHCARE LLC,20170315,2017-03-15,wellness,1,1,52.05,52.05,0,0,1207.52,966.01,241.51,1
1098770971879567184,MIDDLETON FAMILY MEDICINE URGENT CARE  LLC,20170317,2017-03-17,urgentcare,1,1,33.46666666666667,33.46666666666667,0,0,1343.84,1075.06,268.78,1
50464693234281699,Lynn Community Based Outpatient Clinic (CBOC),20170317,2017-03-17,ambulatory,1,1,164.0,164.0,0,0,772.75,618.20,154.55,1
50464693234281699,Lynn Community Based Outpatient Clinic (CBOC),20170318,2017-03-18,ambulatory,1,1,15.0,15.0,0,0,20719.09,16575.26,4143.83,1
50464693234281699,Lynn Community Based Outpatient Clinic (CBOC),20170320,2017-03-20,ambulatory,1,1,202.0,202.0,0,0,535.87,428.70,107.17,1
50464693234281699,Lynn Community Based Outpatient Clinic (CBOC),20170324,2017-03-24,ambulatory,1,1,229.0,229.0,0,0,535.87,428.70,107.17,1
395615810080261442,ANNA JAQUES HOSPITAL SUBACUTE UNIT,20170324,2017-03-24,ambulatory,1,1,15.0,15.0,0,0,85.55,68.44,17.11,1
50464693234281699,Lynn Community Based Outpatient Clinic (CBOC),20170327,2017-03-27,ambulatory,1,1,216.0,216.0,0,0,1791.03,1432.82,358.21,1
50464693234281699,Lynn Community Based Outpatient Clinic (CBOC),20170330,2017-03-30,ambulatory,2,1,123.0,123.0,0,0,770.58,616.46,154.12,1
719406762791431727,BRIARWOOD REHABILITATION & HEALTHCARE CENTER,20170331,2017-03-31,emergency,1,1,60.0,60.0,0,1,146.18,33.89,112.29,1
395615810080261442,ANNA JAQUES HOSPITAL SUBACUTE UNIT,20170331,2017-03-31,ambulatory,1,1,421.46666666666664,421.46666666666664,0,0,4399.55,3519.64,879.91,1
376833142676655002,HOLISTIC FAMILY PRACTICE  INC.,20170401,2017-04-01,wellness,1,1,45.25,45.25,0,0,994.48,795.58,198.90,1
50464693234281699,Lynn Community Based Outpatient Clinic (CBOC),20170402,2017-04-02,ambulatory,2,1,100.5,100.5,0,0,770.58,616.46,154.12,1
1108258114602746895,CAMBRIDGE REHABILITATION & NURSING CENTER,20170403,2017-04-03,emergency,1,1,60.0,60.0,0,1,6323.03,6273.03,50.00,1
924438841780828326,CENTER FOR DIGESTIVE WELLNESS PC,20170404,2017-04-04,wellness,1,1,15.0,15.0,0,0,272.80,0.00,272.80,1
39538555446517326,VNA & HOSPICE OF GREATER MILFORD,20170404,2017-04-04,emergency,1,1,60.0,60.0,0,1,7342.86,5874.28,1468.58,1
50464693234281699,Lynn Community Based Outpatient Clinic (CBOC),20170405,2017-04-05,ambulatory,1,1,143.0,143.0,0,0,758.75,607.00,151.75,1
137002283324145083,STURDY MEMORIAL HOSPITAL INC,20170406,2017-04-06,outpatient,1,1,19.233333333333334,19.233333333333334,0,0,2739.73,1643.84,1095.89,1
50464693234281699,Lynn Community Based Outpatient Clinic (CBOC),20170408,2017-04-08,ambulatory,1,1,202.0,202.0,0,0,922.42,737.94,184.48,1
50464693234281699,Lynn Community Based Outpatient Clinic (CBOC),20170411,2017-04-11,ambulatory,1,1,190.0,190.0,0,0,535.87,428.70,107.17,1
1031243542611916810,ENCOMPASS HEALTH REHABILITATION HOSP OF NEW ENGLAN,20170411,2017-04-11,ambulatory,1,1,48.333333333333336,48.333333333333336,0,0,5263.67,5213.67,50.00,1
721972786242253874,BOSTON MEDICAL CENTER CORPORATION-,20170414,2017-04-14,ambulatory,1,1,15.0,15.0,0,0,85.55,0.00,85.55,1
50464693234281699,Lynn Community Based Outpatient Clinic (CBOC),20170415,2017-04-15,ambulatory,1,1,127.0,127.0,0,0,873.77,699.02,174.75,1
264175530648959689,SIGNATURE HEALTHCARE MEDICAL GROUP INC,20170416,2017-04-16,wellness,1,1,53.05,53.05,0,0,785.58,785.58,0.00,1
50464693234281699,Lynn Community Based Outpatient Clinic (CBOC),20170417,2017-04-17,ambulatory,1,1,15.0,15.0,0,0,6721.34,5377.06,1344.28,1
723111811226363721,CHESTNUT WOODS REHABILITATION AND HEALTHCARE CTR,20170417,2017-04-17,emergency,1,1,127.43333333333334,127.43333333333334,0,1,4476.29,3581.03,895.26,1
239726299069476648,PERSONALIZED MEDICAL CARE LLC,20170418,2017-04-18,wellness,1,1,15.0,15.0,0,0,1126.28,0.00,1126.28,1
50464693234281699,Lynn Community Based Outpatient Clinic (CBOC),20170418,2017-04-18,ambulatory,1,1,207.0,207.0,0,0,1791.03,1432.82,358.21,1
50464693234281699,Lynn Community Based Outpatient Clinic (CBOC),20170421,2017-04-21,ambulatory,1,1,202.0,202.0,0,0,535.87,428.70,107.17,1
469245621271018320,LYNN URGENT CARE LLC,20170424,2017-04-24,urgentcare,1,1,15.0,15.0,0,0,902.28,0.00,902.28,1
50464693234281699,Lynn Community Based Outpatient Clinic (CBOC),20170424,2017-04-24,ambulatory,1,1,210.0,210.0,0,0,535.87,428.70,107.17,1
559102553183312747,HEBREW REHABILITATION CENTER,20170425,2017-04-25,ambulatory,1,1,195.06666666666666,195.06666666666666,0,0,3536.75,0.00,3536.75,1
50464693234281699,Lynn Community Based Outpatient Clinic (CBOC),20170427,2017-04-27,ambulatory,1,1,131.0,131.0,0,0,535.87,428.70,107.17,1
814284400183858824,PRIMARY CARE NORTH PC,20170429,2017-04-29,wellness,1,1,45.083333333333336,45.083333333333336,0,0,5231.29,4185.03,1046.26,1
651473276246308486,GREATER LAWRENCE FAMILY HEALTH CENTER INC,20170430,2017-04-30,wellness,1,1,30.233333333333334,30.233333333333334,0,0,1402.48,0.00,1402.48,1
801031929336468325,BROCKTON HOSPITAL  INC.,20170430,2017-04-30,ambulatory,1,1,248.95,248.95,0,0,3968.15,3918.15,50.00,1
50464693234281699,Lynn Community Based Outpatient Clinic (CBOC),20170430,2017-04-30,ambulatory,2,1,87.5,87.5,0,0,770.58,616.46,154.12,1
683258316057948949,STEWARD ST. ANNES HOSPITAL CORPORATION,20170501,2017-05-01,ambulatory,1,1,15.0,15.0,0,0,85.55,0.00,85.55,1
50464693234281699,Lynn Community Based Outpatient Clinic (CBOC),20170503,2017-05-03,ambulatory,1,1,187.0,187.0,0,0,1213.78,971.02,242.76,1
1031243542611916810,ENCOMPASS HEALTH REHABILITATION HOSP OF NEW ENGLAN,20170504,2017-05-04,ambulatory,1,1,43.583333333333336,43.583333333333336,0,0,7406.10,7356.10,50.00,1
50464693234281699,Lynn Community Based Outpatient Clinic (CBOC),20170506,2017-05-06,ambulatory,1,1,227.0,227.0,0,0,1727.86,1382.29,345.57,1
50464693234281699,Lynn Community Based Outpatient Clinic (CBOC),20170510,2017-05-10,ambulatory,1,1,219.0,219.0,0,0,1398.15,1118.52,279.63,1
1108258114602746895,CAMBRIDGE REHABILITATION & NURSING CENTER,20170510,2017-05-10,emergency,1,1,60.0,60.0,0,1,146.18,0.00,146.18,1
410915144747947572,COOLEY DICKINSON HOSPITAL INC,20170512,2017-05-12,outpatient,1,1,15.0,15.0,0,0,142.58,0.00,142.58,1
353447819048907343,CAMBRIDGE PUBLIC HEALTH COMMISSION,20170512,2017-05-12,ambulatory,1,1,1792.3166666666666,1792.3166666666666,0,0,8101.84,8051.84,50.00,1
683258316057948949,STEWARD ST. ANNES HOSPITAL CORPORATION,20170513,2017-05-13,outpatient,1,1,27.816666666666666,27.816666666666666,0,0,12008.60,5344.54,6664.06,1
50464693234281699,Lynn Community Based Outpatient Clinic (CBOC),20170513,2017-05-13,ambulatory,1,1,164.0,164.0,0,0,535.87,428.70,107.17,1
340901791751100142,WP ACQUISITION SUB LLC,20170514,2017-05-14,ambulatory,1,1,329.65,329.65,0,0,4830.95,1877.25,2953.70,1
353447819048907343,CAMBRIDGE PUBLIC HEALTH COMMISSION,20170515,2017-05-15,ambulatory,1,1,57.916666666666664,57.916666666666664,0,0,573.98,523.98,50.00,1
50464693234281699,Lynn Community Based Outpatient Clinic (CBOC),20170516,2017-05-16,ambulatory,1,1,208.0,208.0,0,0,1430.02,1144.02,286.00,1
635544131513586331,CAMBRIDGE PUBLIC HEALTH COMMISSION,20170516,2017-05-16,inpatient,1,1,1599.6833333333334,1599.6833333333334,1,0,25325.38,25275.38,50.00,1
50464693234281699,Lynn Community Based Outpatient Clinic (CBOC),20170519,2017-05-19,ambulatory,1,1,223.0,223.0,0,0,624.64,499.71,124.93,1
1100386330438199965,WALTHAM WESTON INTERNAL MEDICINE ASSOCIATES  P.C.,20170519,2017-05-19,wellness,1,1,40.05,40.05,0,0,1500.46,1200.36,300.10,1
50464693234281699,Lynn Community Based Outpatient Clinic (CBOC),20170520,2017-05-20,ambulatory,1,1,15.0,15.0,0,0,5355.80,4284.63,1071.17,1
50464693234281699,Lynn Community Based Outpatient Clinic (CBOC),20170522,2017-05-22,ambulatory,1,1,188.0,188.0,0,0,1614.74,1291.79,322.95,1
50464693234281699,Lynn Community Based Outpatient Clinic (CBOC),20170525,2017-05-25,ambulatory,1,1,193.0,193.0,0,0,536.62,429.30,107.32,1
389966452681632557,BETH ISRAEL DEACONESS HOSPITAL-NEEDHAM  INC.,20170526,2017-05-26,ambulatory,1,1,46.583333333333336,46.583333333333336,0,0,3236.96,2589.56,647.40,1
353447819048907343,CAMBRIDGE PUBLIC HEALTH COMMISSION,20170527,2017-05-27,ambulatory,1,1,15.0,15.0,0,0,516.95,466.95,50.00,1
334510102683813647,BOSTON MEDICAL CENTER CORPORATION-,20170528,2017-05-28,wellness,1,1,15.0,15.0,0,0,816.80,0.00,816.80,1
50464693234281699,Lynn Community Based Outpatient Clinic (CBOC),20170528,2017-05-28,ambulatory,1,1,199.0,199.0,0,0,675.15,540.12,135.03,1
1031243542611916810,ENCOMPASS HEALTH REHABILITATION HOSP OF NEW ENGLAN,20170529,2017-05-29,ambulatory,1,1,35.31666666666667,35.31666666666667,0,0,5263.67,5113.67,150.00,1
50464693234281699,Lynn Community Based Outpatient Clinic (CBOC),20170601,2017-06-01,ambulatory,2,1,124.5,124.5,0,0,1285.66,1028.52,257.14,1
919548777387151765,SOUTH SHORE CENTER FOR WELLNESS LTD,20170603,2017-06-03,wellness,1,1,51.083333333333336,51.083333333333336,0,0,778.78,0.00,778.78,1
392549857133219292,CAPE COD HOSPITAL INC,20170608,2017-06-08,ambulatory,1,1,15.0,15.0,0,0,85.55,0.00,85.55,1
39538555446517326,VNA & HOSPICE OF GREATER MILFORD,20170610,2017-06-10,emergency,1,1,60.0,60.0,0,1,146.18,116.94,29.24,1
50464693234281699,Lynn Community Based Outpatient Clinic (CBOC),20170610,2017-06-10,wellness,1,1,57.266666666666666,57.266666666666666,0,0,1222.93,978.33,244.60,1
50464693234281699,Lynn Community Based Outpatient Clinic (CBOC),20170617,2017-06-17,ambulatory,1,1,202.0,202.0,0,0,898.66,718.93,179.73,1
132019786462314408,DAVIS SQUARE FAMILY PRACTICE,20170619,2017-06-19,wellness,1,1,39.6,39.6,0,0,1371.84,1368.02,3.82,1
353447819048907343,CAMBRIDGE PUBLIC HEALTH COMMISSION,20170619,2017-06-19,ambulatory,1,1,43.0,43.0,0,0,516.95,466.95,50.00,1
1031243542611916810,ENCOMPASS HEALTH REHABILITATION HOSP OF NEW ENGLAN,20170620,2017-06-20,ambulatory,1,1,37.61666666666667,37.61666666666667,0,0,9297.07,9247.07,50.00,1
50464693234281699,Lynn Community Based Outpatient Clinic (CBOC),20170620,2017-06-20,ambulatory,1,1,141.0,141.0,0,0,535.87,428.70,107.17,1
741458505160782152,LOWELL COMMUNITY HEALTH CENTER,20170621,2017-06-21,emergency,1,1,60.0,60.0,0,1,146.18,0.00,146.18,1
50464693234281699,Lynn Community Based Outpatient Clinic (CBOC),20170623,2017-06-23,ambulatory,1,1,128.0,128.0,0,0,1686.60,1349.28,337.32,1
244544338078735615,TEWKSBURY HOSPITAL,20170623,2017-06-23,ambulatory,1,1,15.0,15.0,0,0,142.58,0.00,142.58,1
679818074188163933,ARBOUR-FULLER HOSPITAL,20170627,2017-06-27,ambulatory,1,1,76.73333333333333,76.73333333333333,0,0,1083.56,0.00,1083.56,1
694540912856437675,PULMONARY INTERNISTS AND CONSULTANTS PC,20170627,2017-06-27,wellness,1,1,57.666666666666664,57.666666666666664,0,0,704.20,0.00,704.20,1
50464693234281699,Lynn Community Based Outpatient Clinic (CBOC),20170701,2017-07-01,ambulatory,2,1,106.48333333333333,106.48333333333333,0,0,14852.07,11881.65,2970.42,1
741458505160782152,LOWELL COMMUNITY HEALTH CENTER,20170702,2017-07-02,wellness,1,1,32.266666666666666,32.266666666666666,0,0,1050.78,0.00,1050.78,1
635544131513586331,CAMBRIDGE PUBLIC HEALTH COMMISSION,20170703,2017-07-03,ambulatory,1,1,329.25,329.25,0,0,4830.95,4780.95,50.00,1
1003634539940818261,CHARLES RIVER COMMUNITY HEALTH  INC,20170703,2017-07-03,wellness,1,1,15.0,15.0,0,0,755.38,755.38,0.00,1
44500129533123678,SOUTHCOAST HOSPITALS GROUP INC,20170704,2017-07-04,outpatient,1,1,28.333333333333332,28.333333333333332,0,0,4052.91,3055.93,996.98,1
137002283324145083,STURDY MEMORIAL HOSPITAL INC,20170706,2017-07-06,outpatient,1,1,16.1,16.1,0,0,1354.67,0.00,1354.67,1
556944320275034302,PARADIGM HEALTHCARE  PC,20170707,2017-07-07,wellness,1,1,52.63333333333333,52.63333333333333,0,0,778.78,0.00,778.78,1
50464693234281699,Lynn Community Based Outpatient Clinic (CBOC),20170708,2017-07-08,ambulatory,2,1,94.0,94.0,0,0,974.82,779.85,194.97,1
407314214986713425,KINDRED  HOSPICE,20170711,2017-07-11,hospice,1,1,24511.716666666667,24511.716666666667,0,0,8334.13,6667.30,1666.83,1
50464693234281699,Lynn Community Based Outpatient Clinic (CBOC),20170711,2017-07-11,ambulatory,1,1,219.0,219.0,0,0,793.67,634.94,158.73,1
1031243542611916810,ENCOMPASS HEALTH REHABILITATION HOSP OF NEW ENGLAN,20170712,2017-07-12,ambulatory,1,1,36.95,36.95,0,0,20626.96,20576.96,50.00,1
353447819048907343,CAMBRIDGE PUBLIC HEALTH COMMISSION,20170712,2017-07-12,ambulatory,1,1,70.0,70.0,0,0,516.95,466.95,50.00,1
288384166086759286,MEDFORD REHABILITATION AND NURSING CENTER,20170712,2017-07-12,emergency,1,1,60.0,60.0,0,1,146.18,96.18,50.00,1
50464693234281699,Lynn Community Based Outpatient Clinic (CBOC),20170714,2017-07-14,ambulatory,1,1,188.0,188.0,0,0,535.87,428.70,107.17,1
719406762791431727,BRIARWOOD REHABILITATION & HEALTHCARE CENTER,20170716,2017-07-16,emergency,1,1,60.0,60.0,0,1,5308.14,5258.14,50.00,1
50464693234281699,Lynn Community Based Outpatient Clinic (CBOC),20170717,2017-07-17,ambulatory,1,1,147.0,147.0,0,0,535.87,428.70,107.17,1
50464693234281699,Lynn Community Based Outpatient Clinic (CBOC),20170720,2017-07-20,ambulatory,1,1,146.0,146.0,0,0,1045.81,836.65,209.16,1
410915144747947572,COOLEY DICKINSON HOSPITAL INC,20170721,2017-07-21,ambulatory,1,1,199.08333333333334,199.08333333333334,0,0,3536.75,0.00,3536.75,1
484606205110823681,FAMILY MEDICINE ASSOCIATES OF SOUTH ATTLEBORO  P.C.,20170722,2017-07-22,wellness,1,1,15.0,15.0,0,0,914.78,0.00,914.78,1
50464693234281699,Lynn Community Based Outpatient Clinic (CBOC),20170723,2017-07-23,ambulatory,1,1,193.0,193.0,0,0,551.54,441.23,110.31,1
76613554195130854,TREE OF LIFE HEALTHCARE ASSOCIATES,20170726,2017-07-26,wellness,1,1,15.0,15.0,0,0,272.80,0.00,272.80,1
50464693234281699,Lynn Community Based Outpatient Clinic (CBOC),20170727,2017-07-27,ambulatory,1,1,189.0,189.0,0,0,637.46,509.97,127.49,1
50464693234281699,Lynn Community Based Outpatient Clinic (CBOC),20170730,2017-07-30,ambulatory,1,1,180.0,180.0,0,0,1285.55,1028.44,257.11,1
658306035533165929,VMD PRIMARY PROVIDERS MASSACHUSETTS PLLC,20170801,2017-08-01,wellness,1,1,15.0,15.0,0,0,211.38,169.10,42.28,1
50464693234281699,Lynn Community Based Outpatient Clinic (CBOC),20170802,2017-08-02,ambulatory,1,1,170.0,170.0,0,0,574.45,459.56,114.89,1
353447819048907343,CAMBRIDGE PUBLIC HEALTH COMMISSION,20170802,2017-08-02,ambulatory,1,1,71.0,71.0,0,0,516.95,466.95,50.00,1
50464693234281699,Lynn Community Based Outpatient Clinic (CBOC),20170804,2017-08-04,ambulatory,1,1,15.0,15.0,0,0,5419.02,4335.21,1083.81,1
519045679495899753,HANOVER FAMILY HEALTH & URGENT CARE PC,20170805,2017-08-05,urgentcare,1,1,32.53333333333333,32.53333333333333,0,0,709.98,0.00,709.98,1
679818074188163933,ARBOUR-FULLER HOSPITAL,20170805,2017-08-05,ambulatory,1,1,176.85,176.85,0,0,2673.95,0.00,2673.95,1
50464693234281699,Lynn Community Based Outpatient Clinic (CBOC),20170805,2017-08-05,ambulatory,1,1,155.0,155.0,0,0,535.87,428.70,107.17,1
1031243542611916810,ENCOMPASS HEALTH REHABILITATION HOSP OF NEW ENGLAN,20170806,2017-08-06,ambulatory,1,1,32.833333333333336,32.833333333333336,0,0,13706.88,13656.88,50.00,1
50464693234281699,Lynn Community Based Outpatient Clinic (CBOC),20170808,2017-08-08,ambulatory,2,1,102.5,102.5,0,0,770.58,616.46,154.12,1
50464693234281699,Lynn Community Based Outpatient Clinic (CBOC),20170811,2017-08-11,ambulatory,1,1,122.0,122.0,0,0,535.87,428.70,107.17,1
222681380209834388,SOUTH SHORE HOSPITAL INC.,20170812,2017-08-12,ambulatory,1,1,15.15,15.15,0,0,629.53,0.00,629.53,1
50464693234281699,Lynn Community Based Outpatient Clinic (CBOC),20170814,2017-08-14,ambulatory,1,1,148.0,148.0,0,0,697.97,558.38,139.59,1
50464693234281699,Lynn Community Based Outpatient Clinic (CBOC),20170817,2017-08-17,ambulatory,1,1,174.0,174.0,0,0,535.87,428.70,107.17,1
50464693234281699,Lynn Community Based Outpatient Clinic (CBOC),20170820,2017-08-20,ambulatory,1,1,221.0,221.0,0,0,702.18,561.74,140.44,1
353447819048907343,CAMBRIDGE PUBLIC HEALTH COMMISSION,20170823,2017-08-23,ambulatory,1,1,69.0,69.0,0,0,516.95,481.95,35.00,1
50464693234281699,Lynn Community Based Outpatient Clinic (CBOC),20170824,2017-08-24,ambulatory,1,1,226.0,226.0,0,0,535.87,428.70,107.17,1
389966452681632557,BETH ISRAEL DEACONESS HOSPITAL-NEEDHAM  INC.,20170824,2017-08-24,ambulatory,1,1,15.0,15.0,0,0,85.55,35.55,50.00,1
50464693234281699,Lynn Community Based Outpatient Clinic (CBOC),20170827,2017-08-27,ambulatory,1,1,205.0,205.0,0,0,535.87,428.70,107.17,1
334510102683813647,BOSTON MEDICAL CENTER CORPORATION-,20170827,2017-08-27,wellness,1,1,15.0,15.0,0,0,1135.60,0.00,1135.60,1
1031243542611916810,ENCOMPASS HEALTH REHABILITATION HOSP OF NEW ENGLAN,20170828,2017-08-28,ambulatory,1,1,40.233333333333334,40.233333333333334,0,0,20626.96,20576.96,50.00,1
50464693234281699,Lynn Community Based Outpatient Clinic (CBOC),20170830,2017-08-30,ambulatory,1,1,212.0,212.0,0,0,535.87,428.70,107.17,1
1108258114602746895,CAMBRIDGE REHABILITATION & NURSING CENTER,20170901,2017-09-01,emergency,1,1,60.0,60.0,0,1,146.18,96.18,50.00,1
50464693234281699,Lynn Community Based Outpatient Clinic (CBOC),20170902,2017-09-02,ambulatory,1,1,190.0,190.0,0,0,891.33,713.06,178.27,1
50464693234281699,Lynn Community Based Outpatient Clinic (CBOC),20170905,2017-09-05,ambulatory,1,1,199.0,199.0,0,0,707.48,565.98,141.50,1
160559015988030201,HEALTHFIRST FAMILY CARE CENTER INC,20170905,2017-09-05,wellness,1,1,56.45,56.45,0,0,1050.78,0.00,1050.78,1
132019786462314408,DAVIS SQUARE FAMILY PRACTICE,20170907,2017-09-07,wellness,1,1,47.766666666666666,47.766666666666666,0,0,1119.55,1119.55,0.00,1
50464693234281699,Lynn Community Based Outpatient Clinic (CBOC),20170908,2017-09-08,ambulatory,1,1,226.0,226.0,0,0,604.83,483.86,120.97,1
50464693234281699,Lynn Community Based Outpatient Clinic (CBOC),20170909,2017-09-09,ambulatory,1,1,15.0,15.0,0,0,234.71,187.76,46.95,1
50464693234281699,Lynn Community Based Outpatient Clinic (CBOC),20170912,2017-09-12,ambulatory,1,1,178.0,178.0,0,0,1791.03,1432.82,358.21,1
353447819048907343,CAMBRIDGE PUBLIC HEALTH COMMISSION,20170913,2017-09-13,ambulatory,1,1,96.0,96.0,0,0,516.95,481.95,35.00,1
137002283324145083,STURDY MEMORIAL HOSPITAL INC,20170914,2017-09-14,ambulatory,1,1,15.0,15.0,0,0,3477.24,0.00,3477.24,1
50464693234281699,Lynn Community Based Outpatient Clinic (CBOC),20170915,2017-09-15,ambulatory,1,1,161.0,161.0,0,0,1202.85,962.28,240.57,1
50464693234281699,Lynn Community Based Outpatient Clinic (CBOC),20170918,2017-09-18,ambulatory,1,1,133.0,133.0,0,0,1332.21,1065.77,266.44,1
683258316057948949,STEWARD ST. ANNES HOSPITAL CORPORATION,20170919,2017-09-19,ambulatory,1,1,168.78333333333333,168.78333333333333,0,0,2673.95,0.00,2673.95,1
50464693234281699,Lynn Community Based Outpatient Clinic (CBOC),20170921,2017-09-21,ambulatory,1,1,159.0,159.0,0,0,693.59,554.87,138.72,1
44500129533123678,SOUTHCOAST HOSPITALS GROUP INC,20170924,2017-09-24,ambulatory,1,1,15.0,15.0,0,0,85.55,0.00,85.55,1
50464693234281699,Lynn Community Based Outpatient Clinic (CBOC),20170924,2017-09-24,ambulatory,1,1,147.0,147.0,0,0,535.87,428.70,107.17,1
1031243542611916810,ENCOMPASS HEALTH REHABILITATION HOSP OF NEW ENGLAN,20170925,2017-09-25,ambulatory,1,1,23.983333333333334,23.983333333333334,0,0,5263.67,5213.67,50.00,1
719406762791431727,BRIARWOOD REHABILITATION & HEALTHCARE CENTER,20170926,2017-09-26,emergency,1,1,60.0,60.0,0,1,5308.14,5258.14,50.00,1
50464693234281699,Lynn Community Based Outpatient Clinic (CBOC),20170927,2017-09-27,ambulatory,1,1,136.0,136.0,0,0,1791.03,1432.82,358.21,1
544412707586716213,FAIRVIEW HOSPITAL,20170929,2017-09-29,wellness,1,1,16.133333333333333,16.133333333333333,0,0,919.90,819.90,100.00,1
50464693234281699,Lynn Community Based Outpatient Clinic (CBOC),20170930,2017-09-30,ambulatory,1,1,162.0,162.0,0,0,1462.52,1170.02,292.50,1
703727186913582450,ASSOCIATED INTERNISTS OF RANDOLPH  INC.,20171001,2017-10-01,wellness,1,1,33.4,33.4,0,0,704.20,0.00,704.20,1
50464693234281699,Lynn Community Based Outpatient Clinic (CBOC),20171003,2017-10-03,ambulatory,1,1,136.0,136.0,0,0,1791.03,1432.82,358.21,1
137002283324145083,STURDY MEMORIAL HOSPITAL INC,20171005,2017-10-05,outpatient,1,1,15.0,15.0,0,0,4575.68,1988.15,2587.53,1
353447819048907343,CAMBRIDGE PUBLIC HEALTH COMMISSION,20171005,2017-10-05,ambulatory,1,1,15.0,15.0,0,0,516.95,481.95,35.00,1
50464693234281699,Lynn Community Based Outpatient Clinic (CBOC),20171006,2017-10-06,ambulatory,1,1,184.0,184.0,0,0,535.87,428.70,107.17,1
50464693234281699,Lynn Community Based Outpatient Clinic (CBOC),20171009,2017-10-09,ambulatory,1,1,194.0,194.0,0,0,535.87,428.70,107.17,1
50464693234281699,Lynn Community Based Outpatient Clinic (CBOC),20171010,2017-10-10,ambulatory,1,1,15.0,15.0,0,0,234.71,187.76,46.95,1
50464693234281699,Lynn Community Based Outpatient Clinic (CBOC),20171013,2017-10-13,ambulatory,1,1,138.0,138.0,0,0,870.56,696.45,174.11,1
332886644979055046,MILFORD REGIONAL MEDICAL CENTER,20171014,2017-10-14,ambulatory,1,1,21.45,21.45,0,0,120.06,85.06,35.00,1
93679773638781409,TUFTS MEDICAL CENTER,20171014,2017-10-14,ambulatory,1,1,15.0,15.0,0,0,85.55,0.00,85.55,1
50464693234281699,Lynn Community Based Outpatient Clinic (CBOC),20171016,2017-10-16,ambulatory,1,1,192.0,192.0,0,0,1791.03,1432.82,358.21,1
557025406090317911,DILIGENCEHEALTHCARE,20171017,2017-10-17,wellness,1,1,15.0,15.0,0,0,706.80,0.00,706.80,1
50464693234281699,Lynn Community Based Outpatient Clinic (CBOC),20171019,2017-10-19,ambulatory,1,1,200.0,200.0,0,0,961.94,769.55,192.39,1
1031243542611916810,ENCOMPASS HEALTH REHABILITATION HOSP OF NEW ENGLAN,20171022,2017-10-22,ambulatory,1,1,52.06666666666667,52.06666666666667,0,0,7271.72,7221.72,50.00,1
50464693234281699,Lynn Community Based Outpatient Clinic (CBOC),20171022,2017-10-22,ambulatory,1,1,136.0,136.0,0,0,1791.03,1432.82,358.21,1
332886644979055046,MILFORD REGIONAL MEDICAL CENTER,20171025,2017-10-25,outpatient,1,1,57.28333333333333,57.28333333333333,0,0,598.33,563.33,35.00,1
50464693234281699,Lynn Community Based Outpatient Clinic (CBOC),20171025,2017-10-25,ambulatory,1,1,195.0,195.0,0,0,535.87,428.70,107.17,1
353447819048907343,CAMBRIDGE PUBLIC HEALTH COMMISSION,20171027,2017-10-27,ambulatory,1,1,86.0,86.0,0,0,516.95,481.95,35.00,1
50464693234281699,Lynn Community Based Outpatient Clinic (CBOC),20171028,2017-10-28,ambulatory,1,1,234.0,234.0,0,0,535.87,428.70,107.17,1
420221548349436151,MOUNT AUBURN HOSPITAL,20171030,2017-10-30,ambulatory,1,1,15.0,15.0,0,0,85.55,0.00,85.55,1
50464693234281699,Lynn Community Based Outpatient Clinic (CBOC),20171031,2017-10-31,ambulatory,1,1,151.0,151.0,0,0,1791.03,1432.82,358.21,1
353447819048907343,CAMBRIDGE PUBLIC HEALTH COMMISSION,20171101,2017-11-01,ambulatory,1,1,15.0,15.0,0,0,85.55,50.55,35.00,1
109016295863276866,FAMILY SERVICE ASSOCIATION OF GREATER FALL RIVER INC,20171102,2017-11-02,wellness,1,1,15.0,15.0,0,0,796.11,0.00,796.11,1
654096641582644263,BL HEALTHCARE INC DELEWARE,20171102,2017-11-02,wellness,1,1,39.75,39.75,0,0,1247.82,748.70,499.12,1
50464693234281699,Lynn Community Based Outpatient Clinic (CBOC),20171103,2017-11-03,ambulatory,1,1,182.0,182.0,0,0,535.87,428.70,107.17,1
420221548349436151,MOUNT AUBURN HOSPITAL,20171107,2017-11-07,outpatient,1,1,15.0,15.0,0,0,652.95,0.00,652.95,1
50464693234281699,Lynn Community Based Outpatient Clinic (CBOC),20171107,2017-11-07,ambulatory,1,1,181.0,181.0,0,0,732.53,586.02,146.51,1
332886644979055046,MILFORD REGIONAL MEDICAL CENTER,20171108,2017-11-08,ambulatory,1,1,411.5833333333333,411.5833333333333,0,0,5262.35,5227.35,35.00,1
790885867393293671,DUTTON FAMILY CARE ASSOCIATES LLP,20171109,2017-11-09,wellness,1,1,38.3,38.3,0,0,994.48,0.00,994.48,1
50464693234281699,Lynn Community Based Outpatient Clinic (CBOC),20171110,2017-11-10,ambulatory,2,1,71.0,71.0,0,0,1096.29,877.02,219.27,1
1031243542611916810,ENCOMPASS HEALTH REHABILITATION HOSP OF NEW ENGLAN,20171112,2017-11-12,ambulatory,1,1,36.516666666666666,36.516666666666666,0,0,5263.67,5213.67,50.00,1
50464693234281699,Lynn Community Based Outpatient Clinic (CBOC),20171113,2017-11-13,ambulatory,1,1,190.0,190.0,0,0,1065.17,852.14,213.03,1
420221548349436151,MOUNT AUBURN HOSPITAL,20171114,2017-11-14,ambulatory,1,1,222.46666666666667,222.46666666666667,0,0,3968.15,2871.99,1096.16,1
50464693234281699,Lynn Community Based Outpatient Clinic (CBOC),20171116,2017-11-16,ambulatory,1,1,159.0,159.0,0,0,535.87,428.70,107.17,1
866549107229357074,HOPKINTON MEDICAL CARE  P.C.,20171116,2017-11-16,wellness,1,1,15.0,15.0,0,0,1463.90,4.72,1459.18,1
50464693234281699,Lynn Community Based Outpatient Clinic (CBOC),20171119,2017-11-19,ambulatory,1,1,199.0,199.0,0,0,546.90,437.52,109.38,1
1108258114602746895,CAMBRIDGE REHABILITATION & NURSING CENTER,20171119,2017-11-19,emergency,1,1,60.0,60.0,0,1,87.71,37.71,50.00,1
1053862909723414558,COMPASSIONATE HEALTH CARE GROUP LLC,20171120,2017-11-20,wellness,1,1,40.13333333333333,40.13333333333333,0,0,1132.16,1032.16,100.00,1
50464693234281699,Lynn Community Based Outpatient Clinic (CBOC),20171122,2017-11-22,ambulatory,1,1,153.0,153.0,0,0,845.50,676.40,169.10,1
93679773638781409,TUFTS MEDICAL CENTER,20171123,2017-11-23,ambulatory,1,1,180.46666666666667,180.46666666666667,0,0,2673.95,0.00,2673.95,1
332886644979055046,MILFORD REGIONAL MEDICAL CENTER,20171123,2017-11-23,ambulatory,1,1,168.3,168.3,0,0,2673.95,2139.16,534.79,1
50464693234281699,Lynn Community Based Outpatient Clinic (CBOC),20171125,2017-11-25,ambulatory,1,1,203.0,203.0,0,0,1791.03,1432.82,358.21,1
439410479591029051,LOWELL FAMILY MEDICAL CARE PC,20171127,2017-11-27,wellness,1,1,48.666666666666664,48.666666666666664,0,0,914.78,0.00,914.78,1
50464693234281699,Lynn Community Based Outpatient Clinic (CBOC),20171128,2017-11-28,ambulatory,1,1,201.0,201.0,0,0,535.87,428.70,107.17,1
396031016204066515,LYNN COMMUNITY HEALTH,20171128,2017-11-28,wellness,1,1,15.0,15.0,0,0,704.20,604.20,100.00,1
814284400183858824,PRIMARY CARE NORTH PC,20171130,2017-11-30,wellness,1,1,46.916666666666664,46.916666666666664,0,0,785.58,0.00,785.58,1
50464693234281699,Lynn Community Based Outpatient Clinic (CBOC),20171202,2017-12-02,ambulatory,1,1,163.0,163.0,0,0,535.87,428.70,107.17,1
622746900524004548,WHITTIER REHABILTATION HOSPITAL,20171205,2017-12-05,ambulatory,1,1,225.06666666666666,225.06666666666666,0,0,3536.75,3466.69,70.06,1
1031243542611916810,ENCOMPASS HEALTH REHABILITATION HOSP OF NEW ENGLAN,20171205,2017-12-05,ambulatory,1,1,27.816666666666666,27.816666666666666,0,0,15732.74,15682.74,50.00,1
50464693234281699,Lynn Community Based Outpatient Clinic (CBOC),20171205,2017-12-05,ambulatory,1,1,204.0,204.0,0,0,1791.03,1432.82,358.21,1
815218868737845247,Causeway OPC,20171207,2017-12-07,wellness,1,1,35.21666666666667,35.21666666666667,0,0,1507.26,1205.80,301.46,1
50464693234281699,Lynn Community Based Outpatient Clinic (CBOC),20171208,2017-12-08,ambulatory,1,1,235.0,235.0,0,0,1023.10,818.48,204.62,1
50464693234281699,Lynn Community Based Outpatient Clinic (CBOC),20171211,2017-12-11,ambulatory,2,1,97.0,97.0,0,0,1405.49,1124.38,281.11,1
50464693234281699,Lynn Community Based Outpatient Clinic (CBOC),20171214,2017-12-14,ambulatory,1,1,220.0,220.0,0,0,1060.23,848.18,212.05,1
50464693234281699,Lynn Community Based Outpatient Clinic (CBOC),20171217,2017-12-17,ambulatory,1,1,163.0,163.0,0,0,1244.53,995.62,248.91,1
50464693234281699,Lynn Community Based Outpatient Clinic (CBOC),20171220,2017-12-20,ambulatory,1,1,209.0,209.0,0,0,1446.78,1157.42,289.36,1
815218868737845247,Causeway OPC,20171221,2017-12-21,ambulatory,1,1,359.1666666666667,359.1666666666667,0,0,4399.55,3519.64,879.91,1
50464693234281699,Lynn Community Based Outpatient Clinic (CBOC),20171224,2017-12-24,ambulatory,1,1,135.0,135.0,0,0,1048.10,838.48,209.62,1
1031243542611916810,ENCOMPASS HEALTH REHABILITATION HOSP OF NEW ENGLAN,20171226,2017-12-26,ambulatory,1,1,15.45,15.45,0,0,6806.87,6756.87,50.00,1
50464693234281699,Lynn Community Based Outpatient Clinic (CBOC),20171227,2017-12-27,ambulatory,1,1,207.0,207.0,0,0,535.87,428.70,107.17,1
50464693234281699,Lynn Community Based Outpatient Clinic (CBOC),20171230,2017-12-30,ambulatory,1,1,234.0,234.0,0,0,535.87,428.70,107.17,1
29818448345197287,GREATER LAWRENCE FAMILY HEALTH CENTER INC,20171230,2017-12-30,wellness,1,1,15.733333333333333,15.733333333333333,0,0,1281.39,1181.39,100.00,1
249985492892219599,WHITLEY WELLNESS LLC,20180101,2018-01-01,wellness,1,1,15.0,15.0,0,0,704.20,563.36,140.84,1
50464693234281699,Lynn Community Based Outpatient Clinic (CBOC),20180102,2018-01-02,ambulatory,1,1,227.0,227.0,0,0,1458.74,1166.99,291.75,1
1108258114602746895,CAMBRIDGE REHABILITATION & NURSING CENTER,20180102,2018-01-02,emergency,1,1,60.0,60.0,0,1,146.18,96.18,50.00,1
137002283324145083,STURDY MEMORIAL HOSPITAL INC,20180104,2018-01-04,outpatient,1,1,15.316666666666666,15.316666666666666,0,0,1250.85,750.51,500.34,1
50464693234281699,Lynn Community Based Outpatient Clinic (CBOC),20180105,2018-01-05,ambulatory,1,1,224.0,224.0,0,0,1791.03,1432.82,358.21,1
721972786242253874,BOSTON MEDICAL CENTER CORPORATION-,20180108,2018-01-08,ambulatory,1,1,214.3,214.3,0,0,3968.15,3174.52,793.63,1
41581407780620585,WHITTIER REHABILITATION HOSPITAL - BRADFORD,20180110,2018-01-10,ambulatory,2,1,50.083333333333336,50.083333333333336,0,0,40528.85,21184.89,19343.96,1
472226794892644975,HAVERHILL FAMILY OFFICE LLC,20180111,2018-01-11,wellness,1,1,15.0,15.0,0,0,919.90,0.00,919.90,1
50464693234281699,Lynn Community Based Outpatient Clinic (CBOC),20180113,2018-01-13,ambulatory,1,1,44.0,44.0,0,0,2730.98,2102.34,628.64,1
116650824977762570,MEASURED WELLNESS LLC,20180114,2018-01-14,wellness,1,1,34.083333333333336,34.083333333333336,0,0,704.20,0.00,704.20,1
1031243542611916810,ENCOMPASS HEALTH REHABILITATION HOSP OF NEW ENGLAN,20180116,2018-01-16,ambulatory,1,1,25.383333333333333,25.383333333333333,0,0,5263.67,5213.67,50.00,1
969560228442772145,FAMILY PRACTICE GROUP PC,20180117,2018-01-17,wellness,1,1,40.6,40.6,0,0,778.78,678.78,100.00,1
340901791751100142,WP ACQUISITION SUB LLC,20180118,2018-01-18,ambulatory,1,1,457.1666666666667,457.1666666666667,0,0,5262.35,3883.35,1379.00,1
679474484616751075,NEWBURYPORT FAMILY PRACTICE P.C.,20180120,2018-01-20,wellness,1,1,15.0,15.0,0,0,750.25,0.00,750.25,1
50464693234281699,Lynn Community Based Outpatient Clinic (CBOC),20180120,2018-01-20,ambulatory,2,1,69.5,69.5,0,0,1053.79,843.02,210.77,1
520806008221098162,FIRST PSYCHIATRIC PLANNERS  INC,20180122,2018-01-22,ambulatory,1,1,15.0,15.0,0,0,85.55,0.00,85.55,1
969560228442772145,FAMILY PRACTICE GROUP PC,20180122,2018-01-22,wellness,1,1,15.0,15.0,0,0,488.50,488.50,0.00,1
50464693234281699,Lynn Community Based Outpatient Clinic (CBOC),20180123,2018-01-23,ambulatory,1,1,212.0,212.0,0,0,535.87,428.70,107.17,1
969560228442772145,FAMILY PRACTICE GROUP PC,20180123,2018-01-23,wellness,1,1,15.0,15.0,0,0,136.80,109.44,27.36,1
50464693234281699,Lynn Community Based Outpatient Clinic (CBOC),20180126,2018-01-26,ambulatory,1,1,146.0,146.0,0,0,535.87,428.70,107.17,1
740843053744993432,BRIGHAM AND WOMEN'S FAULKNER HOSPITAL  INC.,20180128,2018-01-28,ambulatory,1,1,167.18333333333334,167.18333333333334,0,0,2673.95,0.00,2673.95,1
50464693234281699,Lynn Community Based Outpatient Clinic (CBOC),20180129,2018-01-29,ambulatory,1,1,159.0,159.0,0,0,564.21,451.37,112.84,1
50464693234281699,Lynn Community Based Outpatient Clinic (CBOC),20180201,2018-02-01,ambulatory,1,1,184.0,184.0,0,0,1791.03,1432.82,358.21,1
846294596561620579,WESTFORD INTERNAL MEDICINE PC,20180202,2018-02-02,wellness,1,1,15.0,15.0,0,0,272.80,0.00,272.80,1
50464693234281699,Lynn Community Based Outpatient Clinic (CBOC),20180204,2018-02-04,ambulatory,1,1,198.0,198.0,0,0,867.38,693.90,173.48,1
41581407780620585,WHITTIER REHABILITATION HOSPITAL - BRADFORD,20180207,2018-02-07,ambulatory,1,1,15.0,15.0,0,0,12676.46,12676.46,0.00,1
719406762791431727,BRIARWOOD REHABILITATION & HEALTHCARE CENTER,20180207,2018-02-07,emergency,1,1,60.0,60.0,0,1,146.18,96.18,50.00,1
1031243542611916810,ENCOMPASS HEALTH REHABILITATION HOSP OF NEW ENGLAN,20180207,2018-02-07,ambulatory,1,1,20.3,20.3,0,0,5263.67,5213.67,50.00,1
50464693234281699,Lynn Community Based Outpatient Clinic (CBOC),20180208,2018-02-08,ambulatory,1,1,209.0,209.0,0,0,1791.03,1432.82,358.21,1
50464693234281699,Lynn Community Based Outpatient Clinic (CBOC),20180211,2018-02-11,ambulatory,1,1,178.0,178.0,0,0,950.53,760.42,190.11,1
50464693234281699,Lynn Community Based Outpatient Clinic (CBOC),20180214,2018-02-14,ambulatory,1,1,179.0,179.0,0,0,628.35,502.68,125.67,1
623047219859228790,GARDEN STATE HEALTHCARE ASSOCIATES LLC,20180216,2018-02-16,wellness,1,1,47.53333333333333,47.53333333333333,0,0,1507.26,1021.59,485.67,1
353447819048907343,CAMBRIDGE PUBLIC HEALTH COMMISSION,20180216,2018-02-16,ambulatory,1,1,35.083333333333336,35.083333333333336,0,0,573.98,538.98,35.00,1
50464693234281699,Lynn Community Based Outpatient Clinic (CBOC),20180217,2018-02-17,ambulatory,1,1,171.0,171.0,0,0,535.87,428.70,107.17,1
39538555446517326,VNA & HOSPICE OF GREATER MILFORD,20180217,2018-02-17,emergency,1,1,60.0,60.0,0,1,13989.92,13954.92,35.00,1
50464693234281699,Lynn Community Based Outpatient Clinic (CBOC),20180220,2018-02-20,ambulatory,2,1,119.5,119.5,0,0,941.41,753.12,188.29,1
50464693234281699,Lynn Community Based Outpatient Clinic (CBOC),20180223,2018-02-23,ambulatory,1,1,230.0,230.0,0,0,1791.03,1432.82,358.21,1
679474484616751075,NEWBURYPORT FAMILY PRACTICE P.C.,20180224,2018-02-24,wellness,1,1,15.0,15.0,0,0,272.80,0.00,272.80,1
334510102683813647,BOSTON MEDICAL CENTER CORPORATION-,20180225,2018-02-25,wellness,1,1,15.0,15.0,0,0,738.22,0.00,738.22,1
50464693234281699,Lynn Community Based Outpatient Clinic (CBOC),20180226,2018-02-26,ambulatory,1,1,137.0,137.0,0,0,838.13,670.50,167.63,1
1031243542611916810,ENCOMPASS HEALTH REHABILITATION HOSP OF NEW ENGLAN,20180228,2018-02-28,ambulatory,1,1,51.93333333333333,51.93333333333333,0,0,11910.10,11860.10,50.00,1
50464693234281699,Lynn Community Based Outpatient Clinic (CBOC),20180301,2018-03-01,ambulatory,1,1,220.0,220.0,0,0,913.98,731.18,182.80,1
395615810080261442,ANNA JAQUES HOSPITAL SUBACUTE UNIT,20180302,2018-03-02,ambulatory,1,1,228.4,228.4,0,0,3536.75,2829.40,707.35,1
50464693234281699,Lynn Community Based Outpatient Clinic (CBOC),20180305,2018-03-05,ambulatory,1,1,213.0,213.0,0,0,1216.98,973.58,243.40,1
41581407780620585,WHITTIER REHABILITATION HOSPITAL - BRADFORD,20180307,2018-03-07,ambulatory,1,1,15.0,15.0,0,0,12745.22,12745.22,0.00,1
58830663438005741,SUNRISE HEALTHCARE LLC,20180307,2018-03-07,wellness,1,1,53.766666666666666,53.766666666666666,0,0,1455.52,1455.52,0.00,1
50464693234281699,Lynn Community Based Outpatient Clinic (CBOC),20180308,2018-03-08,ambulatory,1,1,121.0,121.0,0,0,705.97,564.78,141.19,1
202198446605600451,STANLEY STREET TREATMENT AND RESOURCES  INC,20180310,2018-03-10,wellness,1,1,39.38333333333333,39.38333333333333,0,0,1616.34,0.00,1616.34,1
244544338078735615,TEWKSBURY HOSPITAL,20180310,2018-03-10,outpatient,1,1,15.0,15.0,0,0,142.58,0.00,142.58,1
50464693234281699,Lynn Community Based Outpatient Clinic (CBOC),20180311,2018-03-11,ambulatory,1,1,213.0,213.0,0,0,535.87,428.70,107.17,1
244544338078735615,TEWKSBURY HOSPITAL,20180313,2018-03-13,outpatient,1,1,65.28333333333333,65.28333333333333,0,0,4052.91,0.00,4052.91,1
50464693234281699,Lynn Community Based Outpatient Clinic (CBOC),20180314,2018-03-14,ambulatory,1,1,155.0,155.0,0,0,647.45,517.96,129.49,1
164982158369714689,A&A HEALTHCARE LLC,20180321,2018-03-21,wellness,1,1,48.28333333333333,48.28333333333333,0,0,1150.44,1150.44,0.00,1
1031243542611916810,ENCOMPASS HEALTH REHABILITATION HOSP OF NEW ENGLAN,20180322,2018-03-22,ambulatory,1,1,24.2,24.2,0,0,573.98,523.98,50.00,1
50464693234281699,Lynn Community Based Outpatient Clinic (CBOC),20180324,2018-03-24,outpatient,1,1,32.65,32.65,0,0,1087.27,869.80,217.47,1
683258316057948949,STEWARD ST. ANNES HOSPITAL CORPORATION,20180324,2018-03-24,ambulatory,1,1,378.96666666666664,378.96666666666664,0,0,4830.95,211.97,4618.98,1
719406762791431727,BRIARWOOD REHABILITATION & HEALTHCARE CENTER,20180330,2018-03-30,emergency,1,1,60.0,60.0,0,1,9974.85,9828.64,146.21,1
50464693234281699,Lynn Community Based Outpatient Clinic (CBOC),20180331,2018-03-31,ambulatory,2,1,123.0,123.0,0,0,770.58,616.46,154.12,1
50464693234281699,Lynn Community Based Outpatient Clinic (CBOC),20180402,2018-04-02,ambulatory,1,1,15.0,15.0,0,0,234.71,187.76,46.95,1
405686286755502306,BERKSHIRE MEDICAL CENTER INC,20180403,2018-04-03,ambulatory,1,1,24.05,24.05,0,0,211.98,161.98,50.00,1
50464693234281699,Lynn Community Based Outpatient Clinic (CBOC),20180403,2018-04-03,ambulatory,1,1,212.0,212.0,0,0,1791.03,1432.82,358.21,1
41581407780620585,WHITTIER REHABILITATION HOSPITAL - BRADFORD,20180404,2018-04-04,ambulatory,1,1,15.0,15.0,0,0,12386.16,12386.16,0.00,1
332886644979055046,MILFORD REGIONAL MEDICAL CENTER,20180404,2018-04-04,ambulatory,1,1,198.5,198.5,0,0,3105.35,3070.35,35.00,1
137002283324145083,STURDY MEMORIAL HOSPITAL INC,20180405,2018-04-05,outpatient,1,1,16.283333333333335,16.283333333333335,0,0,3098.26,1858.96,1239.30,1
50464693234281699,Lynn Community Based Outpatient Clinic (CBOC),20180406,2018-04-06,ambulatory,1,1,150.0,150.0,0,0,535.87,428.70,107.17,1
376833142676655002,HOLISTIC FAMILY PRACTICE  INC.,20180407,2018-04-07,wellness,1,1,57.63333333333333,57.63333333333333,0,0,914.78,731.82,182.96,1
924438841780828326,CENTER FOR DIGESTIVE WELLNESS PC,20180410,2018-04-10,wellness,1,1,15.0,15.0,0,0,816.80,0.00,816.80,1
39538555446517326,VNA & HOSPICE OF GREATER MILFORD,20180411,2018-04-11,emergency,1,1,60.0,60.0,0,1,5831.97,5796.97,35.00,1
888024507900172325,BERKSHIRE MEDICAL CENTER INC - 1,20180413,2018-04-13,outpatient,1,1,29.25,29.25,0,0,652.95,602.95,50.00,1
50464693234281699,Lynn Community Based Outpatient Clinic (CBOC),20180414,2018-04-14,ambulatory,1,1,205.1,205.1,0,0,3536.75,2829.40,707.35,1
50464693234281699,Lynn Community Based Outpatient Clinic (CBOC),20180421,2018-04-21,ambulatory,1,1,167.0,167.0,0,0,656.60,525.28,131.32,1
389966452681632557,BETH ISRAEL DEACONESS HOSPITAL-NEEDHAM  INC.,20180421,2018-04-21,ambulatory,1,1,47.833333333333336,47.833333333333336,0,0,3236.96,2507.12,729.84,1
264175530648959689,SIGNATURE HEALTHCARE MEDICAL GROUP INC,20180422,2018-04-22,wellness,1,1,39.483333333333334,39.483333333333334,0,0,1145.32,1145.32,0.00,1
741150468608293787,CLASSIC HEALTHCARE MEDICAL GROUP LLC,20180423,2018-04-23,wellness,1,1,40.1,40.1,0,0,704.20,704.20,0.00,1
239726299069476648,PERSONALIZED MEDICAL CARE LLC,20180424,2018-04-24,wellness,1,1,15.0,15.0,0,0,488.50,0.00,488.50,1
50464693234281699,Lynn Community Based Outpatient Clinic (CBOC),20180424,2018-04-24,ambulatory,1,1,141.0,141.0,0,0,535.87,428.70,107.17,1
405686286755502306,BERKSHIRE MEDICAL CENTER INC,20180427,2018-04-27,ambulatory,1,1,209.95,209.95,0,0,3105.35,3055.35,50.00,1
50464693234281699,Lynn Community Based Outpatient Clinic (CBOC),20180427,2018-04-27,ambulatory,1,1,137.0,137.0,0,0,1539.14,1231.31,307.83,1
679474484616751075,NEWBURYPORT FAMILY PRACTICE P.C.,20180428,2018-04-28,wellness,1,1,15.0,15.0,0,0,1032.50,478.04,554.46,1
50464693234281699,Lynn Community Based Outpatient Clinic (CBOC),20180430,2018-04-30,ambulatory,2,1,82.0,82.0,0,0,1221.52,977.21,244.31,1
41581407780620585,WHITTIER REHABILITATION HOSPITAL - BRADFORD,20180502,2018-05-02,ambulatory,1,1,15.0,15.0,0,0,7436.59,7436.59,0.00,1
50464693234281699,Lynn Community Based Outpatient Clinic (CBOC),20180503,2018-05-03,ambulatory,1,1,161.0,161.0,0,0,535.87,428.70,107.17,1
1037822919216517364,ANNA JAQUES HOSPITAL SUBACUTE UNIT,20180505,2018-05-05,ambulatory,1,1,20.133333333333333,20.133333333333333,0,0,347.73,278.18,69.55,1
814284400183858824,PRIMARY CARE NORTH PC,20180505,2018-05-05,wellness,1,1,49.3,49.3,0,0,1346.18,891.60,454.58,1
50464693234281699,Lynn Community Based Outpatient Clinic (CBOC),20180506,2018-05-06,ambulatory,1,1,163.0,163.0,0,0,535.87,428.70,107.17,1
801031929336468325,BROCKTON HOSPITAL  INC.,20180506,2018-05-06,ambulatory,1,1,233.38333333333333,233.38333333333333,0,0,3536.75,3486.75,50.00,1
389966452681632557,BETH ISRAEL DEACONESS HOSPITAL-NEEDHAM  INC.,20180507,2018-05-07,ambulatory,1,1,220.28333333333333,220.28333333333333,0,0,3105.35,3055.35,50.00,1
683258316057948949,STEWARD ST. ANNES HOSPITAL CORPORATION,20180508,2018-05-08,outpatient,1,1,15.0,15.0,0,0,1333.04,397.57,935.47,1
50464693234281699,Lynn Community Based Outpatient Clinic (CBOC),20180509,2018-05-09,ambulatory,1,1,233.0,233.0,0,0,703.98,563.18,140.80,1
389966452681632557,BETH ISRAEL DEACONESS HOSPITAL-NEEDHAM  INC.,20180510,2018-05-10,ambulatory,1,1,15.0,15.0,0,0,205.17,155.17,50.00,1
721972786242253874,BOSTON MEDICAL CENTER CORPORATION-,20180513,2018-05-13,ambulatory,1,1,15.0,15.0,0,0,142.58,0.00,142.58,1
50464693234281699,Lynn Community Based Outpatient Clinic (CBOC),20180513,2018-05-13,ambulatory,1,1,188.0,188.0,0,0,535.87,428.70,107.17,1
50464693234281699,Lynn Community Based Outpatient Clinic (CBOC),20180516,2018-05-16,ambulatory,1,1,187.0,187.0,0,0,1791.03,1432.82,358.21,1
50464693234281699,Lynn Community Based Outpatient Clinic (CBOC),20180519,2018-05-19,ambulatory,1,1,185.0,185.0,0,0,1699.89,1359.91,339.98,1
340901791751100142,WP ACQUISITION SUB LLC,20180520,2018-05-20,ambulatory,1,1,15.0,15.0,0,0,34030.65,20671.45,13359.20,1
50464693234281699,Lynn Community Based Outpatient Clinic (CBOC),20180522,2018-05-22,ambulatory,1,1,235.0,235.0,0,0,535.87,428.70,107.17,1
679818074188163933,ARBOUR-FULLER HOSPITAL,20180524,2018-05-24,outpatient,1,1,15.0,15.0,0,0,142.58,0.00,142.58,1
50464693234281699,Lynn Community Based Outpatient Clinic (CBOC),20180525,2018-05-25,ambulatory,1,1,229.0,229.0,0,0,935.86,748.69,187.17,1
1100386330438199965,WALTHAM WESTON INTERNAL MEDICINE ASSOCIATES  P.C.,20180525,2018-05-25,wellness,1,1,44.38333333333333,44.38333333333333,0,0,1284.76,1027.80,256.96,1
1031243542611916810,ENCOMPASS HEALTH REHABILITATION HOSP OF NEW ENGLAN,20180528,2018-05-28,ambulatory,1,1,15.0,15.0,0,0,85.55,0.00,85.55,1
50464693234281699,Lynn Community Based Outpatient Clinic (CBOC),20180528,2018-05-28,ambulatory,1,1,125.0,125.0,0,0,550.51,440.41,110.10,1
41581407780620585,WHITTIER REHABILITATION HOSPITAL - BRADFORD,20180530,2018-05-30,ambulatory,1,1,15.0,15.0,0,0,10354.79,10354.79,0.00,1
50464693234281699,Lynn Community Based Outpatient Clinic (CBOC),20180531,2018-05-31,ambulatory,1,1,184.0,184.0,0,0,760.19,608.15,152.04,1
50464693234281699,Lynn Community Based Outpatient Clinic (CBOC),20180601,2018-06-01,ambulatory,1,1,15.0,15.0,0,0,234.71,187.76,46.95,1
719406762791431727,BRIARWOOD REHABILITATION & HEALTHCARE CENTER,20180603,2018-06-03,emergency,1,1,60.0,60.0,0,1,146.18,96.18,50.00,1
50464693234281699,Lynn Community Based Outpatient Clinic (CBOC),20180604,2018-06-04,ambulatory,1,1,182.0,182.0,0,0,939.86,751.89,187.97,1
1108258114602746895,CAMBRIDGE REHABILITATION & NURSING CENTER,20180606,2018-06-06,emergency,1,1,60.0,60.0,0,1,5308.14,5158.14,150.00,1
50464693234281699,Lynn Community Based Outpatient Clinic (CBOC),20180607,2018-06-07,ambulatory,1,1,125.0,125.0,0,0,535.87,428.70,107.17,1
389966452681632557,BETH ISRAEL DEACONESS HOSPITAL-NEEDHAM  INC.,20180608,2018-06-08,ambulatory,1,1,175.6,175.6,0,0,2673.95,2139.16,534.79,1
919548777387151765,SOUTH SHORE CENTER FOR WELLNESS LTD,20180609,2018-06-09,wellness,1,1,37.416666666666664,37.416666666666664,0,0,1218.11,0.00,1218.11,1
332886644979055046,MILFORD REGIONAL MEDICAL CENTER,20180609,2018-06-09,ambulatory,1,1,15.0,15.0,0,0,1254.21,0.00,1254.21,1
389966452681632557,BETH ISRAEL DEACONESS HOSPITAL-NEEDHAM  INC.,20180609,2018-06-09,ambulatory,1,1,15.0,15.0,0,0,206.36,156.36,50.00,1
353447819048907343,CAMBRIDGE PUBLIC HEALTH COMMISSION,20180611,2018-06-11,ambulatory,1,1,30.2,30.2,0,0,573.98,538.98,35.00,1
104996357240950328,UMASS MEMORIAL HEALTHALLIANCE CLINTON HOSPITAL INC,20180611,2018-06-11,ambulatory,1,1,15.0,15.0,0,0,85.55,0.00,85.55,1
50464693234281699,Lynn Community Based Outpatient Clinic (CBOC),20180616,2018-06-16,wellness,1,1,42.03333333333333,42.03333333333333,0,0,2019.45,1615.54,403.91,1
340901791751100142,WP ACQUISITION SUB LLC,20180617,2018-06-17,ambulatory,1,1,15.0,15.0,0,0,13561.40,13561.40,0.00,1
50464693234281699,Lynn Community Based Outpatient Clinic (CBOC),20180623,2018-06-23,ambulatory,1,1,191.0,191.0,0,0,1791.03,1432.82,358.21,1
50464693234281699,Lynn Community Based Outpatient Clinic (CBOC),20180626,2018-06-26,ambulatory,1,1,175.0,175.0,0,0,562.61,450.09,112.52,1
41581407780620585,WHITTIER REHABILITATION HOSPITAL - BRADFORD,20180627,2018-06-27,ambulatory,1,1,15.0,15.0,0,0,4665.96,4665.96,0.00,1
410915144747947572,COOLEY DICKINSON HOSPITAL INC,20180629,2018-06-29,outpatient,1,1,57.55,57.55,0,0,25107.93,0.00,25107.93,1
50464693234281699,Lynn Community Based Outpatient Clinic (CBOC),20180629,2018-06-29,ambulatory,1,1,189.0,189.0,0,0,1655.90,1324.72,331.18,1
679474484616751075,NEWBURYPORT FAMILY PRACTICE P.C.,20180630,2018-06-30,wellness,1,1,15.0,15.0,0,0,816.80,653.44,163.36,1
50464693234281699,Lynn Community Based Outpatient Clinic (CBOC),20180702,2018-07-02,ambulatory,2,1,124.0,124.0,0,0,1887.27,1509.81,377.46,1
694540912856437675,PULMONARY INTERNISTS AND CONSULTANTS PC,20180703,2018-07-03,wellness,1,1,47.6,47.6,0,0,919.90,0.00,919.90,1
50464693234281699,Lynn Community Based Outpatient Clinic (CBOC),20180705,2018-07-05,ambulatory,1,1,129.0,129.0,0,0,535.87,428.70,107.17,1
137002283324145083,STURDY MEMORIAL HOSPITAL INC,20180705,2018-07-05,ambulatory,1,1,15.0,15.0,0,0,45990.90,23938.13,22052.77,1
741458505160782152,LOWELL COMMUNITY HEALTH CENTER,20180708,2018-07-08,wellness,1,1,45.95,45.95,0,0,919.90,0.00,919.90,1
50464693234281699,Lynn Community Based Outpatient Clinic (CBOC),20180708,2018-07-08,ambulatory,1,1,217.0,217.0,0,0,1791.03,1432.82,358.21,1
1003634539940818261,CHARLES RIVER COMMUNITY HEALTH  INC,20180709,2018-07-09,wellness,1,1,16.033333333333335,16.033333333333335,0,0,840.20,840.20,0.00,1
683258316057948949,STEWARD ST. ANNES HOSPITAL CORPORATION,20180710,2018-07-10,outpatient,1,1,60.85,60.85,0,0,5436.20,3805.34,1630.86,1
50464693234281699,Lynn Community Based Outpatient Clinic (CBOC),20180712,2018-07-12,ambulatory,1,1,236.0,236.0,0,0,1791.03,1432.82,358.21,1
556944320275034302,PARADIGM HEALTHCARE  PC,20180713,2018-07-13,wellness,1,1,58.13333333333333,58.13333333333333,0,0,995.85,0.00,995.85,1
39538555446517326,VNA & HOSPICE OF GREATER MILFORD,20180715,2018-07-15,emergency,1,1,60.0,60.0,0,1,87.71,52.71,35.00,1
50464693234281699,Lynn Community Based Outpatient Clinic (CBOC),20180715,2018-07-15,ambulatory,1,1,199.0,199.0,0,0,535.87,428.70,107.17,1
340901791751100142,WP ACQUISITION SUB LLC,20180715,2018-07-15,ambulatory,1,1,15.0,15.0,0,0,8493.38,8493.38,0.00,1
392549857133219292,CAPE COD HOSPITAL INC,20180717,2018-07-17,ambulatory,1,1,191.5,191.5,0,0,3105.35,2157.75,947.60,1
50464693234281699,Lynn Community Based Outpatient Clinic (CBOC),20180718,2018-07-18,ambulatory,1,1,160.0,160.0,0,0,709.16,567.33,141.83,1
50464693234281699,Lynn Community Based Outpatient Clinic (CBOC),20180721,2018-07-21,ambulatory,1,1,192.0,192.0,0,0,834.75,667.80,166.95,1
587757060655614946,CLARITY HEALTH & WELLNESS LLC,20180723,2018-07-23,wellness,1,1,49.25,49.25,0,0,1196.41,1131.96,64.45,1
565804414476228962,FRANCISCAN HOSPITAL FOR CHILDREN INC,20180723,2018-07-23,ambulatory,1,1,183.28333333333333,183.28333333333333,0,0,2673.95,2623.95,50.00,1
50464693234281699,Lynn Community Based Outpatient Clinic (CBOC),20180724,2018-07-24,ambulatory,1,1,147.0,147.0,0,0,1244.89,995.91,248.98,1
41581407780620585,WHITTIER REHABILITATION HOSPITAL - BRADFORD,20180725,2018-07-25,ambulatory,1,1,15.0,15.0,0,0,14161.19,14161.19,0.00,1
815218868737845247,Causeway OPC,20180726,2018-07-26,hospice,1,1,7215.0,7215.0,0,0,4451.53,3374.82,1076.71,1
1108258114602746895,CAMBRIDGE REHABILITATION & NURSING CENTER,20180727,2018-07-27,emergency,1,1,60.0,60.0,0,1,87.71,37.71,50.00,1
50464693234281699,Lynn Community Based Outpatient Clinic (CBOC),20180727,2018-07-27,ambulatory,1,1,181.0,181.0,0,0,627.13,501.70,125.43,1
410915144747947572,COOLEY DICKINSON HOSPITAL INC,20180727,2018-07-27,ambulatory,1,1,183.46666666666667,183.46666666666667,0,0,3105.35,0.00,3105.35,1
484606205110823681,FAMILY MEDICINE ASSOCIATES OF SOUTH ATTLEBORO  P.C.,20180728,2018-07-28,wellness,1,1,18.716666666666665,18.716666666666665,0,0,1074.02,0.00,1074.02,1
50464693234281699,Lynn Community Based Outpatient Clinic (CBOC),20180730,2018-07-30,ambulatory,1,1,149.0,149.0,0,0,535.87,428.70,107.17,1
76613554195130854,TREE OF LIFE HEALTHCARE ASSOCIATES,20180801,2018-08-01,wellness,1,1,15.0,15.0,0,0,1402.48,0.00,1402.48,1
50464693234281699,Lynn Community Based Outpatient Clinic (CBOC),20180802,2018-08-02,ambulatory,1,1,180.0,180.0,0,0,1295.86,1036.69,259.17,1
137002283324145083,STURDY MEMORIAL HOSPITAL INC,20180802,2018-08-02,ambulatory,1,1,15.0,15.0,0,0,7711.93,7711.93,0.00,1
50464693234281699,Lynn Community Based Outpatient Clinic (CBOC),20180803,2018-08-03,ambulatory,1,1,15.0,15.0,0,0,234.71,187.76,46.95,1
1031243542611916810,ENCOMPASS HEALTH REHABILITATION HOSP OF NEW ENGLAN,20180806,2018-08-06,ambulatory,1,1,253.81666666666666,253.81666666666666,0,0,3536.75,3486.75,50.00,1
50464693234281699,Lynn Community Based Outpatient Clinic (CBOC),20180806,2018-08-06,ambulatory,1,1,181.0,181.0,0,0,1400.62,1120.50,280.12,1
66387877495315826,NEW ENGLAND REHABILITATION SERVICES OF CENTRAL MASSACHUSETTS INC,20180808,2018-08-08,ambulatory,1,1,309.9,309.9,0,0,4399.55,0.00,4399.55,1
41581407780620585,WHITTIER REHABILITATION HOSPITAL - BRADFORD,20180808,2018-08-08,ambulatory,1,1,15.0,15.0,0,0,11451.02,11451.02,0.00,1
50464693234281699,Lynn Community Based Outpatient Clinic (CBOC),20180809,2018-08-09,ambulatory,1,1,211.0,211.0,0,0,888.09,710.47,177.62,1
679818074188163933,ARBOUR-FULLER HOSPITAL,20180811,2018-08-11,ambulatory,1,1,208.31666666666666,208.31666666666666,0,0,3105.35,0.00,3105.35,1
50464693234281699,Lynn Community Based Outpatient Clinic (CBOC),20180812,2018-08-12,ambulatory,1,1,186.0,186.0,0,0,1009.55,807.64,201.91,1
340901791751100142,WP ACQUISITION SUB LLC,20180812,2018-08-12,ambulatory,1,1,15.0,15.0,0,0,5265.69,5265.69,0.00,1
425148336100545870,COLEMAN HOUSE,20180815,2018-08-15,emergency,1,1,60.0,60.0,0,1,2151.82,2151.82,0.00,1
50464693234281699,Lynn Community Based Outpatient Clinic (CBOC),20180815,2018-08-15,ambulatory,1,1,131.0,131.0,0,0,1561.74,1249.39,312.35,1
50464693234281699,Lynn Community Based Outpatient Clinic (CBOC),20180818,2018-08-18,ambulatory,1,1,197.0,197.0,0,0,535.87,428.70,107.17,1
50464693234281699,Lynn Community Based Outpatient Clinic (CBOC),20180821,2018-08-21,ambulatory,1,1,186.0,186.0,0,0,535.87,428.70,107.17,1
50464693234281699,Lynn Community Based Outpatient Clinic (CBOC),20180824,2018-08-24,ambulatory,1,1,123.0,123.0,0,0,817.15,653.72,163.43,1
334510102683813647,BOSTON MEDICAL CENTER CORPORATION-,20180826,2018-08-26,wellness,1,1,15.0,15.0,0,0,704.20,0.00,704.20,1
50464693234281699,Lynn Community Based Outpatient Clinic (CBOC),20180827,2018-08-27,ambulatory,1,1,146.0,146.0,0,0,535.87,428.70,107.17,1
137002283324145083,STURDY MEMORIAL HOSPITAL INC,20180830,2018-08-30,ambulatory,1,1,15.0,15.0,0,0,7188.06,7188.06,0.00,1
50464693234281699,Lynn Community Based Outpatient Clinic (CBOC),20180831,2018-08-31,ambulatory,1,1,138.0,138.0,0,0,535.87,428.70,107.17,1
345242370934466119,HEBREW SENIORLIFE AFFILIATED MEDICAL GROUP INC,20180902,2018-09-02,ambulatory,1,1,179.6,179.6,0,0,3536.75,0.00,3536.75,1
50464693234281699,Lynn Community Based Outpatient Clinic (CBOC),20180903,2018-09-03,ambulatory,2,1,99.0,99.0,0,0,945.10,756.07,189.03,1
50464693234281699,Lynn Community Based Outpatient Clinic (CBOC),20180906,2018-09-06,ambulatory,1,1,238.0,238.0,0,0,535.87,428.70,107.17,1
50464693234281699,Lynn Community Based Outpatient Clinic (CBOC),20180909,2018-09-09,ambulatory,1,1,228.0,228.0,0,0,1504.21,1203.37,300.84,1
340901791751100142,WP ACQUISITION SUB LLC,20180909,2018-09-09,ambulatory,1,1,15.0,15.0,0,0,11267.09,11267.09,0.00,1
50464693234281699,Lynn Community Based Outpatient Clinic (CBOC),20180912,2018-09-12,ambulatory,1,1,184.0,184.0,0,0,1154.00,923.20,230.80,1
132019786462314408,DAVIS SQUARE FAMILY PRACTICE,20180913,2018-09-13,wellness,1,1,38.88333333333333,38.88333333333333,0,0,785.58,785.58,0.00,1
50464693234281699,Lynn Community Based Outpatient Clinic (CBOC),20180915,2018-09-15,ambulatory,1,1,150.0,150.0,0,0,800.35,640.28,160.07,1
50464693234281699,Lynn Community Based Outpatient Clinic (CBOC),20180918,2018-09-18,ambulatory,1,1,150.0,150.0,0,0,535.87,428.70,107.17,1
353447819048907343,CAMBRIDGE PUBLIC HEALTH COMMISSION,20180920,2018-09-20,outpatient,1,1,15.0,15.0,0,0,92.35,57.35,35.00,1
50464693234281699,Lynn Community Based Outpatient Clinic (CBOC),20180921,2018-09-21,ambulatory,1,1,204.0,204.0,0,0,535.87,428.70,107.17,1
332886644979055046,MILFORD REGIONAL MEDICAL CENTER,20180922,2018-09-22,ambulatory,1,1,15.0,15.0,0,0,3136.60,2346.25,790.35,1
50464693234281699,Lynn Community Based Outpatient Clinic (CBOC),20180925,2018-09-25,ambulatory,1,1,128.0,128.0,0,0,535.87,428.70,107.17,1
476697113556229311,BETH ISRAEL DEACONESS HOSPITAL MILTON INC,20180926,2018-09-26,outpatient,1,1,15.0,15.0,0,0,142.58,0.00,142.58,1
41581407780620585,WHITTIER REHABILITATION HOSPITAL - BRADFORD,20180926,2018-09-26,ambulatory,1,1,15.0,15.0,0,0,1005.38,1005.38,0.00,1
137002283324145083,STURDY MEMORIAL HOSPITAL INC,20180927,2018-09-27,ambulatory,1,1,15.0,15.0,0,0,11451.02,11451.02,0.00,1
353447819048907343,CAMBRIDGE PUBLIC HEALTH COMMISSION,20180927,2018-09-27,ambulatory,1,1,203.43333333333334,203.43333333333334,0,0,3105.35,3070.35,35.00,1
50464693234281699,Lynn Community Based Outpatient Clinic (CBOC),20180928,2018-09-28,ambulatory,1,1,226.0,226.0,0,0,535.87,428.70,107.17,1
679474484616751075,NEWBURYPORT FAMILY PRACTICE P.C.,20180929,2018-09-29,wellness,1,1,15.0,15.0,0,0,1298.03,1038.42,259.61,1
1108258114602746895,CAMBRIDGE REHABILITATION & NURSING CENTER,20180930,2018-09-30,emergency,1,1,60.0,60.0,0,1,146.18,96.18,50.00,1
50464693234281699,Lynn Community Based Outpatient Clinic (CBOC),20181001,2018-10-01,ambulatory,1,1,168.0,168.0,0,0,535.87,428.70,107.17,1
353447819048907343,CAMBRIDGE PUBLIC HEALTH COMMISSION,20181004,2018-10-04,ambulatory,1,1,15.0,15.0,0,0,85.55,50.55,35.00,1
50464693234281699,Lynn Community Based Outpatient Clinic (CBOC),20181004,2018-10-04,ambulatory,2,1,104.0,104.0,0,0,770.58,616.46,154.12,1
544412707586716213,FAIRVIEW HOSPITAL,20181005,2018-10-05,wellness,1,1,28.316666666666666,28.316666666666666,0,0,778.78,678.78,100.00,1
353447819048907343,CAMBRIDGE PUBLIC HEALTH COMMISSION,20181006,2018-10-06,ambulatory,3,1,27.16111111111111,27.483333333333334,0,0,5024.55,4919.55,105.00,1
340901791751100142,WP ACQUISITION SUB LLC,20181007,2018-10-07,ambulatory,1,1,15.0,15.0,0,0,9614.66,9614.66,0.00,1
50464693234281699,Lynn Community Based Outpatient Clinic (CBOC),20181007,2018-10-07,ambulatory,1,1,153.0,153.0,0,0,1178.55,942.84,235.71,1
703727186913582450,ASSOCIATED INTERNISTS OF RANDOLPH  INC.,20181007,2018-10-07,wellness,1,1,59.86666666666667,59.86666666666667,0,0,1548.77,725.80,822.97,1
39538555446517326,VNA & HOSPICE OF GREATER MILFORD,20181009,2018-10-09,emergency,1,1,60.0,60.0,0,1,87.71,52.71,35.00,1
50464693234281699,Lynn Community Based Outpatient Clinic (CBOC),20181010,2018-10-10,ambulatory,1,1,121.0,121.0,0,0,535.87,428.70,107.17,1
50464693234281699,Lynn Community Based Outpatient Clinic (CBOC),20181013,2018-10-13,ambulatory,1,1,143.0,143.0,0,0,1791.03,1432.82,358.21,1
244544338078735615,TEWKSBURY HOSPITAL,20181015,2018-10-15,ambulatory,1,1,15.0,15.0,0,0,85.55,35.55,50.00,1
50464693234281699,Lynn Community Based Outpatient Clinic (CBOC),20181016,2018-10-16,ambulatory,1,1,127.0,127.0,0,0,1791.03,1432.82,358.21,1
405686286755502306,BERKSHIRE MEDICAL CENTER INC,20181019,2018-10-19,ambulatory,1,1,165.83333333333334,165.83333333333334,0,0,2673.95,2623.95,50.00,1
50464693234281699,Lynn Community Based Outpatient Clinic (CBOC),20181019,2018-10-19,ambulatory,1,1,198.0,198.0,0,0,985.38,788.30,197.08,1
721972786242253874,BOSTON MEDICAL CENTER CORPORATION-,20181020,2018-10-20,ambulatory,1,1,15.0,15.0,0,0,85.55,0.00,85.55,1
476697113556229311,BETH ISRAEL DEACONESS HOSPITAL MILTON INC,20181021,2018-10-21,ambulatory,1,1,190.65,190.65,0,0,3105.35,2484.28,621.07,1
50464693234281699,Lynn Community Based Outpatient Clinic (CBOC),20181023,2018-10-23,ambulatory,1,1,219.0,219.0,0,0,1791.03,1432.82,358.21,1
815218868737845247,Causeway OPC,20181023,2018-10-23,ambulatory,1,1,37.516666666666666,37.516666666666666,0,0,5138.45,4110.76,1027.69,1
557025406090317911,DILIGENCEHEALTHCARE,20181023,2018-10-23,wellness,1,1,15.0,15.0,0,0,514.03,0.00,514.03,1
137002283324145083,STURDY MEMORIAL HOSPITAL INC,20181025,2018-10-25,ambulatory,1,1,15.0,15.0,0,0,13537.96,13537.96,0.00,1
50464693234281699,Lynn Community Based Outpatient Clinic (CBOC),20181026,2018-10-26,ambulatory,1,1,151.0,151.0,0,0,535.87,428.70,107.17,1
721972786242253874,BOSTON MEDICAL CENTER CORPORATION-,20181028,2018-10-28,ambulatory,1,1,28.8,28.8,0,0,516.95,0.00,516.95,1
50464693234281699,Lynn Community Based Outpatient Clinic (CBOC),20181029,2018-10-29,ambulatory,1,1,201.0,201.0,0,0,700.55,560.44,140.11,1
50464693234281699,Lynn Community Based Outpatient Clinic (CBOC),20181101,2018-11-01,ambulatory,1,1,173.0,173.0,0,0,535.87,428.70,107.17,1
723111811226363721,CHESTNUT WOODS REHABILITATION AND HEALTHCARE CTR,20181103,2018-11-03,snf,1,1,17295.0,17295.0,0,0,10464.52,8371.62,2092.90,1
723111811226363721,CHESTNUT WOODS REHABILITATION AND HEALTHCARE CTR,20181103,2018-11-03,emergency,1,1,60.0,60.0,0,1,1008.98,807.18,201.80,1
50464693234281699,Lynn Community Based Outpatient Clinic (CBOC),20181104,2018-11-04,ambulatory,2,1,78.0,78.0,0,0,770.58,616.46,154.12,1
340901791751100142,WP ACQUISITION SUB LLC,20181104,2018-11-04,ambulatory,1,1,15.0,15.0,0,0,11451.02,11451.02,0.00,1
405686286755502306,BERKSHIRE MEDICAL CENTER INC,20181105,2018-11-05,ambulatory,1,1,15.0,15.0,0,0,85.55,35.55,50.00,1
50464693234281699,Lynn Community Based Outpatient Clinic (CBOC),20181107,2018-11-07,ambulatory,1,1,134.0,134.0,0,0,535.87,428.70,107.17,1
654096641582644263,BL HEALTHCARE INC DELEWARE,20181108,2018-11-08,wellness,1,1,32.11666666666667,32.11666666666667,0,0,785.58,785.58,0.00,1
109016295863276866,FAMILY SERVICE ASSOCIATION OF GREATER FALL RIVER INC,20181108,2018-11-08,wellness,1,1,15.0,15.0,0,0,272.80,0.00,272.80,1
50464693234281699,Lynn Community Based Outpatient Clinic (CBOC),20181110,2018-11-10,ambulatory,1,1,154.0,154.0,0,0,800.06,640.05,160.01,1
395615810080261442,ANNA JAQUES HOSPITAL SUBACUTE UNIT,20181110,2018-11-10,outpatient,1,1,65.6,65.6,0,0,8292.67,6634.13,1658.54,1
519045679495899753,HANOVER FAMILY HEALTH & URGENT CARE PC,20181111,2018-11-11,urgentcare,1,1,41.96666666666667,41.96666666666667,0,0,1932.52,1882.52,50.00,1
719406762791431727,BRIARWOOD REHABILITATION & HEALTHCARE CENTER,20181112,2018-11-12,emergency,1,1,60.0,60.0,0,1,146.18,96.18,50.00,1
50464693234281699,Lynn Community Based Outpatient Clinic (CBOC),20181113,2018-11-13,ambulatory,1,1,187.0,187.0,0,0,535.87,428.70,107.17,1
39538555446517326,VNA & HOSPICE OF GREATER MILFORD,20181115,2018-11-15,emergency,1,1,60.0,60.0,0,1,87.71,52.71,35.00,1
790885867393293671,DUTTON FAMILY CARE ASSOCIATES LLP,20181115,2018-11-15,wellness,1,1,53.666666666666664,53.666666666666664,0,0,919.90,0.00,919.90,1
50464693234281699,Lynn Community Based Outpatient Clinic (CBOC),20181117,2018-11-17,ambulatory,1,1,237.0,237.0,0,0,1791.03,1432.82,358.21,1
801031929336468325,BROCKTON HOSPITAL  INC.,20181118,2018-11-18,ambulatory,1,1,15.0,15.0,0,0,2635.46,2585.46,50.00,1
50464693234281699,Lynn Community Based Outpatient Clinic (CBOC),20181120,2018-11-20,ambulatory,1,1,150.0,150.0,0,0,535.87,428.70,107.17,1
866549107229357074,HOPKINTON MEDICAL CARE  P.C.,20181122,2018-11-22,wellness,1,1,15.0,15.0,0,0,778.78,623.02,155.76,1
137002283324145083,STURDY MEMORIAL HOSPITAL INC,20181122,2018-11-22,ambulatory,1,1,15.0,15.0,0,0,12977.97,12977.97,0.00,1
50464693234281699,Lynn Community Based Outpatient Clinic (CBOC),20181123,2018-11-23,ambulatory,1,1,163.0,163.0,0,0,535.87,428.70,107.17,1
1053862909723414558,COMPASSIONATE HEALTH CARE GROUP LLC,20181126,2018-11-26,wellness,1,1,33.85,33.85,0,0,1001.28,901.28,100.00,1
50464693234281699,Lynn Community Based Outpatient Clinic (CBOC),20181126,2018-11-26,ambulatory,1,1,144.0,144.0,0,0,1176.34,941.07,235.27,1
50464693234281699,Lynn Community Based Outpatient Clinic (CBOC),20181129,2018-11-29,ambulatory,1,1,121.0,121.0,0,0,574.27,459.42,114.85,1
332886644979055046,MILFORD REGIONAL MEDICAL CENTER,20181129,2018-11-29,ambulatory,1,1,232.25,232.25,0,0,3536.75,2829.40,707.35,1
50464693234281699,Lynn Community Based Outpatient Clinic (CBOC),20181202,2018-12-02,ambulatory,1,1,175.0,175.0,0,0,535.87,428.70,107.17,1
719415041656501167,LAKEVIEW HOUSE SKLD NRSG  AND RESIDENTIAL CARE FAC,20181202,2018-12-02,emergency,1,1,60.0,60.0,0,1,3362.86,3362.86,0.00,1
396031016204066515,LYNN COMMUNITY HEALTH,20181204,2018-12-04,wellness,1,1,16.616666666666667,16.616666666666667,0,0,1354.75,1254.75,100.00,1
345242370934466119,HEBREW SENIORLIFE AFFILIATED MEDICAL GROUP INC,20181205,2018-12-05,outpatient,1,1,15.0,15.0,0,0,85.55,0.00,85.55,1
50464693234281699,Lynn Community Based Outpatient Clinic (CBOC),20181205,2018-12-05,ambulatory,2,1,101.5,101.5,0,0,770.58,616.46,154.12,1
863914350920536272,WILLIAMSTOWN COMMONS NURSING & REHAB,20181207,2018-12-07,emergency,1,1,99.0,99.0,0,1,1008.98,958.98,50.00,1
50464693234281699,Lynn Community Based Outpatient Clinic (CBOC),20181208,2018-12-08,ambulatory,1,1,178.0,178.0,0,0,535.87,428.70,107.17,1
50464693234281699,Lynn Community Based Outpatient Clinic (CBOC),20181209,2018-12-09,ambulatory,1,1,44.0,44.0,0,0,2730.98,2184.78,546.20,1
622746900524004548,WHITTIER REHABILTATION HOSPITAL,20181211,2018-12-11,ambulatory,1,1,200.13333333333333,200.13333333333333,0,0,2673.95,2623.95,50.00,1
50464693234281699,Lynn Community Based Outpatient Clinic (CBOC),20181211,2018-12-11,ambulatory,1,1,163.0,163.0,0,0,1569.45,1255.56,313.89,1
476697113556229311,BETH ISRAEL DEACONESS HOSPITAL MILTON INC,20181212,2018-12-12,ambulatory,1,1,15.0,15.0,0,0,142.58,114.06,28.52,1
815218868737845247,Causeway OPC,20181213,2018-12-13,wellness,1,1,55.983333333333334,55.983333333333334,0,0,1216.98,973.58,243.40,1
50464693234281699,Lynn Community Based Outpatient Clinic (CBOC),20181215,2018-12-15,ambulatory,1,1,161.0,161.0,0,0,556.94,445.55,111.39,1
389966452681632557,BETH ISRAEL DEACONESS HOSPITAL-NEEDHAM  INC.,20181217,2018-12-17,ambulatory,1,1,46.93333333333333,46.93333333333333,0,0,3236.96,2507.12,729.84,1
50464693234281699,Lynn Community Based Outpatient Clinic (CBOC),20181218,2018-12-18,ambulatory,1,1,123.0,123.0,0,0,896.82,717.46,179.36,1
363458983347729064,Fitchburg Outpatient Clinic,20181219,2018-12-19,ambulatory,1,1,52.833333333333336,52.833333333333336,0,0,948.35,948.35,0.00,1
137002283324145083,STURDY MEMORIAL HOSPITAL INC,20181220,2018-12-20,ambulatory,1,1,15.0,15.0,0,0,11451.02,11451.02,0.00,1
622746900524004548,WHITTIER REHABILTATION HOSPITAL,20181221,2018-12-21,ambulatory,1,1,15.0,15.0,0,0,85.55,68.44,17.11,1
50464693234281699,Lynn Community Based Outpatient Clinic (CBOC),20181221,2018-12-21,ambulatory,1,1,184.0,184.0,0,0,1791.03,1432.82,358.21,1
50464693234281699,Lynn Community Based Outpatient Clinic (CBOC),20181224,2018-12-24,ambulatory,1,1,196.0,196.0,0,0,535.87,428.70,107.17,1
50464693234281699,Lynn Community Based Outpatient Clinic (CBOC),20181227,2018-12-27,ambulatory,1,1,157.0,157.0,0,0,731.47,585.18,146.29,1
679474484616751075,NEWBURYPORT FAMILY PRACTICE P.C.,20181229,2018-12-29,wellness,1,1,15.0,15.0,0,0,136.80,109.44,27.36,1
50464693234281699,Lynn Community Based Outpatient Clinic (CBOC),20181230,2018-12-30,ambulatory,1,1,218.0,218.0,0,0,1330.60,1064.48,266.12,1
50464693234281699,Lynn Community Based Outpatient Clinic (CBOC),20190102,2019-01-02,ambulatory,1,1,160.0,160.0,0,0,1714.82,1371.86,342.96,1
29818448345197287,GREATER LAWRENCE FAMILY HEALTH CENTER INC,20190105,2019-01-05,wellness,1,1,28.433333333333334,28.433333333333334,0,0,840.20,740.20,100.00,1
50464693234281699,Lynn Community Based Outpatient Clinic (CBOC),20190105,2019-01-05,ambulatory,1,1,188.0,188.0,0,0,535.87,265.66,270.21,1
50464693234281699,Lynn Community Based Outpatient Clinic (CBOC),20190106,2019-01-06,ambulatory,1,1,15.0,15.0,0,0,234.71,187.76,46.95,1
249985492892219599,WHITLEY WELLNESS LLC,20190107,2019-01-07,wellness,1,1,15.0,15.0,0,0,347.38,277.90,69.48,1
50464693234281699,Lynn Community Based Outpatient Clinic (CBOC),20190109,2019-01-09,ambulatory,1,1,154.0,154.0,0,0,535.87,428.70,107.17,1
50464693234281699,Lynn Community Based Outpatient Clinic (CBOC),20190112,2019-01-12,ambulatory,1,1,202.0,202.0,0,0,1580.44,1264.35,316.09,1
340901791751100142,WP ACQUISITION SUB LLC,20190113,2019-01-13,ambulatory,1,1,15.0,15.0,0,0,1005.38,1005.38,0.00,1
405686286755502306,BERKSHIRE MEDICAL CENTER INC,20190115,2019-01-15,ambulatory,1,1,15.0,15.0,0,0,85.55,35.55,50.00,1
353447819048907343,CAMBRIDGE PUBLIC HEALTH COMMISSION,20190115,2019-01-15,ambulatory,1,1,30.25,30.25,0,0,573.98,538.98,35.00,1
50464693234281699,Lynn Community Based Outpatient Clinic (CBOC),20190115,2019-01-15,ambulatory,1,1,136.0,136.0,0,0,1354.50,1083.60,270.90,1
137002283324145083,STURDY MEMORIAL HOSPITAL INC,20190117,2019-01-17,ambulatory,1,1,15.0,15.0,0,0,14122.58,14122.58,0.00,1
472226794892644975,HAVERHILL FAMILY OFFICE LLC,20190117,2019-01-17,wellness,1,1,15.0,15.0,0,0,704.20,0.00,704.20,1
50464693234281699,Lynn Community Based Outpatient Clinic (CBOC),20190118,2019-01-18,ambulatory,1,1,229.0,229.0,0,0,663.04,530.43,132.61,1
244544338078735615,TEWKSBURY HOSPITAL,20190119,2019-01-19,ambulatory,1,1,223.23333333333332,223.23333333333332,0,0,3536.75,3486.75,50.00,1
39538555446517326,VNA & HOSPICE OF GREATER MILFORD,20190121,2019-01-21,emergency,1,1,60.0,60.0,0,1,5480.13,5445.13,35.00,1
50464693234281699,Lynn Community Based Outpatient Clinic (CBOC),20190121,2019-01-21,ambulatory,1,1,214.0,214.0,0,0,1791.03,1432.82,358.21,1
969560228442772145,FAMILY PRACTICE GROUP PC,20190123,2019-01-23,wellness,1,1,44.53333333333333,44.53333333333333,0,0,1040.10,940.10,100.00,1
50464693234281699,Lynn Community Based Outpatient Clinic (CBOC),20190124,2019-01-24,ambulatory,1,1,189.0,189.0,0,0,989.05,791.24,197.81,1
340901791751100142,WP ACQUISITION SUB LLC,20190124,2019-01-24,ambulatory,1,1,219.06666666666666,219.06666666666666,0,0,3105.35,1985.19,1120.16,1
50464693234281699,Lynn Community Based Outpatient Clinic (CBOC),20190127,2019-01-27,ambulatory,1,1,129.0,129.0,0,0,1103.53,882.82,220.71,1
969560228442772145,FAMILY PRACTICE GROUP PC,20190128,2019-01-28,wellness,1,1,15.0,15.0,0,0,704.20,604.20,100.00,1
969560228442772145,FAMILY PRACTICE GROUP PC,20190129,2019-01-29,wellness,1,1,15.0,15.0,0,0,704.20,0.00,704.20,1
50464693234281699,Lynn Community Based Outpatient Clinic (CBOC),20190130,2019-01-30,ambulatory,1,1,216.0,216.0,0,0,626.17,500.94,125.23,1
137002283324145083,STURDY MEMORIAL HOSPITAL INC,20190131,2019-01-31,ambulatory,1,1,15.0,15.0,0,0,11451.02,11451.02,0.00,1
719406762791431727,BRIARWOOD REHABILITATION & HEALTHCARE CENTER,20190201,2019-02-01,emergency,1,1,60.0,60.0,0,1,87.71,37.71,50.00,1
50464693234281699,Lynn Community Based Outpatient Clinic (CBOC),20190203,2019-02-03,ambulatory,1,1,133.0,133.0,0,0,535.87,428.70,107.17,1
520806008221098162,FIRST PSYCHIATRIC PLANNERS  INC,20190204,2019-02-04,ambulatory,1,1,141.96666666666667,141.96666666666667,0,0,2673.95,2623.95,50.00,1
420221548349436151,MOUNT AUBURN HOSPITAL,20190205,2019-02-05,ambulatory,1,1,206.2,206.2,0,0,3105.35,1317.88,1787.47,1
50464693234281699,Lynn Community Based Outpatient Clinic (CBOC),20190206,2019-02-06,ambulatory,2,1,88.0,88.0,0,0,770.58,616.46,154.12,1
137002283324145083,STURDY MEMORIAL HOSPITAL INC,20190207,2019-02-07,ambulatory,1,1,15.0,15.0,0,0,7748.32,7748.32,0.00,1
846294596561620579,WESTFORD INTERNAL MEDICINE PC,20190208,2019-02-08,wellness,1,1,15.0,15.0,0,0,712.68,0.00,712.68,1
50464693234281699,Lynn Community Based Outpatient Clinic (CBOC),20190209,2019-02-09,ambulatory,1,1,164.0,164.0,0,0,1304.71,1043.77,260.94,1
50464693234281699,Lynn Community Based Outpatient Clinic (CBOC),20190212,2019-02-12,ambulatory,1,1,217.0,217.0,0,0,650.10,520.08,130.02,1
683258316057948949,STEWARD ST. ANNES HOSPITAL CORPORATION,20190214,2019-02-14,ambulatory,1,1,15.0,15.0,0,0,85.55,0.00,85.55,1
137002283324145083,STURDY MEMORIAL HOSPITAL INC,20190214,2019-02-14,ambulatory,1,1,15.0,15.0,0,0,11451.02,11451.02,0.00,1
50464693234281699,Lynn Community Based Outpatient Clinic (CBOC),20190215,2019-02-15,ambulatory,1,1,229.0,229.0,0,0,787.17,629.74,157.43,1
50464693234281699,Lynn Community Based Outpatient Clinic (CBOC),20190218,2019-02-18,ambulatory,1,1,215.0,215.0,0,0,736.29,589.03,147.26,1
50464693234281699,Lynn Community Based Outpatient Clinic (CBOC),20190221,2019-02-21,ambulatory,1,1,160.0,160.0,0,0,1791.03,1432.82,358.21,1
521143750033311203,SERENITY HILL NURSING CENTER,20190221,2019-02-21,emergency,1,1,60.0,60.0,0,1,9829.51,9829.51,0.00,1
137002283324145083,STURDY MEMORIAL HOSPITAL INC,20190221,2019-02-21,ambulatory,1,1,15.0,15.0,0,0,12071.23,12071.23,0.00,1
623047219859228790,GARDEN STATE HEALTHCARE ASSOCIATES LLC,20190222,2019-02-22,wellness,1,1,47.6,47.6,0,0,1291.56,848.66,442.90,1
50464693234281699,Lynn Community Based Outpatient Clinic (CBOC),20190224,2019-02-24,ambulatory,1,1,137.0,137.0,0,0,535.87,428.70,107.17,1
334510102683813647,BOSTON MEDICAL CENTER CORPORATION-,20190224,2019-02-24,wellness,1,1,15.0,15.0,0,0,272.80,0.00,272.80,1
50464693234281699,Lynn Community Based Outpatient Clinic (CBOC),20190228,2019-02-28,ambulatory,1,1,205.0,205.0,0,0,931.05,744.84,186.21,1
50464693234281699,Lynn Community Based Outpatient Clinic (CBOC),20190303,2019-03-03,ambulatory,1,1,228.0,228.0,0,0,995.80,796.64,199.16,1
50464693234281699,Lynn Community Based Outpatient Clinic (CBOC),20190306,2019-03-06,ambulatory,1,1,207.0,207.0,0,0,1233.50,986.80,246.70,1
395615810080261442,ANNA JAQUES HOSPITAL SUBACUTE UNIT,20190308,2019-03-08,ambulatory,1,1,203.75,203.75,0,0,3105.35,2484.28,621.07,1
244544338078735615,TEWKSBURY HOSPITAL,20190308,2019-03-08,outpatient,1,1,15.0,15.0,0,0,142.58,0.00,142.58,1
50464693234281699,Lynn Community Based Outpatient Clinic (CBOC),20190309,2019-03-09,ambulatory,2,1,112.5,112.5,0,0,792.66,634.12,158.54,1
244544338078735615,TEWKSBURY HOSPITAL,20190311,2019-03-11,outpatient,1,1,58.583333333333336,58.583333333333336,0,0,4052.91,0.00,4052.91,1
50464693234281699,Lynn Community Based Outpatient Clinic (CBOC),20190312,2019-03-12,ambulatory,1,1,230.0,230.0,0,0,535.87,428.70,107.17,1
39538555446517326,VNA & HOSPICE OF GREATER MILFORD,20190313,2019-03-13,emergency,1,1,60.0,60.0,0,1,87.71,52.71,35.00,1
58830663438005741,SUNRISE HEALTHCARE LLC,20190313,2019-03-13,wellness,1,1,36.516666666666666,36.516666666666666,0,0,704.20,0.00,704.20,1
50464693234281699,Lynn Community Based Outpatient Clinic (CBOC),20190315,2019-03-15,ambulatory,1,1,128.0,128.0,0,0,797.86,638.29,159.57,1
50464693234281699,Lynn Community Based Outpatient Clinic (CBOC),20190318,2019-03-18,ambulatory,1,1,211.0,211.0,0,0,535.87,428.70,107.17,1
50464693234281699,Lynn Community Based Outpatient Clinic (CBOC),20190322,2019-03-22,ambulatory,1,1,153.0,153.0,0,0,535.87,428.70,107.17,1
50464693234281699,Lynn Community Based Outpatient Clinic (CBOC),20190325,2019-03-25,ambulatory,1,1,220.0,220.0,0,0,535.87,428.70,107.17,1
721972786242253874,BOSTON MEDICAL CENTER CORPORATION-,20190325,2019-03-25,ambulatory,1,1,22.383333333333333,22.383333333333333,0,0,148.80,0.00,148.80,1
164982158369714689,A&A HEALTHCARE LLC,20190327,2019-03-27,wellness,1,1,44.266666666666666,44.266666666666666,0,0,785.58,785.58,0.00,1
50464693234281699,Lynn Community Based Outpatient Clinic (CBOC),20190328,2019-03-28,ambulatory,1,1,188.0,188.0,0,0,535.87,428.70,107.17,1
476697113556229311,BETH ISRAEL DEACONESS HOSPITAL MILTON INC,20190329,2019-03-29,ambulatory,1,1,15.0,15.0,0,0,85.55,0.00,85.55,1
679474484616751075,NEWBURYPORT FAMILY PRACTICE P.C.,20190330,2019-03-30,wellness,1,1,15.0,15.0,0,0,1384.48,0.00,1384.48,1
50464693234281699,Lynn Community Based Outpatient Clinic (CBOC),20190331,2019-03-31,ambulatory,1,1,195.0,195.0,0,0,535.87,428.70,107.17,1
50464693234281699,Lynn Community Based Outpatient Clinic (CBOC),20190402,2019-04-02,ambulatory,1,1,15.0,15.0,0,0,234.71,187.76,46.95,1
50464693234281699,Lynn Community Based Outpatient Clinic (CBOC),20190403,2019-04-03,ambulatory,1,1,121.0,121.0,0,0,535.87,428.70,107.17,1
721972786242253874,BOSTON MEDICAL CENTER CORPORATION-,20190404,2019-04-04,outpatient,1,1,50.483333333333334,50.483333333333334,0,0,1099.19,0.00,1099.19,1
137002283324145083,STURDY MEMORIAL HOSPITAL INC,20190404,2019-04-04,ambulatory,1,1,15.0,15.0,0,0,1005.38,1005.38,0.00,1
50464693234281699,Lynn Community Based Outpatient Clinic (CBOC),20190406,2019-04-06,ambulatory,1,1,122.0,122.0,0,0,839.83,671.86,167.97,1
50464693234281699,Lynn Community Based Outpatient Clinic (CBOC),20190409,2019-04-09,ambulatory,2,1,71.5,71.5,0,0,770.58,616.46,154.12,1
332886644979055046,MILFORD REGIONAL MEDICAL CENTER,20190410,2019-04-10,ambulatory,1,1,358.85,358.85,0,0,4399.55,4364.55,35.00,1
137002283324145083,STURDY MEMORIAL HOSPITAL INC,20190411,2019-04-11,outpatient,1,1,15.0,15.0,0,0,142.58,142.58,0.00,1
50464693234281699,Lynn Community Based Outpatient Clinic (CBOC),20190412,2019-04-12,ambulatory,1,1,155.0,155.0,0,0,535.87,428.70,107.17,1
376833142676655002,HOLISTIC FAMILY PRACTICE  INC.,20190413,2019-04-13,wellness,1,1,39.1,39.1,0,0,704.20,563.36,140.84,1
50464693234281699,Lynn Community Based Outpatient Clinic (CBOC),20190415,2019-04-15,ambulatory,1,1,126.0,126.0,0,0,639.99,511.99,128.00,1
924438841780828326,CENTER FOR DIGESTIVE WELLNESS PC,20190416,2019-04-16,wellness,1,1,15.0,15.0,0,0,347.38,0.00,347.38,1
244544338078735615,TEWKSBURY HOSPITAL,20190418,2019-04-18,ambulatory,1,1,15.0,15.0,0,0,85.55,35.55,50.00,1
50464693234281699,Lynn Community Based Outpatient Clinic (CBOC),20190419,2019-04-19,ambulatory,1,1,146.0,146.0,0,0,535.87,428.70,107.17,1
50464693234281699,Lynn Community Based Outpatient Clinic (CBOC),20190422,2019-04-22,ambulatory,1,1,230.0,230.0,0,0,680.96,544.77,136.19,1
50464693234281699,Lynn Community Based Outpatient Clinic (CBOC),20190425,2019-04-25,ambulatory,1,1,146.0,146.0,0,0,1375.84,1100.67,275.17,1
1037822919216517364,ANNA JAQUES HOSPITAL SUBACUTE UNIT,20190427,2019-04-27,ambulatory,1,1,183.35,183.35,0,0,2673.95,2139.16,534.79,1
264175530648959689,SIGNATURE HEALTHCARE MEDICAL GROUP INC,20190428,2019-04-28,wellness,1,1,58.233333333333334,58.233333333333334,0,0,927.94,927.94,0.00,1
50464693234281699,Lynn Community Based Outpatient Clinic (CBOC),20190428,2019-04-28,ambulatory,1,1,200.0,200.0,0,0,891.85,713.48,178.37,1
353447819048907343,CAMBRIDGE PUBLIC HEALTH COMMISSION,20190428,2019-04-28,ambulatory,1,1,43.733333333333334,43.733333333333334,0,0,573.98,538.98,35.00,1
239726299069476648,PERSONALIZED MEDICAL CARE LLC,20190430,2019-04-30,wellness,1,1,15.0,15.0,0,0,272.80,0.00,272.80,1
1108258114602746895,CAMBRIDGE REHABILITATION & NURSING CENTER,20190501,2019-05-01,emergency,1,1,60.0,60.0,0,1,146.18,0.00,146.18,1
50464693234281699,Lynn Community Based Outpatient Clinic (CBOC),20190501,2019-05-01,ambulatory,1,1,162.0,162.0,0,0,535.87,428.70,107.17,1
410915144747947572,COOLEY DICKINSON HOSPITAL INC,20190502,2019-05-02,outpatient,1,1,15.0,15.0,0,0,142.58,0.00,142.58,1
683258316057948949,STEWARD ST. ANNES HOSPITAL CORPORATION,20190503,2019-05-03,outpatient,1,1,15.0,15.0,0,0,142.58,0.00,142.58,1
50464693234281699,Lynn Community Based Outpatient Clinic (CBOC),20190504,2019-05-04,ambulatory,1,1,131.0,131.0,0,0,535.87,428.70,107.17,1
50464693234281699,Lynn Community Based Outpatient Clinic (CBOC),20190507,2019-05-07,ambulatory,1,1,163.0,163.0,0,0,535.87,428.70,107.17,1
721972786242253874,BOSTON MEDICAL CENTER CORPORATION-,20190508,2019-05-08,ambulatory,1,1,15.0,15.0,0,0,142.58,0.00,142.58,1
50464693234281699,Lynn Community Based Outpatient Clinic (CBOC),20190510,2019-05-10,ambulatory,2,1,99.0,99.0,0,0,1041.02,832.81,208.21,1
814284400183858824,PRIMARY CARE NORTH PC,20190511,2019-05-11,wellness,1,1,43.916666666666664,43.916666666666664,0,0,1475.54,996.66,478.88,1
50464693234281699,Lynn Community Based Outpatient Clinic (CBOC),20190513,2019-05-13,ambulatory,1,1,226.0,226.0,0,0,1273.38,1018.70,254.68,1
50464693234281699,Lynn Community Based Outpatient Clinic (CBOC),20190517,2019-05-17,ambulatory,1,1,188.0,188.0,0,0,1523.08,1218.46,304.62,1
395615810080261442,ANNA JAQUES HOSPITAL SUBACUTE UNIT,20190518,2019-05-18,outpatient,1,1,28.35,28.35,0,0,8418.72,6734.97,1683.75,1
679818074188163933,ARBOUR-FULLER HOSPITAL,20190519,2019-05-19,outpatient,1,1,15.0,15.0,0,0,142.58,0.00,142.58,1
50464693234281699,Lynn Community Based Outpatient Clinic (CBOC),20190520,2019-05-20,ambulatory,1,1,202.0,202.0,0,0,1595.29,1276.23,319.06,1
50464693234281699,Lynn Community Based Outpatient Clinic (CBOC),20190523,2019-05-23,ambulatory,1,1,148.0,148.0,0,0,535.87,428.70,107.17,1
622746900524004548,WHITTIER REHABILTATION HOSPITAL,20190525,2019-05-25,ambulatory,1,1,222.85,222.85,0,0,3105.35,2484.28,621.07,1
50464693234281699,Lynn Community Based Outpatient Clinic (CBOC),20190526,2019-05-26,ambulatory,1,1,130.0,130.0,0,0,535.87,428.70,107.17,1
50464693234281699,Lynn Community Based Outpatient Clinic (CBOC),20190529,2019-05-29,ambulatory,1,1,231.0,231.0,0,0,792.44,633.95,158.49,1
1100386330438199965,WALTHAM WESTON INTERNAL MEDICINE ASSOCIATES  P.C.,20190531,2019-05-31,wellness,1,1,51.61666666666667,51.61666666666667,0,0,1069.06,855.24,213.82,1
50464693234281699,Lynn Community Based Outpatient Clinic (CBOC),20190601,2019-06-01,hospice,1,1,38884.05,38884.05,0,0,11353.93,9083.14,2270.79,1
288384166086759286,MEDFORD REHABILITATION AND NURSING CENTER,20190602,2019-06-02,emergency,1,1,60.0,60.0,0,1,4140.89,4105.89,35.00,1
919548777387151765,SOUTH SHORE CENTER FOR WELLNESS LTD,20190615,2019-06-15,wellness,1,1,56.916666666666664,56.916666666666664,0,0,704.20,0.00,704.20,1
719406762791431727,BRIARWOOD REHABILITATION & HEALTHCARE CENTER,20190615,2019-06-15,emergency,1,1,60.0,60.0,0,1,146.18,0.00,146.18,1
244544338078735615,TEWKSBURY HOSPITAL,20190616,2019-06-16,outpatient,1,1,44.8,44.8,0,0,868.65,0.00,868.65,1
244544338078735615,TEWKSBURY HOSPITAL,20190623,2019-06-23,ambulatory,1,1,15.0,15.0,0,0,1469.08,0.00,1469.08,1
565804414476228962,FRANCISCAN HOSPITAL FOR CHILDREN INC,20190624,2019-06-24,ambulatory,1,1,26.8,26.8,0,0,573.98,423.98,150.00,1
410915144747947572,COOLEY DICKINSON HOSPITAL INC,20190625,2019-06-25,ambulatory,1,1,62.71666666666667,62.71666666666667,0,0,516.95,0.00,516.95,1
39538555446517326,VNA & HOSPICE OF GREATER MILFORD,20190625,2019-06-25,emergency,1,1,60.0,60.0,0,1,146.18,111.18,35.00,1
679474484616751075,NEWBURYPORT FAMILY PRACTICE P.C.,20190629,2019-06-29,wellness,1,1,15.0,15.0,0,0,629.87,445.08,184.79,1
50464693234281699,Lynn Community Based Outpatient Clinic (CBOC),20190629,2019-06-29,wellness,1,1,15.0,15.0,0,0,211.38,169.10,42.28,1
815218868737845247,Causeway OPC,20190703,2019-07-03,ambulatory,1,1,15.0,15.0,0,0,85.55,68.44,17.11,1
1037822919216517364,ANNA JAQUES HOSPITAL SUBACUTE UNIT,20190706,2019-07-06,ambulatory,1,1,15.0,15.0,0,0,17072.82,13658.25,3414.57,1
694540912856437675,PULMONARY INTERNISTS AND CONSULTANTS PC,20190709,2019-07-09,wellness,1,1,50.53333333333333,50.53333333333333,0,0,994.48,0.00,994.48,1
741458505160782152,LOWELL COMMUNITY HEALTH CENTER,20190714,2019-07-14,wellness,1,1,40.85,40.85,0,0,783.90,0.00,783.90,1
565804414476228962,FRANCISCAN HOSPITAL FOR CHILDREN INC,20190715,2019-07-15,ambulatory,1,1,28.533333333333335,28.533333333333335,0,0,16956.79,16906.79,50.00,1
1003634539940818261,CHARLES RIVER COMMUNITY HEALTH  INC,20190715,2019-07-15,wellness,1,1,29.033333333333335,29.033333333333335,0,0,1703.00,1703.00,0.00,1
1037822919216517364,ANNA JAQUES HOSPITAL SUBACUTE UNIT,20190719,2019-07-19,ambulatory,1,1,15.0,15.0,0,0,12534.38,10027.50,2506.88,1
556944320275034302,PARADIGM HEALTHCARE  PC,20190719,2019-07-19,wellness,1,1,47.7,47.7,0,0,704.20,0.00,704.20,1
392549857133219292,CAPE COD HOSPITAL INC,20190723,2019-07-23,ambulatory,1,1,209.21666666666667,209.21666666666667,0,0,3536.75,2666.49,870.26,1
410915144747947572,COOLEY DICKINSON HOSPITAL INC,20190725,2019-07-25,ambulatory,1,1,74.88333333333334,74.88333333333334,0,0,516.95,0.00,516.95,1
565804414476228962,FRANCISCAN HOSPITAL FOR CHILDREN INC,20190729,2019-07-29,ambulatory,1,1,219.55,219.55,0,0,3105.35,3055.35,50.00,1
484606205110823681,FAMILY MEDICINE ASSOCIATES OF SOUTH ATTLEBORO  P.C.,20190803,2019-08-03,wellness,1,1,31.066666666666666,31.066666666666666,0,0,919.90,0.00,919.90,1
1037822919216517364,ANNA JAQUES HOSPITAL SUBACUTE UNIT,20190806,2019-08-06,ambulatory,1,1,15.0,15.0,0,0,1868.18,1494.54,373.64,1
76613554195130854,TREE OF LIFE HEALTHCARE ASSOCIATES,20190807,2019-08-07,wellness,1,1,15.0,15.0,0,0,840.20,0.00,840.20,1
39538555446517326,VNA & HOSPICE OF GREATER MILFORD,20190808,2019-08-08,emergency,1,1,60.0,60.0,0,1,146.18,111.18,35.00,1
565804414476228962,FRANCISCAN HOSPITAL FOR CHILDREN INC,20190808,2019-08-08,ambulatory,1,1,30.466666666666665,30.466666666666665,0,0,5263.67,5213.67,50.00,1
679818074188163933,ARBOUR-FULLER HOSPITAL,20190817,2019-08-17,ambulatory,1,1,193.16666666666666,193.16666666666666,0,0,3105.35,0.00,3105.35,1
721972786242253874,BOSTON MEDICAL CENTER CORPORATION-,20190817,2019-08-17,ambulatory,1,1,15.0,15.0,0,0,1603.64,0.00,1603.64,1
353447819048907343,CAMBRIDGE PUBLIC HEALTH COMMISSION,20190817,2019-08-17,ambulatory,3,1,24.916666666666668,24.416666666666668,0,0,5051.67,4946.67,105.00,1
476697113556229311,BETH ISRAEL DEACONESS HOSPITAL MILTON INC,20190818,2019-08-18,ambulatory,1,1,15.0,15.0,0,0,85.55,0.00,85.55,1
1108258114602746895,CAMBRIDGE REHABILITATION & NURSING CENTER,20190823,2019-08-23,emergency,1,1,60.0,60.0,0,1,20794.05,20740.23,53.82,1
334510102683813647,BOSTON MEDICAL CENTER CORPORATION-,20190825,2019-08-25,wellness,1,1,15.0,15.0,0,0,136.80,0.00,136.80,1
476697113556229311,BETH ISRAEL DEACONESS HOSPITAL MILTON INC,20190825,2019-08-25,outpatient,1,1,58.61666666666667,58.61666666666667,0,0,960.44,50.69,909.75,1
469245621271018320,LYNN URGENT CARE LLC,20190826,2019-08-26,urgentcare,1,1,15.0,15.0,0,0,494.28,0.00,494.28,1
410915144747947572,COOLEY DICKINSON HOSPITAL INC,20190827,2019-08-27,ambulatory,1,1,69.5,69.5,0,0,1059.16,0.00,1059.16,1
469245621271018320,LYNN URGENT CARE LLC,20190902,2019-09-02,urgentcare,1,1,15.0,15.0,0,0,573.98,218.08,355.90,1
565804414476228962,FRANCISCAN HOSPITAL FOR CHILDREN INC,20190903,2019-09-03,ambulatory,1,1,23.1,23.1,0,0,5263.67,5213.67,50.00,1
433837020145504394,ZANJABEE INTEGRATIVE MEDICINE AND PRIMARY CARE LLC,20190906,2019-09-06,wellness,1,1,43.43333333333333,43.43333333333333,0,0,1223.31,0.00,1223.31,1
721972786242253874,BOSTON MEDICAL CENTER CORPORATION-,20190909,2019-09-09,outpatient,1,1,15.0,15.0,0,0,301.25,241.00,60.25,1
160559015988030201,HEALTHFIRST FAMILY CARE CENTER INC,20190910,2019-09-10,wellness,1,1,33.166666666666664,33.166666666666664,0,0,1058.12,0.00,1058.12,1
721972786242253874,BOSTON MEDICAL CENTER CORPORATION-,20190916,2019-09-16,outpatient,1,1,15.0,15.0,0,0,301.25,241.00,60.25,1
344701928599722495,COLONY CENTER FOR HEALTH & REHABILITATION,20190916,2019-09-16,emergency,1,1,60.0,60.0,0,1,1008.98,0.00,1008.98,1
132019786462314408,DAVIS SQUARE FAMILY PRACTICE,20190919,2019-09-19,wellness,1,1,42.11666666666667,42.11666666666667,0,0,860.16,860.16,0.00,1
476697113556229311,BETH ISRAEL DEACONESS HOSPITAL MILTON INC,20190921,2019-09-21,outpatient,1,1,15.0,15.0,0,0,142.58,114.06,28.52,1
721972786242253874,BOSTON MEDICAL CENTER CORPORATION-,20190923,2019-09-23,ambulatory,1,1,15.0,15.0,0,0,9528.30,7622.64,1905.66,1
683258316057948949,STEWARD ST. ANNES HOSPITAL CORPORATION,20190924,2019-09-24,ambulatory,1,1,234.4,234.4,0,0,3536.75,158.64,3378.11,1
565804414476228962,FRANCISCAN HOSPITAL FOR CHILDREN INC,20190927,2019-09-27,ambulatory,1,1,27.633333333333333,27.633333333333333,0,0,5263.67,5213.67,50.00,1
363458983347729064,Fitchburg Outpatient Clinic,20190928,2019-09-28,ambulatory,1,1,49.81666666666667,49.81666666666667,0,0,948.35,0.00,948.35,1
476697113556229311,BETH ISRAEL DEACONESS HOSPITAL MILTON INC,20190929,2019-09-29,outpatient,1,1,73.46666666666667,73.46666666666667,0,0,18483.80,14787.03,3696.77,1
721972786242253874,BOSTON MEDICAL CENTER CORPORATION-,20190930,2019-09-30,ambulatory,1,1,180.71666666666667,180.71666666666667,0,0,2673.95,2139.16,534.79,1
353447819048907343,CAMBRIDGE PUBLIC HEALTH COMMISSION,20191003,2019-10-03,ambulatory,1,1,185.1,185.1,0,0,2673.95,2638.95,35.00,1
476697113556229311,BETH ISRAEL DEACONESS HOSPITAL MILTON INC,20191006,2019-10-06,outpatient,1,1,48.53333333333333,48.53333333333333,0,0,6937.84,5550.27,1387.57,1
544412707586716213,FAIRVIEW HOSPITAL,20191011,2019-10-11,wellness,1,1,15.0,15.0,0,0,704.20,604.20,100.00,1
389966452681632557,BETH ISRAEL DEACONESS HOSPITAL-NEEDHAM  INC.,20191013,2019-10-13,ambulatory,1,1,47.233333333333334,47.233333333333334,0,0,3236.96,2589.56,647.40,1
395615810080261442,ANNA JAQUES HOSPITAL SUBACUTE UNIT,20191013,2019-10-13,outpatient,1,1,15.0,15.0,0,0,142.58,114.06,28.52,1
39538555446517326,VNA & HOSPICE OF GREATER MILFORD,20191014,2019-10-14,emergency,1,1,60.0,60.0,0,1,146.18,111.18,35.00,1
565804414476228962,FRANCISCAN HOSPITAL FOR CHILDREN INC,20191019,2019-10-19,ambulatory,1,1,39.916666666666664,39.916666666666664,0,0,8656.98,8606.98,50.00,1
719406762791431727,BRIARWOOD REHABILITATION & HEALTHCARE CENTER,20191020,2019-10-20,emergency,1,1,60.0,60.0,0,1,146.18,92.36,53.82,1
703727186913582450,ASSOCIATED INTERNISTS OF RANDOLPH  INC.,20191020,2019-10-20,wellness,1,1,47.21666666666667,47.21666666666667,0,0,568.20,454.56,113.64,1
1108258114602746895,CAMBRIDGE REHABILITATION & NURSING CENTER,20191027,2019-10-27,emergency,1,1,60.0,60.0,0,1,87.71,37.71,50.00,1
557025406090317911,DILIGENCEHEALTHCARE,20191029,2019-10-29,wellness,1,1,29.266666666666666,29.266666666666666,0,0,919.90,0.00,919.90,1
222681380209834388,SOUTH SHORE HOSPITAL INC.,20191030,2019-10-30,ambulatory,1,1,15.0,15.0,0,0,85.55,0.00,85.55,1
476697113556229311,BETH ISRAEL DEACONESS HOSPITAL MILTON INC,20191103,2019-11-03,ambulatory,1,1,229.65,229.65,0,0,3536.75,2829.40,707.35,1
801031929336468325,BROCKTON HOSPITAL  INC.,20191110,2019-11-10,ambulatory,1,1,15.0,15.0,0,0,85.55,0.00,85.55,1
565804414476228962,FRANCISCAN HOSPITAL FOR CHILDREN INC,20191113,2019-11-13,ambulatory,1,1,38.583333333333336,38.583333333333336,0,0,7805.89,7755.89,50.00,1
654096641582644263,BL HEALTHCARE INC DELEWARE,20191114,2019-11-14,wellness,1,1,39.18333333333333,39.18333333333333,0,0,860.16,0.00,860.16,1
109016295863276866,FAMILY SERVICE ASSOCIATION OF GREATER FALL RIVER INC,20191114,2019-11-14,wellness,1,1,15.0,15.0,0,0,272.80,0.00,272.80,1
790885867393293671,DUTTON FAMILY CARE ASSOCIATES LLP,20191121,2019-11-21,wellness,1,1,55.96666666666667,55.96666666666667,0,0,840.20,0.00,840.20,1
683258316057948949,STEWARD ST. ANNES HOSPITAL CORPORATION,20191122,2019-11-22,ambulatory,1,1,15.0,15.0,0,0,85.55,59.88,25.67,1
866549107229357074,HOPKINTON MEDICAL CARE  P.C.,20191128,2019-11-28,wellness,1,1,15.0,15.0,0,0,704.20,0.00,704.20,1
723111811226363721,CHESTNUT WOODS REHABILITATION AND HEALTHCARE CTR,20191129,2019-11-29,emergency,1,1,60.0,60.0,0,1,146.18,116.94,29.24,1
410915144747947572,COOLEY DICKINSON HOSPITAL INC,20191130,2019-11-30,ambulatory,1,1,79.23333333333333,79.23333333333333,0,0,516.95,0.00,516.95,1
1053862909723414558,COMPASSIONATE HEALTH CARE GROUP LLC,20191202,2019-12-02,wellness,1,1,44.516666666666666,44.516666666666666,0,0,1297.29,1197.29,100.00,1
1108258114602746895,CAMBRIDGE REHABILITATION & NURSING CENTER,20191203,2019-12-03,emergency,1,1,60.0,60.0,0,1,87.71,37.71,50.00,1
565804414476228962,FRANCISCAN HOSPITAL FOR CHILDREN INC,20191204,2019-12-04,ambulatory,1,1,48.15,48.15,0,0,16546.52,16496.52,50.00,1
332886644979055046,MILFORD REGIONAL MEDICAL CENTER,20191205,2019-12-05,ambulatory,1,1,213.96666666666667,213.96666666666667,0,0,3536.75,2226.36,1310.39,1
814284400183858824,PRIMARY CARE NORTH PC,20191205,2019-12-05,wellness,1,1,30.666666666666668,30.666666666666668,0,0,1203.57,0.00,1203.57,1
353447819048907343,CAMBRIDGE PUBLIC HEALTH COMMISSION,20191206,2019-12-06,ambulatory,1,1,31.15,31.15,0,0,573.98,538.98,35.00,1
397616587890212345,HEBREW SENIORLIFE HOSPICE CARE INC,20191206,2019-12-06,hospice,1,1,69135.0,69135.0,0,0,23001.73,18214.98,4786.75,1
39538555446517326,VNA & HOSPICE OF GREATER MILFORD,20191209,2019-12-09,emergency,1,1,60.0,60.0,0,1,87.71,52.71,35.00,1
396031016204066515,LYNN COMMUNITY HEALTH,20191210,2019-12-10,wellness,1,1,15.0,15.0,0,0,919.90,819.90,100.00,1
622746900524004548,WHITTIER REHABILTATION HOSPITAL,20191217,2019-12-17,ambulatory,1,1,238.11666666666667,238.11666666666667,0,0,3536.75,3486.75,50.00,1
721972786242253874,BOSTON MEDICAL CENTER CORPORATION-,20191219,2019-12-19,ambulatory,1,1,190.9,190.9,0,0,2673.95,0.00,2673.95,1
815218868737845247,Causeway OPC,20191219,2019-12-19,wellness,1,1,45.05,45.05,0,0,1216.98,973.58,243.40,1
719406762791431727,BRIARWOOD REHABILITATION & HEALTHCARE CENTER,20191224,2019-12-24,emergency,1,1,60.0,60.0,0,1,87.71,37.71,50.00,1
445265032025896326,QUINCY CENTER PRIMARY CARE PC,20191225,2019-12-25,wellness,1,1,15.0,15.0,0,0,563.08,0.00,563.08,1
565804414476228962,FRANCISCAN HOSPITAL FOR CHILDREN INC,20191227,2019-12-27,ambulatory,1,1,40.11666666666667,40.11666666666667,0,0,5263.67,5213.67,50.00,1
1108258114602746895,CAMBRIDGE REHABILITATION & NURSING CENTER,20191228,2019-12-28,emergency,1,1,62.0,62.0,0,1,1008.98,958.98,50.00,1
679474484616751075,NEWBURYPORT FAMILY PRACTICE P.C.,20191228,2019-12-28,wellness,1,1,15.0,15.0,0,0,272.80,218.24,54.56,1
815218868737845247,Causeway OPC,20200102,2020-01-02,ambulatory,1,1,175.08333333333334,175.08333333333334,0,0,2673.95,2139.16,534.79,1
740843053744993432,BRIGHAM AND WOMEN'S FAULKNER HOSPITAL  INC.,20200105,2020-01-05,ambulatory,1,1,15.0,15.0,0,0,85.55,0.00,85.55,1
520806008221098162,FIRST PSYCHIATRIC PLANNERS  INC,20200107,2020-01-07,ambulatory,1,1,40.25,40.25,0,0,20297.15,20147.15,150.00,1
565804414476228962,FRANCISCAN HOSPITAL FOR CHILDREN INC,20200110,2020-01-10,ambulatory,1,1,15.0,15.0,0,0,85.55,35.55,50.00,1
29818448345197287,GREATER LAWRENCE FAMILY HEALTH CENTER INC,20200111,2020-01-11,wellness,1,1,25.266666666666666,25.266666666666666,0,0,1516.06,1416.06,100.00,1
249985492892219599,WHITLEY WELLNESS LLC,20200113,2020-01-13,wellness,1,1,15.0,15.0,0,0,1158.23,926.58,231.65,1
420221548349436151,MOUNT AUBURN HOSPITAL,20200114,2020-01-14,ambulatory,1,1,15.0,15.0,0,0,85.55,68.44,17.11,1
1019687989557003706,PATRIOT URGENT CARE PROFESSIONALS PC,20200120,2020-01-20,urgentcare,1,1,17.3,17.3,0,0,709.98,659.98,50.00,1
721972786242253874,BOSTON MEDICAL CENTER CORPORATION-,20200120,2020-01-20,ambulatory,1,1,209.51666666666668,209.51666666666668,0,0,3536.75,2829.40,707.35,1
472226794892644975,HAVERHILL FAMILY OFFICE LLC,20200123,2020-01-23,wellness,1,1,15.0,15.0,0,0,755.38,0.00,755.38,1
244544338078735615,TEWKSBURY HOSPITAL,20200125,2020-01-25,ambulatory,1,1,249.85,249.85,0,0,3968.15,3918.15,50.00,1
1019687989557003706,PATRIOT URGENT CARE PROFESSIONALS PC,20200127,2020-01-27,urgentcare,1,1,15.0,15.0,0,0,142.58,92.58,50.00,1
445265032025896326,QUINCY CENTER PRIMARY CARE PC,20200129,2020-01-29,wellness,1,1,15.0,15.0,0,0,857.32,0.00,857.32,1
969560228442772145,FAMILY PRACTICE GROUP PC,20200129,2020-01-29,wellness,1,1,46.766666666666666,46.766666666666666,0,0,704.20,704.20,0.00,1
340901791751100142,WP ACQUISITION SUB LLC,20200130,2020-01-30,ambulatory,1,1,15.0,15.0,0,0,85.55,0.00,85.55,1
565804414476228962,FRANCISCAN HOSPITAL FOR CHILDREN INC,20200203,2020-02-03,ambulatory,1,1,23.983333333333334,23.983333333333334,0,0,7602.06,7552.06,50.00,1
969560228442772145,FAMILY PRACTICE GROUP PC,20200203,2020-02-03,wellness,1,1,15.0,15.0,0,0,1490.86,1390.86,100.00,1
969560228442772145,FAMILY PRACTICE GROUP PC,20200204,2020-02-04,wellness,1,1,15.0,15.0,0,0,704.20,0.00,704.20,1
44500129533123678,SOUTHCOAST HOSPITALS GROUP INC,20200204,2020-02-04,ambulatory,1,1,15.0,15.0,0,0,10254.35,7176.16,3078.19,1
520806008221098162,FIRST PSYCHIATRIC PLANNERS  INC,20200210,2020-02-10,ambulatory,1,1,161.83333333333334,161.83333333333334,0,0,2673.95,2623.95,50.00,1
420221548349436151,MOUNT AUBURN HOSPITAL,20200211,2020-02-11,ambulatory,1,1,263.5833333333333,263.5833333333333,0,0,3536.75,2330.31,1206.44,1
44500129533123678,SOUTHCOAST HOSPITALS GROUP INC,20200213,2020-02-13,outpatient,1,1,15.0,15.0,0,0,501.51,401.21,100.30,1
846294596561620579,WESTFORD INTERNAL MEDICINE PC,20200214,2020-02-14,wellness,1,1,15.0,15.0,0,0,272.80,0.00,272.80,1
565804414476228962,FRANCISCAN HOSPITAL FOR CHILDREN INC,20200216,2020-02-16,ambulatory,1,1,15.0,15.0,0,0,142.58,92.58,50.00,1
1098770971879567184,MIDDLETON FAMILY MEDICINE URGENT CARE  LLC,20200220,2020-02-20,urgentcare,1,1,15.0,15.0,0,0,1097.62,384.44,713.18,1
654771330264239386,LIFE CARE CENTER OF ATTLEBORO,20200221,2020-02-21,emergency,1,1,60.0,60.0,0,1,146.18,0.00,146.18,1
334510102683813647,BOSTON MEDICAL CENTER CORPORATION-,20200223,2020-02-23,wellness,1,1,15.0,15.0,0,0,506.96,0.00,506.96,1
476697113556229311,BETH ISRAEL DEACONESS HOSPITAL MILTON INC,20200223,2020-02-23,ambulatory,1,1,44.21666666666667,44.21666666666667,0,0,8155.71,5358.17,2797.54,1
622746900524004548,WHITTIER REHABILTATION HOSPITAL,20200223,2020-02-23,ambulatory,1,1,15.0,15.0,0,0,85.55,0.00,85.55,1
565804414476228962,FRANCISCAN HOSPITAL FOR CHILDREN INC,20200224,2020-02-24,ambulatory,1,1,35.63333333333333,35.63333333333333,0,0,11414.07,11364.07,50.00,1
137002283324145083,STURDY MEMORIAL HOSPITAL INC,20200227,2020-02-27,outpatient,1,1,43.6,43.6,0,0,1282.97,0.00,1282.97,1
340901791751100142,WP ACQUISITION SUB LLC,20200227,2020-02-27,outpatient,1,1,15.0,15.0,0,0,481.90,385.52,96.38,1
623047219859228790,GARDEN STATE HEALTHCARE ASSOCIATES LLC,20200228,2020-02-28,wellness,1,1,46.61666666666667,46.61666666666667,0,0,1216.98,789.00,427.98,1
340901791751100142,WP ACQUISITION SUB LLC,20200305,2020-03-05,ambulatory,1,1,222.68333333333334,222.68333333333334,0,0,3536.75,2829.40,707.35,1
244544338078735615,TEWKSBURY HOSPITAL,20200305,2020-03-05,outpatient,1,1,15.0,15.0,0,0,142.58,0.00,142.58,1
137002283324145083,STURDY MEMORIAL HOSPITAL INC,20200305,2020-03-05,ambulatory,1,1,15.0,15.0,0,0,85.55,0.00,85.55,1
340901791751100142,WP ACQUISITION SUB LLC,20200312,2020-03-12,ambulatory,1,1,15.0,15.0,0,0,85.55,68.44,17.11,1
332886644979055046,MILFORD REGIONAL MEDICAL CENTER,20200312,2020-03-12,ambulatory,1,1,15.0,15.0,0,0,85.55,0.00,85.55,1
58830663438005741,SUNRISE HEALTHCARE LLC,20200318,2020-03-18,wellness,1,1,42.766666666666666,42.766666666666666,0,0,1142.89,0.00,1142.89,1
39538555446517326,VNA & HOSPICE OF GREATER MILFORD,20200320,2020-03-20,emergency,1,1,60.0,60.0,0,1,87.71,52.71,35.00,1
565804414476228962,FRANCISCAN HOSPITAL FOR CHILDREN INC,20200320,2020-03-20,ambulatory,1,1,46.55,46.55,0,0,20626.96,20576.96,50.00,1
719406762791431727,BRIARWOOD REHABILITATION & HEALTHCARE CENTER,20200321,2020-03-21,emergency,1,1,60.0,60.0,0,1,8826.88,8676.88,150.00,1
721972786242253874,BOSTON MEDICAL CENTER CORPORATION-,20200325,2020-03-25,inpatient,1,1,17323.95,17323.95,1,0,19120.58,13384.65,5735.93,1
721972786242253874,BOSTON MEDICAL CENTER CORPORATION-,20200325,2020-03-25,ambulatory,1,1,91.06666666666666,91.06666666666666,0,0,238.39,0.00,238.39,1
41581407780620585,WHITTIER REHABILITATION HOSPITAL - BRADFORD,20200401,2020-04-01,ambulatory,1,1,201.8,201.8,0,0,3105.35,0.00,3105.35,1
445265032025896326,QUINCY CENTER PRIMARY CARE PC,20200401,2020-04-01,wellness,1,1,15.0,15.0,0,0,816.80,0.00,816.80,1
164982158369714689,A&A HEALTHCARE LLC,20200401,2020-04-01,wellness,1,1,55.1,55.1,0,0,994.48,994.48,0.00,1
353447819048907343,CAMBRIDGE PUBLIC HEALTH COMMISSION,20200402,2020-04-02,ambulatory,1,1,36.2,36.2,0,0,573.98,538.98,35.00,1
363458983347729064,Fitchburg Outpatient Clinic,20200403,2020-04-03,ambulatory,1,1,45.3,45.3,0,0,948.35,0.00,948.35,1
137002283324145083,STURDY MEMORIAL HOSPITAL INC,20200405,2020-04-05,outpatient,1,1,15.0,15.0,0,0,142.58,0.00,142.58,1
389966452681632557,BETH ISRAEL DEACONESS HOSPITAL-NEEDHAM  INC.,20200407,2020-04-07,ambulatory,1,1,15.0,15.0,0,0,85.55,35.55,50.00,1
389966452681632557,BETH ISRAEL DEACONESS HOSPITAL-NEEDHAM  INC.,20200410,2020-04-10,ambulatory,1,1,46.95,46.95,0,0,3236.96,2589.56,647.40,1
476697113556229311,BETH ISRAEL DEACONESS HOSPITAL MILTON INC,20200412,2020-04-12,outpatient,1,1,48.86666666666667,48.86666666666667,0,0,652.95,522.36,130.59,1
565804414476228962,FRANCISCAN HOSPITAL FOR CHILDREN INC,20200412,2020-04-12,ambulatory,1,1,16.5,16.5,0,0,5263.67,5213.67,50.00,1
332886644979055046,MILFORD REGIONAL MEDICAL CENTER,20200415,2020-04-15,ambulatory,1,1,234.78333333333333,234.78333333333333,0,0,3105.35,3070.35,35.00,1
44500129533123678,SOUTHCOAST HOSPITALS GROUP INC,20200416,2020-04-16,ambulatory,1,1,15.0,15.0,0,0,85.55,68.44,17.11,1
376833142676655002,HOLISTIC FAMILY PRACTICE  INC.,20200418,2020-04-18,wellness,1,1,59.86666666666667,59.86666666666667,0,0,778.78,623.02,155.76,1
476697113556229311,BETH ISRAEL DEACONESS HOSPITAL MILTON INC,20200419,2020-04-19,ambulatory,1,1,15.0,15.0,0,0,85.55,68.44,17.11,1
924438841780828326,CENTER FOR DIGESTIVE WELLNESS PC,20200421,2020-04-21,wellness,1,1,15.0,15.0,0,0,272.80,0.00,272.80,1
332886644979055046,MILFORD REGIONAL MEDICAL CENTER,20200423,2020-04-23,ambulatory,1,1,15.0,15.0,0,0,85.55,50.55,35.00,1
635544131513586331,CAMBRIDGE PUBLIC HEALTH COMMISSION,20200424,2020-04-24,ambulatory,1,1,15.0,15.0,0,0,85.55,0.00,85.55,1
39538555446517326,VNA & HOSPICE OF GREATER MILFORD,20200426,2020-04-26,emergency,1,1,60.0,60.0,0,1,146.18,111.18,35.00,1
476697113556229311,BETH ISRAEL DEACONESS HOSPITAL MILTON INC,20200426,2020-04-26,ambulatory,1,1,206.78333333333333,206.78333333333333,0,0,3105.35,2484.28,621.07,1
41581407780620585,WHITTIER REHABILITATION HOSPITAL - BRADFORD,20200428,2020-04-28,ambulatory,1,1,15.0,15.0,0,0,85.55,0.00,85.55,1
1037822919216517364,ANNA JAQUES HOSPITAL SUBACUTE UNIT,20200502,2020-05-02,ambulatory,1,1,262.6333333333333,262.6333333333333,0,0,3105.35,2484.28,621.07,1
264175530648959689,SIGNATURE HEALTHCARE MEDICAL GROUP INC,20200503,2020-05-03,wellness,1,1,59.53333333333333,59.53333333333333,0,0,1790.74,1790.74,0.00,1
651473276246308486,GREATER LAWRENCE FAMILY HEALTH CENTER INC,20200503,2020-05-03,wellness,1,1,53.016666666666666,53.016666666666666,0,0,704.20,0.00,704.20,1
239726299069476648,PERSONALIZED MEDICAL CARE LLC,20200505,2020-05-05,wellness,1,1,15.0,15.0,0,0,2037.06,0.00,2037.06,1
565804414476228962,FRANCISCAN HOSPITAL FOR CHILDREN INC,20200508,2020-05-08,ambulatory,1,1,20.566666666666666,20.566666666666666,0,0,8271.77,8221.77,50.00,1
559102553183312747,HEBREW REHABILITATION CENTER,20200512,2020-05-12,ambulatory,1,1,343.85,343.85,0,0,4830.95,0.00,4830.95,1
814284400183858824,PRIMARY CARE NORTH PC,20200516,2020-05-16,wellness,1,1,36.416666666666664,36.416666666666664,0,0,1351.30,972.53,378.77,1
801031929336468325,BROCKTON HOSPITAL  INC.,20200517,2020-05-17,ambulatory,1,1,225.13333333333333,225.13333333333333,0,0,3105.35,3055.35,50.00,1
1037822919216517364,ANNA JAQUES HOSPITAL SUBACUTE UNIT,20200518,2020-05-18,ambulatory,1,1,15.0,15.0,0,0,142.58,114.06,28.52,1
719406762791431727,BRIARWOOD REHABILITATION & HEALTHCARE CENTER,20200518,2020-05-18,emergency,1,1,60.0,60.0,0,1,87.71,37.71,50.00,1
222681380209834388,SOUTH SHORE HOSPITAL INC.,20200529,2020-05-29,ambulatory,1,1,40.1,40.1,0,0,10120.22,2415.73,7704.49,1
565804414476228962,FRANCISCAN HOSPITAL FOR CHILDREN INC,20200530,2020-05-30,ambulatory,1,1,16.283333333333335,16.283333333333335,0,0,5263.67,5213.67,50.00,1
345242370934466119,HEBREW SENIORLIFE AFFILIATED MEDICAL GROUP INC,20200602,2020-06-02,ambulatory,1,1,15.0,15.0,0,0,1787.61,0.00,1787.61,1
445265032025896326,QUINCY CENTER PRIMARY CARE PC,20200603,2020-06-03,wellness,1,1,15.0,15.0,0,0,816.80,0.00,816.80,1
1100386330438199965,WALTHAM WESTON INTERNAL MEDICINE ASSOCIATES  P.C.,20200605,2020-06-05,wellness,1,1,33.733333333333334,33.733333333333334,0,0,1208.17,966.53,241.64,1
389966452681632557,BETH ISRAEL DEACONESS HOSPITAL-NEEDHAM  INC.,20200613,2020-06-13,ambulatory,1,1,15.0,15.0,0,0,85.55,35.55,50.00,1
919548777387151765,SOUTH SHORE CENTER FOR WELLNESS LTD,20200620,2020-06-20,wellness,1,1,38.13333333333333,38.13333333333333,0,0,1158.89,695.33,463.56,1
132019786462314408,DAVIS SQUARE FAMILY PRACTICE,20200622,2020-06-22,wellness,1,1,34.483333333333334,34.483333333333334,0,0,1402.48,1338.03,64.45,1
565804414476228962,FRANCISCAN HOSPITAL FOR CHILDREN INC,20200624,2020-06-24,ambulatory,1,1,40.8,40.8,0,0,5263.67,5113.67,150.00,1
679474484616751075,NEWBURYPORT FAMILY PRACTICE P.C.,20200627,2020-06-27,wellness,1,1,15.0,15.0,0,0,1070.65,0.00,1070.65,1
1031243542611916810,ENCOMPASS HEALTH REHABILITATION HOSP OF NEW ENGLAN,20200706,2020-07-06,outpatient,1,1,44.3,44.3,0,0,15783.94,15633.94,150.00,1
39538555446517326,VNA & HOSPICE OF GREATER MILFORD,20200709,2020-07-09,emergency,1,1,60.0,60.0,0,1,87.71,52.71,35.00,1
694540912856437675,PULMONARY INTERNISTS AND CONSULTANTS PC,20200714,2020-07-14,wellness,1,1,33.25,33.25,0,0,704.20,0.00,704.20,1
741458505160782152,LOWELL COMMUNITY HEALTH CENTER,20200719,2020-07-19,wellness,1,1,40.28333333333333,40.28333333333333,0,0,704.20,0.00,704.20,1
1003634539940818261,CHARLES RIVER COMMUNITY HEALTH  INC,20200720,2020-07-20,wellness,1,1,15.0,15.0,0,0,568.20,568.20,0.00,1
556944320275034302,PARADIGM HEALTHCARE  PC,20200724,2020-07-24,wellness,1,1,40.75,40.75,0,0,778.78,0.00,778.78,1
815218868737845247,Causeway OPC,20200725,2020-07-25,ambulatory,1,1,80.05,80.05,0,0,235.03,1.62,233.41,1
123401477876424417,ARBOUR HOSPITAL  THE,20200727,2020-07-27,ambulatory,1,1,15.0,15.0,0,0,1189.82,0.00,1189.82,1
565804414476228962,FRANCISCAN HOSPITAL FOR CHILDREN INC,20200727,2020-07-27,ambulatory,1,1,54.31666666666667,54.31666666666667,0,0,6815.64,6765.64,50.00,1
244544338078735615,TEWKSBURY HOSPITAL,20200802,2020-08-02,ambulatory,1,1,221.96666666666667,221.96666666666667,0,0,3536.75,0.00,3536.75,1
565804414476228962,FRANCISCAN HOSPITAL FOR CHILDREN INC,20200803,2020-08-03,ambulatory,1,1,195.93333333333334,195.93333333333334,0,0,3105.35,3055.35,50.00,1
353447819048907343,CAMBRIDGE PUBLIC HEALTH COMMISSION,20200803,2020-08-03,ambulatory,3,1,29.283333333333335,28.216666666666665,0,0,10518.78,10413.78,105.00,1
353447819048907343,CAMBRIDGE PUBLIC HEALTH COMMISSION,20200804,2020-08-04,ambulatory,1,1,35.53333333333333,35.53333333333333,0,0,8546.39,8511.39,35.00,1
635544131513586331,CAMBRIDGE PUBLIC HEALTH COMMISSION,20200806,2020-08-06,ambulatory,1,1,15.0,15.0,0,0,1577.18,1527.18,50.00,1
410915144747947572,COOLEY DICKINSON HOSPITAL INC,20200807,2020-08-07,ambulatory,1,1,206.28333333333333,206.28333333333333,0,0,2673.95,0.00,2673.95,1
484606205110823681,FAMILY MEDICINE ASSOCIATES OF SOUTH ATTLEBORO  P.C.,20200808,2020-08-08,wellness,1,1,47.53333333333333,47.53333333333333,0,0,919.90,0.00,919.90,1
76613554195130854,TREE OF LIFE HEALTHCARE ASSOCIATES,20200812,2020-08-12,wellness,1,1,17.4,17.4,0,0,840.20,0.00,840.20,1
565804414476228962,FRANCISCAN HOSPITAL FOR CHILDREN INC,20200820,2020-08-20,ambulatory,1,1,51.016666666666666,51.016666666666666,0,0,5263.67,5213.67,50.00,1
66387877495315826,NEW ENGLAND REHABILITATION SERVICES OF CENTRAL MASSACHUSETTS INC,20200826,2020-08-26,ambulatory,1,1,167.9,167.9,0,0,3105.35,0.00,3105.35,1
583341618173404851,HOLYOKE VISITING NURSE ASSOC,20200831,2020-08-31,emergency,1,1,180.0,180.0,0,1,146.18,0.00,146.18,1
683258316057948949,STEWARD ST. ANNES HOSPITAL CORPORATION,20200901,2020-09-01,outpatient,1,1,33.18333333333333,33.18333333333333,0,0,14321.37,6875.60,7445.77,1
445265032025896326,QUINCY CENTER PRIMARY CARE PC,20200902,2020-09-02,wellness,1,1,15.0,15.0,0,0,816.80,0.00,816.80,1
683258316057948949,STEWARD ST. ANNES HOSPITAL CORPORATION,20200908,2020-09-08,ambulatory,1,1,62.35,62.35,0,0,922.32,645.62,276.70,1
565804414476228962,FRANCISCAN HOSPITAL FOR CHILDREN INC,20200912,2020-09-12,ambulatory,1,1,27.116666666666667,27.116666666666667,0,0,5263.67,5213.67,50.00,1
679818074188163933,ARBOUR-FULLER HOSPITAL,20200918,2020-09-18,virtual,1,1,92.61666666666666,92.61666666666666,0,0,1918.76,1918.76,0.00,1
679818074188163933,ARBOUR-FULLER HOSPITAL,20200919,2020-09-19,ambulatory,1,1,15.0,15.0,0,0,28869.19,14217.05,14652.14,1
719406762791431727,BRIARWOOD REHABILITATION & HEALTHCARE CENTER,20200922,2020-09-22,emergency,1,1,60.0,60.0,0,1,146.18,96.18,50.00,1
160559015988030201,HEALTHFIRST FAMILY CARE CENTER INC,20200922,2020-09-22,wellness,1,1,49.083333333333336,49.083333333333336,0,0,15037.28,10526.11,4511.17,1
132019786462314408,DAVIS SQUARE FAMILY PRACTICE,20200924,2020-09-24,wellness,1,1,39.46666666666667,39.46666666666667,0,0,785.58,785.58,0.00,1
41581407780620585,WHITTIER REHABILITATION HOSPITAL - BRADFORD,20200929,2020-09-29,outpatient,1,1,18.816666666666666,18.816666666666666,0,0,1250.85,0.00,1250.85,1
1037822919216517364,ANNA JAQUES HOSPITAL SUBACUTE UNIT,20201003,2020-10-03,ambulatory,1,1,22.416666666666668,22.416666666666668,0,0,132.96,106.37,26.59,1
389966452681632557,BETH ISRAEL DEACONESS HOSPITAL-NEEDHAM  INC.,20201003,2020-10-03,ambulatory,1,1,92.98333333333333,92.98333333333333,0,0,239.57,189.57,50.00,1
565804414476228962,FRANCISCAN HOSPITAL FOR CHILDREN INC,20201005,2020-10-05,ambulatory,1,1,32.5,32.5,0,0,12878.32,12828.32,50.00,1
102665420104747686,MASS GENERAL BRIGHAM URGENT CARE LLC,20201005,2020-10-05,urgentcare,1,1,34.2,34.2,0,0,1651.38,1601.38,50.00,1
683258316057948949,STEWARD ST. ANNES HOSPITAL CORPORATION,20201006,2020-10-06,ambulatory,1,1,394.6666666666667,394.6666666666667,0,0,4399.55,4399.55,0.00,1
353447819048907343,CAMBRIDGE PUBLIC HEALTH COMMISSION,20201008,2020-10-08,ambulatory,1,1,142.85,142.85,0,0,3105.35,3070.35,35.00,1
395615810080261442,ANNA JAQUES HOSPITAL SUBACUTE UNIT,20201010,2020-10-10,outpatient,1,1,50.55,50.55,0,0,1400.26,1120.21,280.05,1
476697113556229311,BETH ISRAEL DEACONESS HOSPITAL MILTON INC,20201011,2020-10-11,outpatient,1,1,35.7,35.7,0,0,4052.91,3242.32,810.59,1
410915144747947572,COOLEY DICKINSON HOSPITAL INC,20201012,2020-10-12,inpatient,1,1,54720.0,54720.0,1,0,146.18,0.00,146.18,1
635544131513586331,CAMBRIDGE PUBLIC HEALTH COMMISSION,20201012,2020-10-12,outpatient,1,1,15.0,15.0,0,0,357.55,307.55,50.00,1
911597834911837993,THOMAS UPHAM HOUSE,20201014,2020-10-14,emergency,1,1,151.6,151.6,0,1,4476.29,3581.03,895.26,1
344701928599722495,COLONY CENTER FOR HEALTH & REHABILITATION,20201016,2020-10-16,emergency,1,1,60.0,60.0,0,1,1008.98,0.00,1008.98,1
544412707586716213,FAIRVIEW HOSPITAL,20201016,2020-10-16,wellness,1,1,32.88333333333333,32.88333333333333,0,0,920.84,820.84,100.00,1
679818074188163933,ARBOUR-FULLER HOSPITAL,20201017,2020-10-17,ambulatory,1,1,15.0,15.0,0,0,17055.77,17055.77,0.00,1
395615810080261442,ANNA JAQUES HOSPITAL SUBACUTE UNIT,20201017,2020-10-17,outpatient,1,1,15.0,15.0,0,0,301.25,241.00,60.25,1
635544131513586331,CAMBRIDGE PUBLIC HEALTH COMMISSION,20201019,2020-10-19,ambulatory,2,1,116.40833333333333,116.40833333333333,0,0,3622.30,3522.30,100.00,1
395615810080261442,ANNA JAQUES HOSPITAL SUBACUTE UNIT,20201024,2020-10-24,outpatient,1,1,15.0,15.0,0,0,142.58,114.06,28.52,1
703727186913582450,ASSOCIATED INTERNISTS OF RANDOLPH  INC.,20201025,2020-10-25,wellness,1,1,45.88333333333333,45.88333333333333,0,0,840.20,672.16,168.04,1
565804414476228962,FRANCISCAN HOSPITAL FOR CHILDREN INC,20201028,2020-10-28,ambulatory,1,1,53.15,53.15,0,0,7564.90,7514.90,50.00,1
405686286755502306,BERKSHIRE MEDICAL CENTER INC,20201030,2020-10-30,ambulatory,1,1,476.4166666666667,476.4166666666667,0,0,5262.35,5212.35,50.00,1
557025406090317911,DILIGENCEHEALTHCARE,20201103,2020-11-03,wellness,1,1,15.0,15.0,0,0,1419.09,0.00,1419.09,1
39538555446517326,VNA & HOSPICE OF GREATER MILFORD,20201104,2020-11-04,emergency,1,1,60.0,60.0,0,1,146.18,111.18,35.00,1
476697113556229311,BETH ISRAEL DEACONESS HOSPITAL MILTON INC,20201108,2020-11-08,ambulatory,1,1,310.35,310.35,0,0,4830.95,3864.76,966.19,1
44500129533123678,SOUTHCOAST HOSPITALS GROUP INC,20201109,2020-11-09,ambulatory,1,1,15.0,15.0,0,0,85.55,68.44,17.11,1
801031929336468325,BROCKTON HOSPITAL  INC.,20201110,2020-11-10,ambulatory,1,1,196.35,196.35,0,0,3105.35,17.11,3088.24,1
679818074188163933,ARBOUR-FULLER HOSPITAL,20201114,2020-11-14,ambulatory,1,1,15.0,15.0,0,0,9236.19,9236.19,0.00,1
476697113556229311,BETH ISRAEL DEACONESS HOSPITAL MILTON INC,20201115,2020-11-15,ambulatory,1,1,95.73333333333333,95.73333333333333,0,0,1379.75,1103.80,275.95,1
109016295863276866,FAMILY SERVICE ASSOCIATION OF GREATER FALL RIVER INC,20201119,2020-11-19,wellness,1,1,15.0,15.0,0,0,704.20,0.00,704.20,1
654096641582644263,BL HEALTHCARE INC DELEWARE,20201119,2020-11-19,wellness,1,1,49.583333333333336,49.583333333333336,0,0,1367.73,0.00,1367.73,1
389966452681632557,BETH ISRAEL DEACONESS HOSPITAL-NEEDHAM  INC.,20201121,2020-11-21,ambulatory,1,1,15.0,15.0,0,0,85.55,35.55,50.00,1
565804414476228962,FRANCISCAN HOSPITAL FOR CHILDREN INC,20201123,2020-11-23,ambulatory,1,1,54.21666666666667,54.21666666666667,0,0,5263.67,5213.67,50.00,1
801031929336468325,BROCKTON HOSPITAL  INC.,20201126,2020-11-26,ambulatory,1,1,15.0,15.0,0,0,85.55,59.88,25.67,1
790885867393293671,DUTTON FAMILY CARE ASSOCIATES LLP,20201126,2020-11-26,wellness,1,1,50.25,50.25,0,0,1716.16,0.00,1716.16,1
44500129533123678,SOUTHCOAST HOSPITALS GROUP INC,20201126,2020-11-26,ambulatory,1,1,235.93333333333334,235.93333333333334,0,0,3105.35,0.00,3105.35,1
257485178825861130,URGENT CARE MEDICAL ASSOCIATES  LLC,20201130,2020-11-30,urgentcare,1,1,31.583333333333332,31.583333333333332,0,0,1229.48,1179.48,50.00,1
439410479591029051,LOWELL FAMILY MEDICAL CARE PC,20201130,2020-11-30,wellness,1,1,58.1,58.1,0,0,1214.08,0.00,1214.08,1
476697113556229311,BETH ISRAEL DEACONESS HOSPITAL MILTON INC,20201201,2020-12-01,ambulatory,1,1,15.0,15.0,0,0,142.58,114.06,28.52,1
445265032025896326,QUINCY CENTER PRIMARY CARE PC,20201202,2020-12-02,wellness,1,1,15.0,15.0,0,0,507.17,0.00,507.17,1
476697113556229311,BETH ISRAEL DEACONESS HOSPITAL MILTON INC,20201202,2020-12-02,ambulatory,1,1,186.41666666666666,186.41666666666666,0,0,1811.15,1448.92,362.23,1
866549107229357074,HOPKINTON MEDICAL CARE  P.C.,20201203,2020-12-03,wellness,1,1,17.766666666666666,17.766666666666666,0,0,704.20,0.00,704.20,1
244544338078735615,TEWKSBURY HOSPITAL,20201204,2020-12-04,ambulatory,1,1,15.0,15.0,0,0,142.58,0.00,142.58,1
353447819048907343,CAMBRIDGE PUBLIC HEALTH COMMISSION,20201205,2020-12-05,ambulatory,1,1,36.96666666666667,36.96666666666667,0,0,573.98,538.98,35.00,1
389966452681632557,BETH ISRAEL DEACONESS HOSPITAL-NEEDHAM  INC.,20201206,2020-12-06,ambulatory,1,1,46.78333333333333,46.78333333333333,0,0,2805.56,2162.00,643.56,1
1053862909723414558,COMPASSIONATE HEALTH CARE GROUP LLC,20201207,2020-12-07,wellness,1,1,48.03333333333333,48.03333333333333,0,0,1075.86,975.86,100.00,1
389966452681632557,BETH ISRAEL DEACONESS HOSPITAL-NEEDHAM  INC.,20201207,2020-12-07,outpatient,1,1,15.0,15.0,0,0,221.55,171.55,50.00,1
744977654436978746,THE LOWELL GENERAL HOSPITAL,20201207,2020-12-07,ambulatory,1,1,66.85,66.85,0,0,927.78,0.00,927.78,1
476697113556229311,BETH ISRAEL DEACONESS HOSPITAL MILTON INC,20201210,2020-12-10,ambulatory,1,1,52.11666666666667,52.11666666666667,0,0,516.95,413.56,103.39,1
332886644979055046,MILFORD REGIONAL MEDICAL CENTER,20201210,2020-12-10,ambulatory,1,1,137.38333333333333,137.38333333333333,0,0,2673.95,972.76,1701.19,1
340901791751100142,WP ACQUISITION SUB LLC,20201211,2020-12-11,ambulatory,1,1,15.0,15.0,0,0,85.55,0.00,85.55,1
679818074188163933,ARBOUR-FULLER HOSPITAL,20201212,2020-12-12,ambulatory,1,1,15.0,15.0,0,0,11451.02,11451.02,0.00,1
719406762791431727,BRIARWOOD REHABILITATION & HEALTHCARE CENTER,20201214,2020-12-14,emergency,1,1,60.0,60.0,0,1,87.71,37.71,50.00,1
396031016204066515,LYNN COMMUNITY HEALTH,20201215,2020-12-15,wellness,1,1,15.0,15.0,0,0,1446.38,1346.38,100.00,1
565804414476228962,FRANCISCAN HOSPITAL FOR CHILDREN INC,20201219,2020-12-19,ambulatory,1,1,50.68333333333333,50.68333333333333,0,0,14983.01,14933.01,50.00,1
622746900524004548,WHITTIER REHABILTATION HOSPITAL,20201222,2020-12-22,ambulatory,1,1,187.03333333333333,187.03333333333333,0,0,3536.75,3486.75,50.00,1
815218868737845247,Causeway OPC,20201224,2020-12-24,wellness,1,1,35.583333333333336,35.583333333333336,0,0,1575.04,1260.02,315.02,1
679474484616751075,NEWBURYPORT FAMILY PRACTICE P.C.,20201226,2020-12-26,wellness,1,1,15.0,15.0,0,0,704.20,253.48,450.72,1
93679773638781409,TUFTS MEDICAL CENTER,20201226,2020-12-26,virtual,1,1,15.0,15.0,0,0,75.00,0.00,75.00,1
44500129533123678,SOUTHCOAST HOSPITALS GROUP INC,20201227,2020-12-27,ambulatory,1,1,90.88333333333334,90.88333333333334,0,0,237.11,0.00,237.11,1
1037822919216517364,ANNA JAQUES HOSPITAL SUBACUTE UNIT,20210102,2021-01-02,ambulatory,1,1,410.6666666666667,410.6666666666667,0,0,4830.95,3864.76,966.19,1
41581407780620585,WHITTIER REHABILITATION HOSPITAL - BRADFORD,20210106,2021-01-06,outpatient,1,1,15.0,15.0,0,0,1250.85,0.00,1250.85,1
679818074188163933,ARBOUR-FULLER HOSPITAL,20210109,2021-01-09,ambulatory,1,1,15.0,15.0,0,0,5868.73,5868.73,0.00,1
565804414476228962,FRANCISCAN HOSPITAL FOR CHILDREN INC,20210112,2021-01-12,ambulatory,1,1,50.81666666666667,50.81666666666667,0,0,20626.96,20576.96,50.00,1
29818448345197287,GREATER LAWRENCE FAMILY HEALTH CENTER INC,20210116,2021-01-16,wellness,1,1,18.966666666666665,18.966666666666665,0,0,704.20,604.20,100.00,1
116650824977762570,MEASURED WELLNESS LLC,20210117,2021-01-17,wellness,1,1,47.13333333333333,47.13333333333333,0,0,1186.78,0.00,1186.78,1
249985492892219599,WHITLEY WELLNESS LLC,20210118,2021-01-18,wellness,1,1,15.0,15.0,0,0,704.20,0.00,704.20,1
392549857133219292,CAPE COD HOSPITAL INC,20210119,2021-01-19,outpatient,1,1,15.0,15.0,0,0,278.58,0.00,278.58,1
721972786242253874,BOSTON MEDICAL CENTER CORPORATION-,20210125,2021-01-25,ambulatory,1,1,163.33333333333334,163.33333333333334,0,0,2673.95,972.76,1701.19,1
472226794892644975,HAVERHILL FAMILY OFFICE LLC,20210128,2021-01-28,wellness,1,1,21.266666666666666,21.266666666666666,0,0,1394.95,0.00,1394.95,1
244544338078735615,TEWKSBURY HOSPITAL,20210130,2021-01-30,ambulatory,1,1,383.81666666666666,383.81666666666666,0,0,5262.35,5212.35,50.00,1
740843053744993432,BRIGHAM AND WOMEN'S FAULKNER HOSPITAL  INC.,20210131,2021-01-31,ambulatory,1,1,183.81666666666666,183.81666666666666,0,0,2673.95,0.00,2673.95,1
1108258114602746895,CAMBRIDGE REHABILITATION & NURSING CENTER,20210131,2021-01-31,emergency,1,1,60.0,60.0,0,1,20091.03,20041.03,50.00,1
969560228442772145,FAMILY PRACTICE GROUP PC,20210202,2021-02-02,wellness,1,1,58201.066666666666,58201.066666666666,0,0,944.88,0.00,944.88,1
969560228442772145,FAMILY PRACTICE GROUP PC,20210203,2021-02-03,wellness,1,1,38.666666666666664,38.666666666666664,0,0,778.78,678.78,100.00,1
815218868737845247,Causeway OPC,20210204,2021-02-04,outpatient,1,1,15.0,15.0,0,0,278.58,222.86,55.72,1
679818074188163933,ARBOUR-FULLER HOSPITAL,20210206,2021-02-06,ambulatory,1,1,15.0,15.0,0,0,10112.32,10112.32,0.00,1
565804414476228962,FRANCISCAN HOSPITAL FOR CHILDREN INC,20210208,2021-02-08,ambulatory,1,1,26.083333333333332,26.083333333333332,0,0,15080.51,15030.51,50.00,1
969560228442772145,FAMILY PRACTICE GROUP PC,20210208,2021-02-08,wellness,1,1,16.866666666666667,16.866666666666667,0,0,1186.78,1086.78,100.00,1
392549857133219292,CAPE COD HOSPITAL INC,20210209,2021-02-09,outpatient,1,1,15.0,15.0,0,0,278.58,0.00,278.58,1
565804414476228962,FRANCISCAN HOSPITAL FOR CHILDREN INC,20210210,2021-02-10,ambulatory,1,1,15.0,15.0,0,0,142.58,92.58,50.00,1
340901791751100142,WP ACQUISITION SUB LLC,20210211,2021-02-11,ambulatory,1,1,179.23333333333332,179.23333333333332,0,0,2673.95,2088.72,585.23,1
520806008221098162,FIRST PSYCHIATRIC PLANNERS  INC,20210215,2021-02-15,ambulatory,1,1,166.88333333333333,166.88333333333333,0,0,3105.35,3055.35,50.00,1
721972786242253874,BOSTON MEDICAL CENTER CORPORATION-,20210218,2021-02-18,outpatient,1,1,15.0,15.0,0,0,278.58,0.00,278.58,1
846294596561620579,WESTFORD INTERNAL MEDICINE PC,20210219,2021-02-19,wellness,1,1,15.0,15.0,0,0,755.38,0.00,755.38,1
909182873596142954,SOUTHCOAST HOSPITAL GROUP  INC,20210220,2021-02-20,ambulatory,1,1,15.0,15.0,0,0,85.55,35.55,50.00,1
719406762791431727,BRIARWOOD REHABILITATION & HEALTHCARE CENTER,20210224,2021-02-24,emergency,1,1,60.0,60.0,0,1,146.18,0.00,146.18,1
863914350920536272,WILLIAMSTOWN COMMONS NURSING & REHAB,20210226,2021-02-26,emergency,1,1,60.0,60.0,0,1,8573.99,8523.99,50.00,1
334510102683813647,BOSTON MEDICAL CENTER CORPORATION-,20210228,2021-02-28,wellness,1,1,22.866666666666667,22.866666666666667,0,0,1248.20,0.00,1248.20,1
445265032025896326,QUINCY CENTER PRIMARY CARE PC,20210303,2021-03-03,wellness,1,1,15.0,15.0,0,0,816.80,0.00,816.80,1
815218868737845247,Causeway OPC,20210304,2021-03-04,outpatient,1,1,15.0,15.0,0,0,278.58,222.86,55.72,1
623047219859228790,GARDEN STATE HEALTHCARE ASSOCIATES LLC,20210305,2021-03-05,wellness,1,1,43.06666666666667,43.06666666666667,0,0,1291.56,848.66,442.90,1
622746900524004548,WHITTIER REHABILTATION HOSPITAL,20210306,2021-03-06,outpatient,1,1,15.0,15.0,0,0,278.58,36.46,242.12,1
565804414476228962,FRANCISCAN HOSPITAL FOR CHILDREN INC,20210306,2021-03-06,ambulatory,1,1,27.4,27.4,0,0,8968.72,8918.72,50.00,1
679818074188163933,ARBOUR-FULLER HOSPITAL,20210306,2021-03-06,ambulatory,1,1,15.0,15.0,0,0,11451.02,11451.02,0.00,1
345242370934466119,HEBREW SENIORLIFE AFFILIATED MEDICAL GROUP INC,20210307,2021-03-07,ambulatory,1,1,243.21666666666667,243.21666666666667,0,0,3536.75,287.14,3249.61,1
721972786242253874,BOSTON MEDICAL CENTER CORPORATION-,20210311,2021-03-11,outpatient,1,1,15.0,15.0,0,0,278.58,0.00,278.58,1
202198446605600451,STANLEY STREET TREATMENT AND RESOURCES  INC,20210313,2021-03-13,wellness,1,1,44.416666666666664,44.416666666666664,0,0,853.36,0.00,853.36,1
420221548349436151,MOUNT AUBURN HOSPITAL,20210315,2021-03-15,ambulatory,1,1,27.55,27.55,0,0,1811.15,1038.42,772.73,1
721972786242253874,BOSTON MEDICAL CENTER CORPORATION-,20210315,2021-03-15,ambulatory,1,1,15.0,15.0,0,0,85.55,68.44,17.11,1
420221548349436151,MOUNT AUBURN HOSPITAL,20210315,2021-03-15,outpatient,1,1,7224.966666666666,7224.966666666666,0,0,573.98,459.18,114.80,1
909182873596142954,SOUTHCOAST HOSPITAL GROUP  INC,20210321,2021-03-21,ambulatory,1,1,15.0,15.0,0,0,85.55,35.55,50.00,1
58830663438005741,SUNRISE HEALTHCARE LLC,20210324,2021-03-24,wellness,1,1,41.233333333333334,41.233333333333334,0,0,704.20,0.00,704.20,1
683258316057948949,STEWARD ST. ANNES HOSPITAL CORPORATION,20210327,2021-03-27,ambulatory,1,1,202.86666666666667,202.86666666666667,0,0,2673.95,0.00,2673.95,1
565804414476228962,FRANCISCAN HOSPITAL FOR CHILDREN INC,20210328,2021-03-28,ambulatory,1,1,55.416666666666664,55.416666666666664,0,0,20626.96,20576.96,50.00,1
420221548349436151,MOUNT AUBURN HOSPITAL,20210328,2021-03-28,ambulatory,1,1,23.016666666666666,23.016666666666666,0,0,948.35,758.68,189.67,1
744977654436978746,THE LOWELL GENERAL HOSPITAL,20210402,2021-04-02,ambulatory,1,1,15.0,15.0,0,0,3536.75,2267.30,1269.45,1
622746900524004548,WHITTIER REHABILTATION HOSPITAL,20210403,2021-04-03,outpatient,1,1,15.0,15.0,0,0,278.58,222.86,55.72,1
679818074188163933,ARBOUR-FULLER HOSPITAL,20210403,2021-04-03,ambulatory,1,1,15.0,15.0,0,0,5528.76,5528.76,0.00,1
222681380209834388,SOUTH SHORE HOSPITAL INC.,20210403,2021-04-03,outpatient,1,1,15.0,15.0,0,0,278.58,167.15,111.43,1
909182873596142954,SOUTHCOAST HOSPITAL GROUP  INC,20210405,2021-04-05,outpatient,1,1,15.0,15.0,0,0,278.58,228.58,50.00,1
622746900524004548,WHITTIER REHABILTATION HOSPITAL,20210406,2021-04-06,outpatient,1,1,15.0,15.0,0,0,1098.70,1048.70,50.00,1
41581407780620585,WHITTIER REHABILITATION HOSPITAL - BRADFORD,20210407,2021-04-07,outpatient,1,1,15.666666666666666,15.666666666666666,0,0,1250.85,0.00,1250.85,1
164982158369714689,A&A HEALTHCARE LLC,20210407,2021-04-07,wellness,1,1,40.983333333333334,40.983333333333334,0,0,996.16,996.16,0.00,1
635544131513586331,CAMBRIDGE PUBLIC HEALTH COMMISSION,20210409,2021-04-09,virtual,1,1,42.03333333333333,42.03333333333333,0,0,556.40,521.40,35.00,1
744977654436978746,THE LOWELL GENERAL HOSPITAL,20210412,2021-04-12,outpatient,1,1,15.0,15.0,0,0,278.58,0.00,278.58,1
622746900524004548,WHITTIER REHABILTATION HOSPITAL,20210413,2021-04-13,ambulatory,1,1,274.48333333333335,274.48333333333335,0,0,3968.15,3918.15,50.00,1
41581407780620585,WHITTIER REHABILITATION HOSPITAL - BRADFORD,20210414,2021-04-14,ambulatory,1,1,397.25,397.25,0,0,4399.55,914.82,3484.73,1
520806008221098162,FIRST PSYCHIATRIC PLANNERS  INC,20210416,2021-04-16,outpatient,1,1,15.0,15.0,0,0,278.58,0.00,278.58,1
654771330264239386,LIFE CARE CENTER OF ATTLEBORO,20210417,2021-04-17,emergency,1,1,60.0,60.0,0,1,577.58,577.58,0.00,1
476697113556229311,BETH ISRAEL DEACONESS HOSPITAL MILTON INC,20210418,2021-04-18,outpatient,1,1,15.0,15.0,0,0,278.58,0.00,278.58,1
622746900524004548,WHITTIER REHABILTATION HOSPITAL,20210420,2021-04-20,ambulatory,1,1,15.0,15.0,0,0,85.55,35.55,50.00,1
332886644979055046,MILFORD REGIONAL MEDICAL CENTER,20210421,2021-04-21,ambulatory,1,1,157.73333333333332,157.73333333333332,0,0,3241.35,3206.35,35.00,1
565804414476228962,FRANCISCAN HOSPITAL FOR CHILDREN INC,20210421,2021-04-21,ambulatory,1,1,41.0,41.0,0,0,16601.19,16551.19,50.00,1
721972786242253874,BOSTON MEDICAL CENTER CORPORATION-,20210421,2021-04-21,virtual,1,1,60.0,60.0,0,0,4503.57,3602.86,900.71,1
353447819048907343,CAMBRIDGE PUBLIC HEALTH COMMISSION,20210422,2021-04-22,outpatient,1,1,15.0,15.0,0,0,278.58,243.58,35.00,1
683258316057948949,STEWARD ST. ANNES HOSPITAL CORPORATION,20210422,2021-04-22,outpatient,1,1,15.0,15.0,0,0,142.58,142.58,0.00,1
137002283324145083,STURDY MEMORIAL HOSPITAL INC,20210422,2021-04-22,outpatient,1,1,15.0,15.0,0,0,278.58,0.00,278.58,1
222681380209834388,SOUTH SHORE HOSPITAL INC.,20210424,2021-04-24,outpatient,1,1,15.0,15.0,0,0,278.58,167.15,111.43,1
376833142676655002,HOLISTIC FAMILY PRACTICE  INC.,20210424,2021-04-24,wellness,1,1,57.56666666666667,57.56666666666667,0,0,704.20,563.36,140.84,1
909182873596142954,SOUTHCOAST HOSPITAL GROUP  INC,20210426,2021-04-26,outpatient,1,1,15.0,15.0,0,0,278.58,228.58,50.00,1
741150468608293787,CLASSIC HEALTHCARE MEDICAL GROUP LLC,20210426,2021-04-26,wellness,1,1,42.56666666666667,42.56666666666667,0,0,1153.61,1149.79,3.82,1
924438841780828326,CENTER FOR DIGESTIVE WELLNESS PC,20210427,2021-04-27,wellness,1,1,15.0,15.0,0,0,917.85,0.00,917.85,1
731363611095087029,KATZMAN FAMILY CENTER FOR LIVING,20210427,2021-04-27,emergency,1,1,60.0,60.0,0,1,146.18,116.94,29.24,1
332886644979055046,MILFORD REGIONAL MEDICAL CENTER,20210428,2021-04-28,ambulatory,1,1,62.6,62.6,0,0,516.95,481.95,35.00,1
559102553183312747,HEBREW REHABILITATION CENTER,20210428,2021-04-28,ambulatory,1,1,15.0,15.0,0,0,85.55,0.00,85.55,1
721972786242253874,BOSTON MEDICAL CENTER CORPORATION-,20210429,2021-04-29,ambulatory,1,1,15.0,15.0,0,0,142.58,114.06,28.52,1
410915144747947572,COOLEY DICKINSON HOSPITAL INC,20210430,2021-04-30,outpatient,1,1,15.0,15.0,0,0,278.58,0.00,278.58,1
1031243542611916810,ENCOMPASS HEALTH REHABILITATION HOSP OF NEW ENGLAN,20210503,2021-05-03,outpatient,1,1,15.0,15.0,0,0,278.58,228.58,50.00,1
744977654436978746,THE LOWELL GENERAL HOSPITAL,20210503,2021-05-03,outpatient,1,1,15.0,15.0,0,0,278.58,0.00,278.58,1
340901791751100142,WP ACQUISITION SUB LLC,20210508,2021-05-08,ambulatory,1,1,15.0,15.0,0,0,3536.75,0.00,3536.75,1
1037822919216517364,ANNA JAQUES HOSPITAL SUBACUTE UNIT,20210508,2021-05-08,ambulatory,1,1,255.08333333333334,255.08333333333334,0,0,3672.75,2938.20,734.55,1
264175530648959689,SIGNATURE HEALTHCARE MEDICAL GROUP INC,20210509,2021-05-09,wellness,1,1,46.516666666666666,46.516666666666666,0,0,1077.10,1077.10,0.00,1
476697113556229311,BETH ISRAEL DEACONESS HOSPITAL MILTON INC,20210509,2021-05-09,outpatient,1,1,15.0,15.0,0,0,278.58,0.00,278.58,1
587757060655614946,CLARITY HEALTH & WELLNESS LLC,20210510,2021-05-10,wellness,1,1,50.43333333333333,50.43333333333333,0,0,914.78,814.78,100.00,1
389966452681632557,BETH ISRAEL DEACONESS HOSPITAL-NEEDHAM  INC.,20210510,2021-05-10,ambulatory,1,1,158.18333333333334,158.18333333333334,0,0,3536.75,3486.75,50.00,1
239726299069476648,PERSONALIZED MEDICAL CARE LLC,20210511,2021-05-11,wellness,1,1,25.6,25.6,0,0,1703.00,0.00,1703.00,1
520806008221098162,FIRST PSYCHIATRIC PLANNERS  INC,20210514,2021-05-14,outpatient,1,1,15.0,15.0,0,0,278.58,0.00,278.58,1
888024507900172325,BERKSHIRE MEDICAL CENTER INC - 1,20210514,2021-05-14,outpatient,1,1,15.0,15.0,0,0,278.58,228.58,50.00,1
1108258114602746895,CAMBRIDGE REHABILITATION & NURSING CENTER,20210515,2021-05-15,emergency,1,1,60.0,60.0,0,1,8515.23,8365.23,150.00,1
565804414476228962,FRANCISCAN HOSPITAL FOR CHILDREN INC,20210516,2021-05-16,ambulatory,1,1,36.31666666666667,36.31666666666667,0,0,5263.67,5213.67,50.00,1
719406762791431727,BRIARWOOD REHABILITATION & HEALTHCARE CENTER,20210517,2021-05-17,emergency,1,1,60.0,60.0,0,1,146.18,96.18,50.00,1
137002283324145083,STURDY MEMORIAL HOSPITAL INC,20210520,2021-05-20,outpatient,1,1,15.0,15.0,0,0,278.58,0.00,278.58,1
353447819048907343,CAMBRIDGE PUBLIC HEALTH COMMISSION,20210520,2021-05-20,outpatient,1,1,15.0,15.0,0,0,278.58,243.58,35.00,1
410915144747947572,COOLEY DICKINSON HOSPITAL INC,20210521,2021-05-21,outpatient,1,1,15.0,15.0,0,0,278.58,0.00,278.58,1
814284400183858824,PRIMARY CARE NORTH PC,20210522,2021-05-22,wellness,1,1,57.516666666666666,57.516666666666666,0,0,1210.18,968.14,242.04,1
340901791751100142,WP ACQUISITION SUB LLC,20210523,2021-05-23,ambulatory,1,1,15.0,15.0,0,0,59868.24,41245.56,18622.68,1
801031929336468325,BROCKTON HOSPITAL  INC.,20210523,2021-05-23,ambulatory,1,1,240.6,240.6,0,0,3968.15,3918.15,50.00,1
363458983347729064,Fitchburg Outpatient Clinic,20210525,2021-05-25,ambulatory,1,1,44.13333333333333,44.13333333333333,0,0,948.35,948.35,0.00,1
345242370934466119,HEBREW SENIORLIFE AFFILIATED MEDICAL GROUP INC,20210525,2021-05-25,outpatient,1,1,15.0,15.0,0,0,278.58,0.00,278.58,1
559102553183312747,HEBREW REHABILITATION CENTER,20210525,2021-05-25,ambulatory,1,1,275.8333333333333,275.8333333333333,0,0,3968.15,0.00,3968.15,1
679818074188163933,ARBOUR-FULLER HOSPITAL,20210529,2021-05-29,ambulatory,1,1,15.0,15.0,0,0,1005.38,1005.38,0.00,1
332886644979055046,MILFORD REGIONAL MEDICAL CENTER,20210529,2021-05-29,ambulatory,1,1,86.45,86.45,0,0,516.95,481.95,35.00,1
1031243542611916810,ENCOMPASS HEALTH REHABILITATION HOSP OF NEW ENGLAN,20210531,2021-05-31,outpatient,1,1,15.0,15.0,0,0,278.58,228.58,50.00,1
721972786242253874,BOSTON MEDICAL CENTER CORPORATION-,20210531,2021-05-31,ambulatory,1,1,60.0,60.0,0,0,4514.12,3611.30,902.82,1
445265032025896326,QUINCY CENTER PRIMARY CARE PC,20210602,2021-06-02,wellness,1,1,15.0,15.0,0,0,272.80,0.00,272.80,1
888024507900172325,BERKSHIRE MEDICAL CENTER INC - 1,20210604,2021-06-04,outpatient,1,1,15.0,15.0,0,0,278.58,228.58,50.00,1
679818074188163933,ARBOUR-FULLER HOSPITAL,20210605,2021-06-05,outpatient,1,1,15.0,15.0,0,0,142.58,142.58,0.00,1
622746900524004548,WHITTIER REHABILTATION HOSPITAL,20210605,2021-06-05,ambulatory,1,1,191.26666666666668,191.26666666666668,0,0,3105.35,2484.28,621.07,1
565804414476228962,FRANCISCAN HOSPITAL FOR CHILDREN INC,20210608,2021-06-08,ambulatory,1,1,16.45,16.45,0,0,13862.39,13812.39,50.00,1
340901791751100142,WP ACQUISITION SUB LLC,20210610,2021-06-10,outpatient,1,1,15.0,15.0,0,0,278.58,222.86,55.72,1
1100386330438199965,WALTHAM WESTON INTERNAL MEDICINE ASSOCIATES  P.C.,20210611,2021-06-11,wellness,1,1,31.2,31.2,0,0,1575.04,1260.02,315.02,1
683258316057948949,STEWARD ST. ANNES HOSPITAL CORPORATION,20210612,2021-06-12,outpatient,1,1,15.0,15.0,0,0,278.58,0.00,278.58,1
340901791751100142,WP ACQUISITION SUB LLC,20210620,2021-06-20,ambulatory,1,1,15.0,15.0,0,0,9362.06,9362.06,0.00,1
345242370934466119,HEBREW SENIORLIFE AFFILIATED MEDICAL GROUP INC,20210622,2021-06-22,outpatient,1,1,15.0,15.0,0,0,278.58,0.00,278.58,1
389966452681632557,BETH ISRAEL DEACONESS HOSPITAL-NEEDHAM  INC.,20210625,2021-06-25,ambulatory,1,1,227.31666666666666,227.31666666666666,0,0,3536.75,2829.40,707.35,1
919548777387151765,SOUTH SHORE CENTER FOR WELLNESS LTD,20210626,2021-06-26,wellness,1,1,53.166666666666664,53.166666666666664,0,0,1059.06,0.00,1059.06,1
679474484616751075,NEWBURYPORT FAMILY PRACTICE P.C.,20210626,2021-06-26,wellness,1,1,15.0,15.0,0,0,136.80,0.00,136.80,1
332886644979055046,MILFORD REGIONAL MEDICAL CENTER,20210628,2021-06-28,ambulatory,1,1,81.48333333333333,81.48333333333333,0,0,516.95,481.95,35.00,1
565804414476228962,FRANCISCAN HOSPITAL FOR CHILDREN INC,20210629,2021-06-29,ambulatory,1,1,35.4,35.4,0,0,5263.67,5113.67,150.00,1
719406762791431727,BRIARWOOD REHABILITATION & HEALTHCARE CENTER,20210707,2021-07-07,emergency,1,1,60.0,60.0,0,1,87.71,37.71,50.00,1
41581407780620585,WHITTIER REHABILITATION HOSPITAL - BRADFORD,20210707,2021-07-07,outpatient,1,1,15.0,15.0,0,0,3874.71,2324.83,1549.88,1
340901791751100142,WP ACQUISITION SUB LLC,20210708,2021-07-08,outpatient,1,1,15.0,15.0,0,0,278.58,222.86,55.72,1
683258316057948949,STEWARD ST. ANNES HOSPITAL CORPORATION,20210710,2021-07-10,outpatient,1,1,15.0,15.0,0,0,278.58,0.00,278.58,1
222681380209834388,SOUTH SHORE HOSPITAL INC.,20210710,2021-07-10,ambulatory,1,1,179.25,179.25,0,0,3105.35,0.00,3105.35,1
41581407780620585,WHITTIER REHABILITATION HOSPITAL - BRADFORD,20210711,2021-07-11,ambulatory,1,1,86.2,86.2,0,0,3611.33,2166.80,1444.53,1
288384166086759286,MEDFORD REHABILITATION AND NURSING CENTER,20210713,2021-07-13,emergency,1,1,60.0,60.0,0,1,1008.98,958.98,50.00,1
340901791751100142,WP ACQUISITION SUB LLC,20210718,2021-07-18,ambulatory,1,1,15.0,15.0,0,0,6146.53,6146.53,0.00,1
694540912856437675,PULMONARY INTERNISTS AND CONSULTANTS PC,20210720,2021-07-20,wellness,1,1,53.766666666666666,53.766666666666666,0,0,994.48,0.00,994.48,1
66387877495315826,NEW ENGLAND REHABILITATION SERVICES OF CENTRAL MASSACHUSETTS INC,20210722,2021-07-22,ambulatory,1,1,15.0,15.0,0,0,3204.10,0.00,3204.10,1
93679773638781409,TUFTS MEDICAL CENTER,20210722,2021-07-22,outpatient,1,1,15.0,15.0,0,0,278.58,0.00,278.58,1
741458505160782152,LOWELL COMMUNITY HEALTH CENTER,20210725,2021-07-25,wellness,1,1,40.81666666666667,40.81666666666667,0,0,1405.18,0.00,1405.18,1
1003634539940818261,CHARLES RIVER COMMUNITY HEALTH  INC,20210726,2021-07-26,wellness,1,1,15.0,15.0,0,0,704.20,704.20,0.00,1
556944320275034302,PARADIGM HEALTHCARE  PC,20210730,2021-07-30,wellness,1,1,36.666666666666664,36.666666666666664,0,0,704.20,0.00,704.20,1
353447819048907343,CAMBRIDGE PUBLIC HEALTH COMMISSION,20210801,2021-08-01,ambulatory,3,1,24.272222222222222,24.116666666666667,0,0,11127.53,11022.53,105.00,1
565804414476228962,FRANCISCAN HOSPITAL FOR CHILDREN INC,20210802,2021-08-02,ambulatory,1,1,24.716666666666665,24.716666666666665,0,0,5263.67,5213.67,50.00,1
389966452681632557,BETH ISRAEL DEACONESS HOSPITAL-NEEDHAM  INC.,20210802,2021-08-02,outpatient,1,1,15.0,15.0,0,0,278.58,228.58,50.00,1
392549857133219292,CAPE COD HOSPITAL INC,20210803,2021-08-03,ambulatory,1,1,209.4,209.4,0,0,3105.35,2321.37,783.98,1
244544338078735615,TEWKSBURY HOSPITAL,20210808,2021-08-08,ambulatory,1,1,206.68333333333334,206.68333333333334,0,0,3536.75,0.00,3536.75,1
565804414476228962,FRANCISCAN HOSPITAL FOR CHILDREN INC,20210809,2021-08-09,ambulatory,1,1,134.61666666666667,134.61666666666667,0,0,2673.95,2623.95,50.00,1
1031243542611916810,ENCOMPASS HEALTH REHABILITATION HOSP OF NEW ENGLAN,20210811,2021-08-11,ambulatory,1,1,15.0,15.0,0,0,2715.80,2665.80,50.00,1
93679773638781409,TUFTS MEDICAL CENTER,20210812,2021-08-12,outpatient,1,1,15.0,15.0,0,0,278.58,0.00,278.58,1
410915144747947572,COOLEY DICKINSON HOSPITAL INC,20210813,2021-08-13,ambulatory,1,1,225.85,225.85,0,0,3105.35,0.00,3105.35,1
340901791751100142,WP ACQUISITION SUB LLC,20210815,2021-08-15,ambulatory,1,1,15.0,15.0,0,0,4665.96,4665.96,0.00,1
76613554195130854,TREE OF LIFE HEALTHCARE ASSOCIATES,20210818,2021-08-18,wellness,1,1,17.85,17.85,0,0,704.20,0.00,704.20,1
39538555446517326,VNA & HOSPICE OF GREATER MILFORD,20210818,2021-08-18,emergency,1,1,60.0,60.0,0,1,146.18,111.18,35.00,1
389966452681632557,BETH ISRAEL DEACONESS HOSPITAL-NEEDHAM  INC.,20210823,2021-08-23,outpatient,1,1,15.0,15.0,0,0,278.58,228.58,50.00,1
565804414476228962,FRANCISCAN HOSPITAL FOR CHILDREN INC,20210825,2021-08-25,ambulatory,1,1,25.533333333333335,25.533333333333335,0,0,6550.25,6500.25,50.00,1
520806008221098162,FIRST PSYCHIATRIC PLANNERS  INC,20210825,2021-08-25,ambulatory,1,1,15.0,15.0,0,0,85.55,35.55,50.00,1
340901791751100142,WP ACQUISITION SUB LLC,20210912,2021-09-12,ambulatory,1,1,15.0,15.0,0,0,5471.34,5471.34,0.00,1
520806008221098162,FIRST PSYCHIATRIC PLANNERS  INC,20210915,2021-09-15,outpatient,1,1,15.0,15.0,0,0,278.58,228.58,50.00,1
565804414476228962,FRANCISCAN HOSPITAL FOR CHILDREN INC,20210917,2021-09-17,ambulatory,1,1,31.516666666666666,31.516666666666666,0,0,5263.67,5213.67,50.00,1
954034748055540626,COMPASSIONATE CARE HOSPICE,20210919,2021-09-19,emergency,1,1,60.0,60.0,0,1,146.18,0.00,146.18,1
420221548349436151,MOUNT AUBURN HOSPITAL,20210924,2021-09-24,ambulatory,1,1,15.0,15.0,0,0,85.55,68.44,17.11,1
160559015988030201,HEALTHFIRST FAMILY CARE CENTER INC,20210928,2021-09-28,wellness,1,1,52.63333333333333,52.63333333333333,0,0,10119.27,8001.44,2117.83,1
332886644979055046,MILFORD REGIONAL MEDICAL CENTER,20210929,2021-09-29,ambulatory,1,1,68.43333333333334,68.43333333333334,0,0,516.95,481.95,35.00,1
132019786462314408,DAVIS SQUARE FAMILY PRACTICE,20210930,2021-09-30,wellness,1,1,59.0,59.0,0,0,1137.28,1137.28,0.00,1
719406762791431727,BRIARWOOD REHABILITATION & HEALTHCARE CENTER,20211001,2021-10-01,emergency,1,1,60.0,60.0,0,1,20398.65,20348.65,50.00,1
41581407780620585,WHITTIER REHABILITATION HOSPITAL - BRADFORD,20211006,2021-10-06,outpatient,1,1,15.0,15.0,0,0,1250.85,1250.85,0.00,1
340901791751100142,WP ACQUISITION SUB LLC,20211010,2021-10-10,ambulatory,1,1,15.0,15.0,0,0,10518.88,10518.88,0.00,1
683258316057948949,STEWARD ST. ANNES HOSPITAL CORPORATION,20211012,2021-10-12,ambulatory,1,1,249.25,249.25,0,0,3536.75,2829.40,707.35,1
520806008221098162,FIRST PSYCHIATRIC PLANNERS  INC,20211013,2021-10-13,outpatient,1,1,15.0,15.0,0,0,278.58,228.58,50.00,1
565804414476228962,FRANCISCAN HOSPITAL FOR CHILDREN INC,20211014,2021-10-14,ambulatory,1,1,59.43333333333333,59.43333333333333,0,0,5263.67,5213.67,50.00,1
1037822919216517364,ANNA JAQUES HOSPITAL SUBACUTE UNIT,20211015,2021-10-15,outpatient,1,1,15.0,15.0,0,0,278.58,222.86,55.72,1
244544338078735615,TEWKSBURY HOSPITAL,20211016,2021-10-16,outpatient,1,1,15.0,15.0,0,0,278.58,228.58,50.00,1
679818074188163933,ARBOUR-FULLER HOSPITAL,20211016,2021-10-16,outpatient,1,1,15.0,15.0,0,0,278.58,0.00,278.58,1
635544131513586331,CAMBRIDGE PUBLIC HEALTH COMMISSION,20211018,2021-10-18,outpatient,1,1,15.0,15.0,0,0,278.58,228.58,50.00,1
544412707586716213,FAIRVIEW HOSPITAL,20211022,2021-10-22,wellness,1,1,38.4,38.4,0,0,924.86,824.86,100.00,1
332886644979055046,MILFORD REGIONAL MEDICAL CENTER,20211029,2021-10-29,ambulatory,1,1,75.31666666666666,75.31666666666666,0,0,516.95,481.95,35.00,1
703727186913582450,ASSOCIATED INTERNISTS OF RANDOLPH  INC.,20211031,2021-10-31,wellness,1,1,36.28333333333333,36.28333333333333,0,0,1205.06,555.22,649.84,1
389966452681632557,BETH ISRAEL DEACONESS HOSPITAL-NEEDHAM  INC.,20211101,2021-11-01,ambulatory,1,1,45.95,45.95,0,0,2805.56,2244.44,561.12,1
66387877495315826,NEW ENGLAND REHABILITATION SERVICES OF CENTRAL MASSACHUSETTS INC,20211103,2021-11-03,ambulatory,1,1,15.0,15.0,0,0,948.35,0.00,948.35,1
565804414476228962,FRANCISCAN HOSPITAL FOR CHILDREN INC,20211104,2021-11-04,ambulatory,1,1,33.56666666666667,33.56666666666667,0,0,20626.96,20576.96,50.00,1
1037822919216517364,ANNA JAQUES HOSPITAL SUBACUTE UNIT,20211105,2021-11-05,outpatient,1,1,15.0,15.0,0,0,278.58,222.86,55.72,1
244544338078735615,TEWKSBURY HOSPITAL,20211106,2021-11-06,outpatient,1,1,15.0,15.0,0,0,278.58,228.58,50.00,1
340901791751100142,WP ACQUISITION SUB LLC,20211107,2021-11-07,ambulatory,1,1,15.0,15.0,0,0,5966.92,5966.92,0.00,1
635544131513586331,CAMBRIDGE PUBLIC HEALTH COMMISSION,20211108,2021-11-08,outpatient,1,1,15.0,15.0,0,0,278.58,228.58,50.00,1
557025406090317911,DILIGENCEHEALTHCARE,20211109,2021-11-09,wellness,1,1,15.0,15.0,0,0,755.38,0.00,755.38,1
679818074188163933,ARBOUR-FULLER HOSPITAL,20211113,2021-11-13,outpatient,1,1,15.0,15.0,0,0,278.58,0.00,278.58,1
936272866929392535,D'YOUVILLE SENIOR CARE,20211115,2021-11-15,emergency,1,1,60.0,60.0,0,1,146.18,0.00,146.18,1
353447819048907343,CAMBRIDGE PUBLIC HEALTH COMMISSION,20211123,2021-11-23,ambulatory,1,1,33.55,33.55,0,0,573.98,538.98,35.00,1
654096641582644263,BL HEALTHCARE INC DELEWARE,20211125,2021-11-25,wellness,1,1,36.31666666666667,36.31666666666667,0,0,1407.51,0.00,1407.51,1
109016295863276866,FAMILY SERVICE ASSOCIATION OF GREATER FALL RIVER INC,20211125,2021-11-25,wellness,1,1,15.0,15.0,0,0,272.80,0.00,272.80,1
707379980990907332,BOSTONIAN NURSING CARE & REHABILITATION CTR  THE,20211126,2021-11-26,emergency,1,1,60.0,60.0,0,1,146.18,116.94,29.24,1
565804414476228962,FRANCISCAN HOSPITAL FOR CHILDREN INC,20211126,2021-11-26,ambulatory,1,1,44.21666666666667,44.21666666666667,0,0,5758.68,5708.68,50.00,1
476697113556229311,BETH ISRAEL DEACONESS HOSPITAL MILTON INC,20211127,2021-11-27,ambulatory,1,1,15.0,15.0,0,0,142.58,114.06,28.52,1
332886644979055046,MILFORD REGIONAL MEDICAL CENTER,20211128,2021-11-28,ambulatory,1,1,63.666666666666664,63.666666666666664,0,0,516.95,481.95,35.00,1
370825335781049387,BRIGHAM AND WOMEN'S FAULKNER HOSPITAL  INC.,20211128,2021-11-28,outpatient,1,1,15.0,15.0,0,0,278.58,0.00,278.58,1
244544338078735615,TEWKSBURY HOSPITAL,20211129,2021-11-29,ambulatory,1,1,15.0,15.0,0,0,142.58,0.00,142.58,1
445265032025896326,QUINCY CENTER PRIMARY CARE PC,20211201,2021-12-01,wellness,1,1,15.0,15.0,0,0,488.50,0.00,488.50,1
790885867393293671,DUTTON FAMILY CARE ASSOCIATES LLP,20211202,2021-12-02,wellness,1,1,51.833333333333336,51.833333333333336,0,0,704.20,0.00,704.20,1
340901791751100142,WP ACQUISITION SUB LLC,20211205,2021-12-05,ambulatory,1,1,15.0,15.0,0,0,15140.69,15140.69,0.00,1
866549107229357074,HOPKINTON MEDICAL CARE  P.C.,20211209,2021-12-09,wellness,1,1,15.0,15.0,0,0,272.80,0.00,272.80,1
814284400183858824,PRIMARY CARE NORTH PC,20211209,2021-12-09,wellness,1,1,35.11666666666667,35.11666666666667,0,0,994.48,0.00,994.48,1
1053862909723414558,COMPASSIONATE HEALTH CARE GROUP LLC,20211213,2021-12-13,wellness,1,1,53.13333333333333,53.13333333333333,0,0,1075.86,975.86,100.00,1
93679773638781409,TUFTS MEDICAL CENTER,20211216,2021-12-16,ambulatory,1,1,151.46666666666667,151.46666666666667,0,0,3105.35,0.00,3105.35,1
565804414476228962,FRANCISCAN HOSPITAL FOR CHILDREN INC,20211217,2021-12-17,ambulatory,1,1,24.116666666666667,24.116666666666667,0,0,20626.96,20576.96,50.00,1
635544131513586331,CAMBRIDGE PUBLIC HEALTH COMMISSION,20211218,2021-12-18,ambulatory,1,1,70.36666666666666,70.36666666666666,0,0,516.95,466.95,50.00,1
340901791751100142,WP ACQUISITION SUB LLC,20211219,2021-12-19,ambulatory,1,1,15.0,15.0,0,0,9190.99,9190.99,0.00,1
370825335781049387,BRIGHAM AND WOMEN'S FAULKNER HOSPITAL  INC.,20211219,2021-12-19,outpatient,1,1,15.0,15.0,0,0,278.58,0.00,278.58,1
396031016204066515,LYNN COMMUNITY HEALTH,20211221,2021-12-21,wellness,1,1,15.0,15.0,0,0,840.20,740.20,100.00,1
679474484616751075,NEWBURYPORT FAMILY PRACTICE P.C.,20211225,2021-12-25,wellness,1,1,15.0,15.0,0,0,1135.60,0.00,1135.60,1
719415041656501167,LAKEVIEW HOUSE SKLD NRSG  AND RESIDENTIAL CARE FAC,20211226,2021-12-26,emergency,1,1,60.0,60.0,0,1,2925.60,2925.60,0.00,1
801031929336468325,BROCKTON HOSPITAL  INC.,20211226,2021-12-26,outpatient,1,1,34.5,34.5,0,0,1092.39,1042.39,50.00,1
622746900524004548,WHITTIER REHABILTATION HOSPITAL,20211227,2021-12-27,ambulatory,1,1,15.0,15.0,0,0,85.55,68.44,17.11,1
332886644979055046,MILFORD REGIONAL MEDICAL CENTER,20211228,2021-12-28,ambulatory,1,1,79.01666666666667,79.01666666666667,0,0,516.95,481.95,35.00,1
815218868737845247,Causeway OPC,20211230,2021-12-30,wellness,1,1,31.1,31.1,0,0,1918.25,1534.60,383.65,1
801031929336468325,BROCKTON HOSPITAL  INC.,20220101,2022-01-01,ambulatory,1,1,15.0,15.0,0,0,1983.99,0.00,1983.99,1
1037822919216517364,ANNA JAQUES HOSPITAL SUBACUTE UNIT,20220101,2022-01-01,ambulatory,1,1,15.0,15.0,0,0,22486.35,17802.68,4683.67,1
622746900524004548,WHITTIER REHABILTATION HOSPITAL,20220104,2022-01-04,ambulatory,1,1,226.56666666666666,226.56666666666666,0,0,3105.35,3055.35,50.00,1
244544338078735615,TEWKSBURY HOSPITAL,20220104,2022-01-04,ambulatory,1,1,15.0,15.0,0,0,85.55,0.00,85.55,1
41581407780620585,WHITTIER REHABILITATION HOSPITAL - BRADFORD,20220105,2022-01-05,outpatient,1,1,17.966666666666665,17.966666666666665,0,0,1250.85,0.00,1250.85,1
801031929336468325,BROCKTON HOSPITAL  INC.,20220109,2022-01-09,ambulatory,1,1,152.46666666666667,152.46666666666667,0,0,2673.95,2623.95,50.00,1
622746900524004548,WHITTIER REHABILTATION HOSPITAL,20220110,2022-01-10,ambulatory,1,1,46.43333333333333,46.43333333333333,0,0,13863.70,10904.56,2959.14,1
565804414476228962,FRANCISCAN HOSPITAL FOR CHILDREN INC,20220111,2022-01-11,ambulatory,1,1,19.416666666666668,19.416666666666668,0,0,5263.67,5213.67,50.00,1
815218868737845247,Causeway OPC,20220113,2022-01-13,ambulatory,1,1,205.73333333333332,205.73333333333332,0,0,2673.95,2139.16,534.79,1
1037822919216517364,ANNA JAQUES HOSPITAL SUBACUTE UNIT,20220116,2022-01-16,ambulatory,1,1,15.0,15.0,0,0,1005.38,804.30,201.08,1
635544131513586331,CAMBRIDGE PUBLIC HEALTH COMMISSION,20220117,2022-01-17,ambulatory,1,1,70.83333333333333,70.83333333333333,0,0,516.95,466.95,50.00,1
815218868737845247,Causeway OPC,20220117,2022-01-17,ambulatory,1,1,15.0,15.0,0,0,85.55,68.44,17.11,1
29818448345197287,GREATER LAWRENCE FAMILY HEALTH CENTER INC,20220122,2022-01-22,wellness,1,1,27.683333333333334,27.683333333333334,0,0,914.78,814.78,100.00,1
249985492892219599,WHITLEY WELLNESS LLC,20220124,2022-01-24,wellness,1,1,15.0,15.0,0,0,488.50,0.00,488.50,1
332886644979055046,MILFORD REGIONAL MEDICAL CENTER,20220127,2022-01-27,ambulatory,1,1,71.15,71.15,0,0,516.95,481.95,35.00,1
909182873596142954,SOUTHCOAST HOSPITAL GROUP  INC,20220127,2022-01-27,ambulatory,1,1,15.0,15.0,0,0,85.55,35.55,50.00,1
719406762791431727,BRIARWOOD REHABILITATION & HEALTHCARE CENTER,20220127,2022-01-27,emergency,1,1,60.0,60.0,0,1,146.18,96.18,50.00,1
744977654436978746,THE LOWELL GENERAL HOSPITAL,20220129,2022-01-29,ambulatory,1,1,15.0,15.0,0,0,85.55,0.00,85.55,1
472226794892644975,HAVERHILL FAMILY OFFICE LLC,20220203,2022-02-03,wellness,1,1,15.0,15.0,0,0,1254.40,0.00,1254.40,1
909182873596142954,SOUTHCOAST HOSPITAL GROUP  INC,20220203,2022-02-03,inpatient,1,1,2635.0,2635.0,1,0,7867.95,7817.95,50.00,1
244544338078735615,TEWKSBURY HOSPITAL,20220205,2022-02-05,ambulatory,1,1,181.93333333333334,181.93333333333334,0,0,2673.95,2623.95,50.00,1
340901791751100142,WP ACQUISITION SUB LLC,20220206,2022-02-06,ambulatory,1,1,15.0,15.0,0,0,1005.38,1005.38,0.00,1
565804414476228962,FRANCISCAN HOSPITAL FOR CHILDREN INC,20220207,2022-02-07,ambulatory,1,1,40.11666666666667,40.11666666666667,0,0,15185.56,15135.56,50.00,1
969560228442772145,FAMILY PRACTICE GROUP PC,20220208,2022-02-08,wellness,1,1,15.0,15.0,0,0,971.08,0.00,971.08,1
909182873596142954,SOUTHCOAST HOSPITAL GROUP  INC,20220209,2022-02-09,ambulatory,1,1,15.0,15.0,0,0,85.55,35.55,50.00,1
969560228442772145,FAMILY PRACTICE GROUP PC,20220209,2022-02-09,wellness,1,1,55.46666666666667,55.46666666666667,0,0,1641.58,1541.58,100.00,1
969560228442772145,FAMILY PRACTICE GROUP PC,20220214,2022-02-14,wellness,1,1,15.0,15.0,0,0,1055.90,955.90,100.00,1
635544131513586331,CAMBRIDGE PUBLIC HEALTH COMMISSION,20220216,2022-02-16,ambulatory,1,1,81.75,81.75,0,0,516.95,466.95,50.00,1
744977654436978746,THE LOWELL GENERAL HOSPITAL,20220218,2022-02-18,outpatient,1,1,15.0,15.0,0,0,278.58,0.00,278.58,1
622746900524004548,WHITTIER REHABILTATION HOSPITAL,20220222,2022-02-22,outpatient,1,1,15.0,15.0,0,0,278.58,228.58,50.00,1
846294596561620579,WESTFORD INTERNAL MEDICINE PC,20220225,2022-02-25,wellness,1,1,19.466666666666665,19.466666666666665,0,0,1055.90,0.00,1055.90,1
389966452681632557,BETH ISRAEL DEACONESS HOSPITAL-NEEDHAM  INC.,20220227,2022-02-27,ambulatory,1,1,30.933333333333334,30.933333333333334,0,0,20297.15,20262.15,35.00,1
565804414476228962,FRANCISCAN HOSPITAL FOR CHILDREN INC,20220302,2022-03-02,ambulatory,1,1,55.95,55.95,0,0,8191.03,8141.03,50.00,1
334510102683813647,BOSTON MEDICAL CENTER CORPORATION-,20220306,2022-03-06,wellness,1,1,15.0,15.0,0,0,563.08,0.00,563.08,1
623047219859228790,GARDEN STATE HEALTHCARE ASSOCIATES LLC,20220311,2022-03-11,wellness,1,1,33.733333333333334,33.733333333333334,0,0,2041.60,1448.70,592.90,1
744977654436978746,THE LOWELL GENERAL HOSPITAL,20220311,2022-03-11,ambulatory,1,1,175.65,175.65,0,0,3241.35,53.08,3188.27,1
353447819048907343,CAMBRIDGE PUBLIC HEALTH COMMISSION,20220312,2022-03-12,ambulatory,1,1,36.53333333333333,36.53333333333333,0,0,573.98,538.98,35.00,1
622746900524004548,WHITTIER REHABILTATION HOSPITAL,20220315,2022-03-15,outpatient,1,1,15.0,15.0,0,0,278.58,228.58,50.00,1
909182873596142954,SOUTHCOAST HOSPITAL GROUP  INC,20220319,2022-03-19,ambulatory,1,1,15.0,15.0,0,0,85.55,35.55,50.00,1
635544131513586331,CAMBRIDGE PUBLIC HEALTH COMMISSION,20220319,2022-03-19,ambulatory,1,1,87.8,87.8,0,0,516.95,466.95,50.00,1
476697113556229311,BETH ISRAEL DEACONESS HOSPITAL MILTON INC,20220320,2022-03-20,ambulatory,1,1,15.0,15.0,0,0,85.55,0.00,85.55,1
801031929336468325,BROCKTON HOSPITAL  INC.,20220320,2022-03-20,outpatient,1,1,44.416666666666664,44.416666666666664,0,0,740.69,690.69,50.00,1
93679773638781409,TUFTS MEDICAL CENTER,20220323,2022-03-23,ambulatory,1,1,15.0,15.0,0,0,2715.80,1703.31,1012.49,1
565804414476228962,FRANCISCAN HOSPITAL FOR CHILDREN INC,20220323,2022-03-23,ambulatory,1,1,57.983333333333334,57.983333333333334,0,0,16733.49,16683.49,50.00,1
395615810080261442,ANNA JAQUES HOSPITAL SUBACUTE UNIT,20220325,2022-03-25,ambulatory,1,1,350.06666666666666,350.06666666666666,0,0,4830.95,3864.76,966.19,1
683258316057948949,STEWARD ST. ANNES HOSPITAL CORPORATION,20220327,2022-03-27,ambulatory,1,1,15.0,15.0,0,0,85.55,68.44,17.11,1
58830663438005741,SUNRISE HEALTHCARE LLC,20220330,2022-03-30,wellness,1,1,50.56666666666667,50.56666666666667,0,0,704.20,0.00,704.20,1
1082134512216654077,HALLMARK HEALTH URGENT CARE PHYSICIANS LLC,20220331,2022-03-31,urgentcare,1,1,40.083333333333336,40.083333333333336,0,0,709.98,496.99,212.99,1
801031929336468325,BROCKTON HOSPITAL  INC.,20220403,2022-04-03,ambulatory,1,1,204.26666666666668,204.26666666666668,0,0,3536.75,3486.75,50.00,1
41581407780620585,WHITTIER REHABILITATION HOSPITAL - BRADFORD,20220406,2022-04-06,outpatient,1,1,15.0,15.0,0,0,1250.85,0.00,1250.85,1
164982158369714689,A&A HEALTHCARE LLC,20220413,2022-04-13,wellness,1,1,49.93333333333333,49.93333333333333,0,0,785.58,785.58,0.00,1
565804414476228962,FRANCISCAN HOSPITAL FOR CHILDREN INC,20220413,2022-04-13,ambulatory,1,1,29.433333333333334,29.433333333333334,0,0,20626.96,20576.96,50.00,1
93679773638781409,TUFTS MEDICAL CENTER,20220414,2022-04-14,ambulatory,1,1,174.08333333333334,174.08333333333334,0,0,3105.35,2173.74,931.61,1
410915144747947572,COOLEY DICKINSON HOSPITAL INC,20220416,2022-04-16,outpatient,1,1,15.0,15.0,0,0,142.58,0.00,142.58,1
683258316057948949,STEWARD ST. ANNES HOSPITAL CORPORATION,20220417,2022-04-17,outpatient,1,1,15.0,15.0,0,0,142.58,114.06,28.52,1
635544131513586331,CAMBRIDGE PUBLIC HEALTH COMMISSION,20220418,2022-04-18,ambulatory,1,1,77.6,77.6,0,0,516.95,466.95,50.00,1
410915144747947572,COOLEY DICKINSON HOSPITAL INC,20220419,2022-04-19,outpatient,1,1,40.78333333333333,40.78333333333333,0,0,7037.08,0.00,7037.08,1
332886644979055046,MILFORD REGIONAL MEDICAL CENTER,20220427,2022-04-27,ambulatory,1,1,191.46666666666667,191.46666666666667,0,0,3105.35,3070.35,35.00,1
376833142676655002,HOLISTIC FAMILY PRACTICE  INC.,20220430,2022-04-30,wellness,1,1,55.43333333333333,55.43333333333333,0,0,704.20,563.36,140.84,1
924438841780828326,CENTER FOR DIGESTIVE WELLNESS PC,20220503,2022-05-03,wellness,1,1,15.0,15.0,0,0,1567.00,0.00,1567.00,1
565804414476228962,FRANCISCAN HOSPITAL FOR CHILDREN INC,20220504,2022-05-04,ambulatory,1,1,33.15,33.15,0,0,5263.67,5213.67,50.00,1
476697113556229311,BETH ISRAEL DEACONESS HOSPITAL MILTON INC,20220504,2022-05-04,ambulatory,1,1,15.0,15.0,0,0,85.55,0.00,85.55,1
731363611095087029,KATZMAN FAMILY CENTER FOR LIVING,20220507,2022-05-07,emergency,1,1,60.0,60.0,0,1,146.18,0.00,146.18,1
104996357240950328,UMASS MEMORIAL HEALTHALLIANCE CLINTON HOSPITAL INC,20220510,2022-05-10,ambulatory,1,1,225.63333333333333,225.63333333333333,0,0,3105.35,211.60,2893.75,1
1037822919216517364,ANNA JAQUES HOSPITAL SUBACUTE UNIT,20220514,2022-05-14,ambulatory,1,1,184.76666666666668,184.76666666666668,0,0,2673.95,2139.16,534.79,1
264175530648959689,SIGNATURE HEALTHCARE MEDICAL GROUP INC,20220515,2022-05-15,wellness,1,1,50.483333333333334,50.483333333333334,0,0,791.94,791.94,0.00,1
239726299069476648,PERSONALIZED MEDICAL CARE LLC,20220517,2022-05-17,wellness,1,1,21.216666666666665,21.216666666666665,0,0,840.20,0.00,840.20,1
814284400183858824,PRIMARY CARE NORTH PC,20220528,2022-05-28,wellness,1,1,57.78333333333333,57.78333333333333,0,0,1135.60,908.48,227.12,1
801031929336468325,BROCKTON HOSPITAL  INC.,20220529,2022-05-29,ambulatory,1,1,239.95,239.95,0,0,3105.35,3055.35,50.00,1
565804414476228962,FRANCISCAN HOSPITAL FOR CHILDREN INC,20220529,2022-05-29,ambulatory,1,1,34.233333333333334,34.233333333333334,0,0,20626.96,20576.96,50.00,1
395615810080261442,ANNA JAQUES HOSPITAL SUBACUTE UNIT,20220529,2022-05-29,outpatient,1,1,15.0,15.0,0,0,85.55,0.00,85.55,1
559102553183312747,HEBREW REHABILITATION CENTER,20220531,2022-05-31,ambulatory,1,1,167.88333333333333,167.88333333333333,0,0,3105.35,0.00,3105.35,1
445265032025896326,QUINCY CENTER PRIMARY CARE PC,20220601,2022-06-01,wellness,1,1,15.0,15.0,0,0,272.80,0.00,272.80,1
719406762791431727,BRIARWOOD REHABILITATION & HEALTHCARE CENTER,20220610,2022-06-10,emergency,1,1,60.0,60.0,0,1,87.71,0.00,87.71,1
433837020145504394,ZANJABEE INTEGRATIVE MEDICINE AND PRIMARY CARE LLC,20220610,2022-06-10,wellness,1,1,53.61666666666667,53.61666666666667,0,0,1130.48,0.00,1130.48,1
622746900524004548,WHITTIER REHABILTATION HOSPITAL,20220611,2022-06-11,ambulatory,1,1,240.13333333333333,240.13333333333333,0,0,3536.75,2829.40,707.35,1
1100386330438199965,WALTHAM WESTON INTERNAL MEDICINE ASSOCIATES  P.C.,20220617,2022-06-17,wellness,1,1,47.03333333333333,47.03333333333333,0,0,1284.76,1284.76,0.00,1
1037822919216517364,ANNA JAQUES HOSPITAL SUBACUTE UNIT,20220618,2022-06-18,ambulatory,2,1,44.68333333333333,44.68333333333333,0,0,51543.58,41234.85,10308.73,1
565804414476228962,FRANCISCAN HOSPITAL FOR CHILDREN INC,20220623,2022-06-23,ambulatory,1,1,45.46666666666667,45.46666666666667,0,0,5263.67,5113.67,150.00,1
410915144747947572,COOLEY DICKINSON HOSPITAL INC,20220701,2022-07-01,outpatient,1,1,70.06666666666666,70.06666666666666,0,0,13635.98,0.00,13635.98,1
389966452681632557,BETH ISRAEL DEACONESS HOSPITAL-NEEDHAM  INC.,20220701,2022-07-01,ambulatory,1,1,249.33333333333334,249.33333333333334,0,0,3968.15,3933.15,35.00,1
919548777387151765,SOUTH SHORE CENTER FOR WELLNESS LTD,20220702,2022-07-02,wellness,1,1,54.78333333333333,54.78333333333333,0,0,1641.58,0.00,1641.58,1
41581407780620585,WHITTIER REHABILITATION HOSPITAL - BRADFORD,20220706,2022-07-06,outpatient,1,1,18.766666666666666,18.766666666666666,0,0,1250.85,0.00,1250.85,1
389966452681632557,BETH ISRAEL DEACONESS HOSPITAL-NEEDHAM  INC.,20220708,2022-07-08,ambulatory,1,1,47.88333333333333,47.88333333333333,0,0,2805.56,2770.56,35.00,1
353447819048907343,CAMBRIDGE PUBLIC HEALTH COMMISSION,20220708,2022-07-08,ambulatory,3,1,26.944444444444446,20.866666666666667,0,0,5039.11,4934.11,105.00,1
721972786242253874,BOSTON MEDICAL CENTER CORPORATION-,20220711,2022-07-11,outpatient,1,1,15.0,15.0,0,0,516.95,0.00,516.95,1
1037822919216517364,ANNA JAQUES HOSPITAL SUBACUTE UNIT,20220716,2022-07-16,ambulatory,1,1,15.0,15.0,0,0,10396.83,8317.46,2079.37,1
332886644979055046,MILFORD REGIONAL MEDICAL CENTER,20220716,2022-07-16,ambulatory,1,1,64.05,64.05,0,0,516.95,481.95,35.00,1
565804414476228962,FRANCISCAN HOSPITAL FOR CHILDREN INC,20220716,2022-07-16,ambulatory,1,1,33.983333333333334,33.983333333333334,0,0,6125.57,6075.57,50.00,1
222681380209834388,SOUTH SHORE HOSPITAL INC.,20220716,2022-07-16,ambulatory,1,1,222.58333333333334,222.58333333333334,0,0,3105.35,0.00,3105.35,1
721972786242253874,BOSTON MEDICAL CENTER CORPORATION-,20220718,2022-07-18,ambulatory,1,1,220.6,220.6,0,0,2673.95,0.00,2673.95,1
410915144747947572,COOLEY DICKINSON HOSPITAL INC,20220721,2022-07-21,ambulatory,1,1,74.66666666666667,74.66666666666667,0,0,516.95,0.00,516.95,1
721972786242253874,BOSTON MEDICAL CENTER CORPORATION-,20220725,2022-07-25,ambulatory,1,1,15.0,15.0,0,0,85.55,0.00,85.55,1
694540912856437675,PULMONARY INTERNISTS AND CONSULTANTS PC,20220726,2022-07-26,wellness,1,1,51.88333333333333,51.88333333333333,0,0,778.78,0.00,778.78,1
741458505160782152,LOWELL COMMUNITY HEALTH CENTER,20220731,2022-07-31,wellness,1,1,33.333333333333336,33.333333333333336,0,0,1270.16,0.00,1270.16,1
721972786242253874,BOSTON MEDICAL CENTER CORPORATION-,20220731,2022-07-31,outpatient,1,1,15.0,15.0,0,0,85.55,0.00,85.55,1
1003634539940818261,CHARLES RIVER COMMUNITY HEALTH  INC,20220801,2022-08-01,wellness,1,1,27.566666666666666,27.566666666666666,0,0,914.78,914.78,0.00,1
556944320275034302,PARADIGM HEALTHCARE  PC,20220805,2022-08-05,wellness,1,1,38.05,38.05,0,0,704.20,0.00,704.20,1
565804414476228962,FRANCISCAN HOSPITAL FOR CHILDREN INC,20220807,2022-08-07,ambulatory,1,1,52.35,52.35,0,0,5263.67,5213.67,50.00,1
635544131513586331,CAMBRIDGE PUBLIC HEALTH COMMISSION,20220810,2022-08-10,ambulatory,1,1,86.43333333333334,86.43333333333334,0,0,516.95,366.95,150.00,1
1037822919216517364,ANNA JAQUES HOSPITAL SUBACUTE UNIT,20220813,2022-08-13,ambulatory,1,1,15.0,15.0,0,0,12103.90,9683.11,2420.79,1
244544338078735615,TEWKSBURY HOSPITAL,20220814,2022-08-14,ambulatory,1,1,350.26666666666665,350.26666666666665,0,0,4399.55,0.00,4399.55,1
332886644979055046,MILFORD REGIONAL MEDICAL CENTER,20220815,2022-08-15,ambulatory,1,1,76.08333333333333,76.08333333333333,0,0,516.95,481.95,35.00,1
410915144747947572,COOLEY DICKINSON HOSPITAL INC,20220819,2022-08-19,ambulatory,1,1,391.03333333333336,391.03333333333336,0,0,4399.55,0.00,4399.55,1
410915144747947572,COOLEY DICKINSON HOSPITAL INC,20220820,2022-08-20,ambulatory,1,1,79.5,79.5,0,0,516.95,0.00,516.95,1
76613554195130854,TREE OF LIFE HEALTHCARE ASSOCIATES,20220824,2022-08-24,wellness,1,1,15.0,15.0,0,0,919.90,0.00,919.90,1
520806008221098162,FIRST PSYCHIATRIC PLANNERS  INC,20220831,2022-08-31,ambulatory,1,1,15.0,15.0,0,0,85.55,35.55,50.00,1
565804414476228962,FRANCISCAN HOSPITAL FOR CHILDREN INC,20220901,2022-09-01,ambulatory,1,1,41.86666666666667,41.86666666666667,0,0,5263.67,5213.67,50.00,1
1037822919216517364,ANNA JAQUES HOSPITAL SUBACUTE UNIT,20220910,2022-09-10,ambulatory,1,1,15.0,15.0,0,0,9344.10,7475.27,1868.83,1
719406762791431727,BRIARWOOD REHABILITATION & HEALTHCARE CENTER,20220918,2022-09-18,emergency,1,1,60.0,60.0,0,1,5308.14,5195.85,112.29,1
410915144747947572,COOLEY DICKINSON HOSPITAL INC,20220919,2022-09-19,ambulatory,1,1,76.0,76.0,0,0,516.95,0.00,516.95,1
565804414476228962,FRANCISCAN HOSPITAL FOR CHILDREN INC,20220922,2022-09-22,ambulatory,1,1,27.116666666666667,27.116666666666667,0,0,5263.67,5213.67,50.00,1
1037822919216517364,ANNA JAQUES HOSPITAL SUBACUTE UNIT,20220930,2022-09-30,outpatient,1,1,38.65,38.65,0,0,1381.43,1105.14,276.29,1
160559015988030201,HEALTHFIRST FAMILY CARE CENTER INC,20221004,2022-10-04,wellness,1,1,56.733333333333334,56.733333333333334,0,0,8000.58,6400.46,1600.12,1
39538555446517326,VNA & HOSPICE OF GREATER MILFORD,20221005,2022-10-05,emergency,1,1,120.0,120.0,0,1,146.18,111.18,35.00,1
41581407780620585,WHITTIER REHABILITATION HOSPITAL - BRADFORD,20221005,2022-10-05,outpatient,1,1,15.0,15.0,0,0,3718.44,1263.68,2454.76,1
132019786462314408,DAVIS SQUARE FAMILY PRACTICE,20221006,2022-10-06,wellness,1,1,59.03333333333333,59.03333333333333,0,0,941.54,941.54,0.00,1
395615810080261442,ANNA JAQUES HOSPITAL SUBACUTE UNIT,20221007,2022-10-07,ambulatory,1,1,15.0,15.0,0,0,85.55,68.44,17.11,1
1037822919216517364,ANNA JAQUES HOSPITAL SUBACUTE UNIT,20221008,2022-10-08,ambulatory,1,1,15.0,15.0,0,0,10634.93,8507.94,2126.99,1
620694805014769083,STONEHEDGE HEALTH CARE CENTER,20221013,2022-10-13,emergency,1,1,156.9,156.9,0,1,4407.08,0.00,4407.08,1
395615810080261442,ANNA JAQUES HOSPITAL SUBACUTE UNIT,20221014,2022-10-14,ambulatory,1,1,168.43333333333334,168.43333333333334,0,0,2673.95,2139.16,534.79,1
683258316057948949,STEWARD ST. ANNES HOSPITAL CORPORATION,20221018,2022-10-18,ambulatory,1,1,200.61666666666667,200.61666666666667,0,0,3536.75,2829.40,707.35,1
565804414476228962,FRANCISCAN HOSPITAL FOR CHILDREN INC,20221019,2022-10-19,ambulatory,1,1,53.05,53.05,0,0,20626.96,20576.96,50.00,1
410915144747947572,COOLEY DICKINSON HOSPITAL INC,20221019,2022-10-19,ambulatory,1,1,89.4,89.4,0,0,516.95,0.00,516.95,1
222681380209834388,SOUTH SHORE HOSPITAL INC.,20221027,2022-10-27,ambulatory,1,1,15.0,15.0,0,0,85.55,0.00,85.55,1
392549857133219292,CAPE COD HOSPITAL INC,20221101,2022-11-01,ambulatory,1,1,15.0,15.0,0,0,948.35,427.26,521.09,1
719406762791431727,BRIARWOOD REHABILITATION & HEALTHCARE CENTER,20221101,2022-11-01,emergency,1,1,60.0,60.0,0,1,87.71,37.71,50.00,1
1037822919216517364,ANNA JAQUES HOSPITAL SUBACUTE UNIT,20221105,2022-11-05,ambulatory,1,1,15.0,15.0,0,0,16816.83,13453.46,3363.37,1
703727186913582450,ASSOCIATED INTERNISTS OF RANDOLPH  INC.,20221106,2022-11-06,wellness,1,1,56.95,56.95,0,0,929.50,25.94,903.56,1
565804414476228962,FRANCISCAN HOSPITAL FOR CHILDREN INC,20221111,2022-11-11,ambulatory,1,1,48.35,48.35,0,0,5263.67,5213.67,50.00,1
557025406090317911,DILIGENCEHEALTHCARE,20221115,2022-11-15,wellness,1,1,15.0,15.0,0,0,1663.34,0.00,1663.34,1
476697113556229311,BETH ISRAEL DEACONESS HOSPITAL MILTON INC,20221120,2022-11-20,ambulatory,1,1,170.83333333333334,170.83333333333334,0,0,2673.95,2139.16,534.79,1
801031929336468325,BROCKTON HOSPITAL  INC.,20221129,2022-11-29,ambulatory,1,1,214.08333333333334,214.08333333333334,0,0,2809.95,0.00,2809.95,1
445265032025896326,QUINCY CENTER PRIMARY CARE PC,20221130,2022-11-30,wellness,1,1,15.0,15.0,0,0,1135.60,0.00,1135.60,1
109016295863276866,FAMILY SERVICE ASSOCIATION OF GREATER FALL RIVER INC,20221201,2022-12-01,wellness,1,1,15.0,15.0,0,0,1558.85,0.00,1558.85,1
654096641582644263,BL HEALTHCARE INC DELEWARE,20221201,2022-12-01,wellness,1,1,58.28333333333333,58.28333333333333,0,0,1143.64,0.00,1143.64,1
1037822919216517364,ANNA JAQUES HOSPITAL SUBACUTE UNIT,20221203,2022-12-03,ambulatory,1,1,15.0,15.0,0,0,8302.68,6455.74,1846.94,1
565804414476228962,FRANCISCAN HOSPITAL FOR CHILDREN INC,20221203,2022-12-03,ambulatory,1,1,18.083333333333332,18.083333333333332,0,0,20626.96,20576.96,50.00,1
44500129533123678,SOUTHCOAST HOSPITALS GROUP INC,20221208,2022-12-08,ambulatory,1,1,189.33333333333334,189.33333333333334,0,0,3105.35,0.00,3105.35,1
790885867393293671,DUTTON FAMILY CARE ASSOCIATES LLP,20221208,2022-12-08,wellness,1,1,57.1,57.1,0,0,1431.00,0.00,1431.00,1
222681380209834388,SOUTH SHORE HOSPITAL INC.,20221212,2022-12-12,ambulatory,1,1,15.0,15.0,0,0,85.55,0.00,85.55,1
332886644979055046,MILFORD REGIONAL MEDICAL CENTER,20221214,2022-12-14,ambulatory,1,1,87.41666666666667,87.41666666666667,0,0,516.95,481.95,35.00,1
93679773638781409,TUFTS MEDICAL CENTER,20221215,2022-12-15,ambulatory,1,1,2696.9333333333334,2696.9333333333334,0,0,7665.19,3400.20,4264.99,1
137002283324145083,STURDY MEMORIAL HOSPITAL INC,20221215,2022-12-15,ambulatory,1,1,136.6,136.6,0,0,2673.95,0.00,2673.95,1
866549107229357074,HOPKINTON MEDICAL CARE  P.C.,20221215,2022-12-15,wellness,1,1,15.0,15.0,0,0,904.02,0.00,904.02,1
1053862909723414558,COMPASSIONATE HEALTH CARE GROUP LLC,20221219,2022-12-19,wellness,1,1,55.266666666666666,55.266666666666666,0,0,1001.28,901.28,100.00,1
93679773638781409,TUFTS MEDICAL CENTER,20221220,2022-12-20,ambulatory,1,1,50.25,50.25,0,0,573.98,401.79,172.19,1
93679773638781409,TUFTS MEDICAL CENTER,20221222,2022-12-22,ambulatory,1,1,197.25,197.25,0,0,3105.35,2173.74,931.61,1
565804414476228962,FRANCISCAN HOSPITAL FOR CHILDREN INC,20221226,2022-12-26,ambulatory,1,1,56.7,56.7,0,0,17682.19,17632.19,50.00,1
396031016204066515,LYNN COMMUNITY HEALTH,20221227,2022-12-27,wellness,1,1,15.0,15.0,0,0,919.90,819.90,100.00,1
801031929336468325,BROCKTON HOSPITAL  INC.,20221227,2022-12-27,outpatient,1,1,15.0,15.0,0,0,278.58,176.31,102.27,1
679474484616751075,NEWBURYPORT FAMILY PRACTICE P.C.,20221231,2022-12-31,wellness,1,1,15.0,15.0,0,0,816.80,0.00,816.80,1
1037822919216517364,ANNA JAQUES HOSPITAL SUBACUTE UNIT,20221231,2022-12-31,ambulatory,1,1,15.0,15.0,0,0,9823.15,7858.51,1964.64,1
815218868737845247,Causeway OPC,20230105,2023-01-05,wellness,1,1,46.11666666666667,46.11666666666667,0,0,785.58,628.46,157.12,1
93679773638781409,TUFTS MEDICAL CENTER,20230105,2023-01-05,inpatient,1,1,4801.233333333334,4801.233333333334,1,0,22364.33,15655.03,6709.30,1
332886644979055046,MILFORD REGIONAL MEDICAL CENTER,20230113,2023-01-13,ambulatory,1,1,86.85,86.85,0,0,516.95,481.95,35.00,1
1037822919216517364,ANNA JAQUES HOSPITAL SUBACUTE UNIT,20230114,2023-01-14,ambulatory,1,1,15.0,15.0,0,0,5448.35,4358.67,1089.68,1
93679773638781409,TUFTS MEDICAL CENTER,20230117,2023-01-17,ambulatory,1,1,34.0,34.0,0,0,516.95,516.95,0.00,1
565804414476228962,FRANCISCAN HOSPITAL FOR CHILDREN INC,20230118,2023-01-18,ambulatory,1,1,45.96666666666667,45.96666666666667,0,0,20466.00,20416.00,50.00,1
1037822919216517364,ANNA JAQUES HOSPITAL SUBACUTE UNIT,20230121,2023-01-21,ambulatory,1,1,15.0,15.0,0,0,12591.53,10073.22,2518.31,1
195632976629646692,SEA VIEW CONVALESCENT AND NURSING HOME,20230128,2023-01-28,emergency,1,1,60.0,60.0,0,1,2925.60,2340.48,585.12,1
29818448345197287,GREATER LAWRENCE FAMILY HEALTH CENTER INC,20230128,2023-01-28,wellness,1,1,15.0,15.0,0,0,704.20,604.20,100.00,1
249985492892219599,WHITLEY WELLNESS LLC,20230130,2023-01-30,wellness,1,1,15.0,15.0,0,0,272.80,0.00,272.80,1
520806008221098162,FIRST PSYCHIATRIC PLANNERS  INC,20230130,2023-01-30,ambulatory,1,1,33.266666666666666,33.266666666666666,0,0,573.98,423.98,150.00,1
41581407780620585,WHITTIER REHABILITATION HOSPITAL - BRADFORD,20230201,2023-02-01,ambulatory,1,1,15.0,15.0,0,0,50456.38,26617.43,23838.95,1
719406762791431727,BRIARWOOD REHABILITATION & HEALTHCARE CENTER,20230202,2023-02-02,emergency,1,1,60.0,60.0,0,1,146.18,96.18,50.00,1
93679773638781409,TUFTS MEDICAL CENTER,20230207,2023-02-07,ambulatory,1,1,73.0,73.0,0,0,516.95,516.95,0.00,1
340901791751100142,WP ACQUISITION SUB LLC,20230208,2023-02-08,outpatient,1,1,17.366666666666667,17.366666666666667,0,0,1250.85,0.00,1250.85,1
472226794892644975,HAVERHILL FAMILY OFFICE LLC,20230209,2023-02-09,wellness,1,1,17.35,17.35,0,0,919.90,0.00,919.90,1
635544131513586331,CAMBRIDGE PUBLIC HEALTH COMMISSION,20230210,2023-02-10,ambulatory,1,1,73.2,73.2,0,0,516.95,466.95,50.00,1
636964980173115292,COMFORT HOME CARE  LLC,20230210,2023-02-10,emergency,1,1,60.0,60.0,0,1,146.18,0.00,146.18,1
244544338078735615,TEWKSBURY HOSPITAL,20230211,2023-02-11,ambulatory,1,1,402.23333333333335,402.23333333333335,0,0,5262.35,5212.35,50.00,1
332886644979055046,MILFORD REGIONAL MEDICAL CENTER,20230212,2023-02-12,ambulatory,1,1,79.2,79.2,0,0,516.95,481.95,35.00,1
565804414476228962,FRANCISCAN HOSPITAL FOR CHILDREN INC,20230214,2023-02-14,ambulatory,1,1,50.95,50.95,0,0,20626.96,20576.96,50.00,1
969560228442772145,FAMILY PRACTICE GROUP PC,20230214,2023-02-14,wellness,1,1,15.0,15.0,0,0,1055.90,0.00,1055.90,1
969560228442772145,FAMILY PRACTICE GROUP PC,20230215,2023-02-15,wellness,1,1,31.95,31.95,0,0,704.20,604.20,100.00,1
244544338078735615,TEWKSBURY HOSPITAL,20230218,2023-02-18,outpatient,1,1,15.0,15.0,0,0,142.58,85.55,57.03,1
520806008221098162,FIRST PSYCHIATRIC PLANNERS  INC,20230220,2023-02-20,ambulatory,1,1,39.166666666666664,39.166666666666664,0,0,20626.96,20576.96,50.00,1
969560228442772145,FAMILY PRACTICE GROUP PC,20230220,2023-02-20,wellness,1,1,15.0,15.0,0,0,1293.11,1293.11,0.00,1
340901791751100142,WP ACQUISITION SUB LLC,20230223,2023-02-23,ambulatory,1,1,194.83333333333334,194.83333333333334,0,0,2673.95,1708.68,965.27,1
41581407780620585,WHITTIER REHABILITATION HOSPITAL - BRADFORD,20230301,2023-03-01,ambulatory,1,1,15.0,15.0,0,0,12904.54,12904.54,0.00,1
93679773638781409,TUFTS MEDICAL CENTER,20230301,2023-03-01,ambulatory,1,1,23.0,23.0,0,0,516.95,516.95,0.00,1
846294596561620579,WESTFORD INTERNAL MEDICINE PC,20230303,2023-03-03,wellness,1,1,15.0,15.0,0,0,840.20,0.00,840.20,1
520806008221098162,FIRST PSYCHIATRIC PLANNERS  INC,20230306,2023-03-06,ambulatory,1,1,205.23333333333332,205.23333333333332,0,0,2673.95,2623.95,50.00,1
565804414476228962,FRANCISCAN HOSPITAL FOR CHILDREN INC,20230307,2023-03-07,ambulatory,1,1,45.63333333333333,45.63333333333333,0,0,5263.67,5213.67,50.00,1
723111811226363721,CHESTNUT WOODS REHABILITATION AND HEALTHCARE CTR,20230310,2023-03-10,snf,1,1,28815.0,28815.0,0,0,15209.92,12167.94,3041.98,1
723111811226363721,CHESTNUT WOODS REHABILITATION AND HEALTHCARE CTR,20230310,2023-03-10,emergency,1,1,60.0,60.0,0,1,1008.98,699.91,309.07,1
1037822919216517364,ANNA JAQUES HOSPITAL SUBACUTE UNIT,20230311,2023-03-11,ambulatory,1,1,15.0,15.0,0,0,1005.38,804.30,201.08,1
635544131513586331,CAMBRIDGE PUBLIC HEALTH COMMISSION,20230312,2023-03-12,ambulatory,1,1,63.38333333333333,63.38333333333333,0,0,516.95,466.95,50.00,1
334510102683813647,BOSTON MEDICAL CENTER CORPORATION-,20230312,2023-03-12,wellness,1,1,15.0,15.0,0,0,272.80,0.00,272.80,1
332886644979055046,MILFORD REGIONAL MEDICAL CENTER,20230314,2023-03-14,ambulatory,1,1,74.3,74.3,0,0,516.95,481.95,35.00,1
420221548349436151,MOUNT AUBURN HOSPITAL,20230314,2023-03-14,outpatient,1,1,15.0,15.0,0,0,278.58,0.00,278.58,1
623047219859228790,GARDEN STATE HEALTHCARE ASSOCIATES LLC,20230317,2023-03-17,wellness,1,1,52.95,52.95,0,0,1216.98,789.00,427.98,1
744977654436978746,THE LOWELL GENERAL HOSPITAL,20230317,2023-03-17,ambulatory,1,1,172.11666666666667,172.11666666666667,0,0,2673.95,0.00,2673.95,1
520806008221098162,FIRST PSYCHIATRIC PLANNERS  INC,20230318,2023-03-18,ambulatory,1,1,28.866666666666667,28.866666666666667,0,0,5263.67,5213.67,50.00,1
244544338078735615,TEWKSBURY HOSPITAL,20230319,2023-03-19,outpatient,1,1,45.56666666666667,45.56666666666667,0,0,10955.45,6573.27,4382.18,1
137002283324145083,STURDY MEMORIAL HOSPITAL INC,20230321,2023-03-21,outpatient,1,1,15.0,15.0,0,0,142.58,0.00,142.58,1
93679773638781409,TUFTS MEDICAL CENTER,20230323,2023-03-23,ambulatory,1,1,39.0,39.0,0,0,516.95,516.95,0.00,1
137002283324145083,STURDY MEMORIAL HOSPITAL INC,20230325,2023-03-25,outpatient,1,1,48.083333333333336,48.083333333333336,0,0,4052.91,1314.09,2738.82,1
395615810080261442,ANNA JAQUES HOSPITAL SUBACUTE UNIT,20230325,2023-03-25,outpatient,1,1,19.516666666666666,19.516666666666666,0,0,2352.46,1881.96,470.50,1
565804414476228962,FRANCISCAN HOSPITAL FOR CHILDREN INC,20230329,2023-03-29,ambulatory,1,1,27.183333333333334,27.183333333333334,0,0,5263.67,5213.67,50.00,1
41581407780620585,WHITTIER REHABILITATION HOSPITAL - BRADFORD,20230329,2023-03-29,ambulatory,1,1,15.0,15.0,0,0,6807.02,6807.02,0.00,1
395615810080261442,ANNA JAQUES HOSPITAL SUBACUTE UNIT,20230331,2023-03-31,ambulatory,1,1,206.68333333333334,206.68333333333334,0,0,3536.75,2829.40,707.35,1
620694805014769083,STONEHEDGE HEALTH CARE CENTER,20230404,2023-04-04,emergency,1,1,60.0,60.0,0,1,16125.04,0.00,16125.04,1
58830663438005741,SUNRISE HEALTHCARE LLC,20230405,2023-04-05,wellness,1,1,58.016666666666666,58.016666666666666,0,0,778.78,778.78,0.00,1
520806008221098162,FIRST PSYCHIATRIC PLANNERS  INC,20230409,2023-04-09,ambulatory,1,1,20.966666666666665,20.966666666666665,0,0,7280.83,7230.83,50.00,1
420221548349436151,MOUNT AUBURN HOSPITAL,20230411,2023-04-11,outpatient,1,1,15.0,15.0,0,0,278.58,124.05,154.53,1
635544131513586331,CAMBRIDGE PUBLIC HEALTH COMMISSION,20230411,2023-04-11,ambulatory,1,1,72.86666666666666,72.86666666666666,0,0,516.95,466.95,50.00,1
683258316057948949,STEWARD ST. ANNES HOSPITAL CORPORATION,20230412,2023-04-12,outpatient,1,1,27.666666666666668,27.666666666666668,0,0,4993.24,3994.59,998.65,1
93679773638781409,TUFTS MEDICAL CENTER,20230414,2023-04-14,ambulatory,1,1,99.0,99.0,0,0,516.95,516.95,0.00,1
410915144747947572,COOLEY DICKINSON HOSPITAL INC,20230414,2023-04-14,outpatient,1,1,15.0,15.0,0,0,142.58,0.00,142.58,1
164982158369714689,A&A HEALTHCARE LLC,20230419,2023-04-19,wellness,1,1,30.483333333333334,30.483333333333334,0,0,1471.62,1471.62,0.00,1
622746900524004548,WHITTIER REHABILTATION HOSPITAL,20230422,2023-04-22,ambulatory,1,1,39.3,39.3,0,0,5251.60,4201.28,1050.32,1
565804414476228962,FRANCISCAN HOSPITAL FOR CHILDREN INC,20230423,2023-04-23,ambulatory,1,1,25.816666666666666,25.816666666666666,0,0,12917.11,12867.11,50.00,1
41581407780620585,WHITTIER REHABILITATION HOSPITAL - BRADFORD,20230426,2023-04-26,ambulatory,1,1,15.0,15.0,0,0,11637.73,11637.73,0.00,1
332886644979055046,MILFORD REGIONAL MEDICAL CENTER,20230426,2023-04-26,ambulatory,1,1,86.73333333333333,86.73333333333333,0,0,516.95,481.95,35.00,1
520806008221098162,FIRST PSYCHIATRIC PLANNERS  INC,20230503,2023-05-03,ambulatory,1,1,15.0,15.0,0,0,85.55,35.55,50.00,1
389966452681632557,BETH ISRAEL DEACONESS HOSPITAL-NEEDHAM  INC.,20230504,2023-05-04,ambulatory,1,1,45.18333333333333,45.18333333333333,0,0,2805.56,2770.56,35.00,1
376833142676655002,HOLISTIC FAMILY PRACTICE  INC.,20230506,2023-05-06,wellness,1,1,49.68333333333333,49.68333333333333,0,0,998.38,798.69,199.69,1
520806008221098162,FIRST PSYCHIATRIC PLANNERS  INC,20230506,2023-05-06,ambulatory,1,1,48.85,48.85,0,0,5263.67,5213.67,50.00,1
719406762791431727,BRIARWOOD REHABILITATION & HEALTHCARE CENTER,20230506,2023-05-06,emergency,1,1,60.0,60.0,0,1,146.18,0.00,146.18,1
651473276246308486,GREATER LAWRENCE FAMILY HEALTH CENTER INC,20230507,2023-05-07,wellness,1,1,32.63333333333333,32.63333333333333,0,0,1109.14,0.00,1109.14,1
93679773638781409,TUFTS MEDICAL CENTER,20230507,2023-05-07,ambulatory,1,1,110.0,110.0,0,0,516.95,516.95,0.00,1
93679773638781409,TUFTS MEDICAL CENTER,20230509,2023-05-09,ambulatory,1,1,15.0,15.0,0,0,85.55,85.55,0.00,1
924438841780828326,CENTER FOR DIGESTIVE WELLNESS PC,20230509,2023-05-09,wellness,1,1,15.0,15.0,0,0,488.50,0.00,488.50,1
635544131513586331,CAMBRIDGE PUBLIC HEALTH COMMISSION,20230511,2023-05-11,ambulatory,1,1,73.06666666666666,73.06666666666666,0,0,516.95,366.95,150.00,1
801031929336468325,BROCKTON HOSPITAL  INC.,20230514,2023-05-14,outpatient,1,1,45.1,45.1,0,0,876.69,826.69,50.00,1
587757060655614946,CLARITY HEALTH & WELLNESS LLC,20230515,2023-05-15,wellness,1,1,48.06666666666667,48.06666666666667,0,0,1050.78,950.78,100.00,1
565804414476228962,FRANCISCAN HOSPITAL FOR CHILDREN INC,20230518,2023-05-18,ambulatory,1,1,20.116666666666667,20.116666666666667,0,0,20626.96,20576.96,50.00,1
264175530648959689,SIGNATURE HEALTHCARE MEDICAL GROUP INC,20230521,2023-05-21,wellness,1,1,15.0,15.0,0,0,784.54,784.54,0.00,1
340901791751100142,WP ACQUISITION SUB LLC,20230521,2023-05-21,outpatient,1,1,18.333333333333332,18.333333333333332,0,0,1883.76,0.00,1883.76,1
239726299069476648,PERSONALIZED MEDICAL CARE LLC,20230523,2023-05-23,wellness,1,1,15.0,15.0,0,0,1567.00,1067.20,499.80,1
41581407780620585,WHITTIER REHABILITATION HOSPITAL - BRADFORD,20230524,2023-05-24,ambulatory,1,1,15.0,15.0,0,0,7280.94,7280.94,0.00,1
679818074188163933,ARBOUR-FULLER HOSPITAL,20230526,2023-05-26,outpatient,1,1,15.0,15.0,0,0,142.58,0.00,142.58,1
93679773638781409,TUFTS MEDICAL CENTER,20230527,2023-05-27,ambulatory,1,1,15.0,15.0,0,0,516.95,516.95,0.00,1
520806008221098162,FIRST PSYCHIATRIC PLANNERS  INC,20230527,2023-05-27,ambulatory,1,1,20.366666666666667,20.366666666666667,0,0,6894.07,6844.07,50.00,1
801031929336468325,BROCKTON HOSPITAL  INC.,20230528,2023-05-28,ambulatory,1,1,198.23333333333332,198.23333333333332,0,0,2673.95,2623.95,50.00,1
340901791751100142,WP ACQUISITION SUB LLC,20230528,2023-05-28,ambulatory,1,1,185.16666666666666,185.16666666666666,0,0,2673.95,816.80,1857.15,1
1031243542611916810,ENCOMPASS HEALTH REHABILITATION HOSP OF NEW ENGLAN,20230529,2023-05-29,ambulatory,1,1,187.78333333333333,187.78333333333333,0,0,3105.35,3055.35,50.00,1
445265032025896326,QUINCY CENTER PRIMARY CARE PC,20230531,2023-05-31,wellness,1,1,15.0,15.0,0,0,136.80,0.00,136.80,1
814284400183858824,PRIMARY CARE NORTH PC,20230603,2023-06-03,wellness,1,1,32.61666666666667,32.61666666666667,0,0,1997.87,1598.30,399.57,1
565804414476228962,FRANCISCAN HOSPITAL FOR CHILDREN INC,20230608,2023-06-08,ambulatory,1,1,53.78333333333333,53.78333333333333,0,0,7561.92,7511.92,50.00,1
635544131513586331,CAMBRIDGE PUBLIC HEALTH COMMISSION,20230610,2023-06-10,ambulatory,1,1,77.28333333333333,77.28333333333333,0,0,516.95,466.95,50.00,1
353447819048907343,CAMBRIDGE PUBLIC HEALTH COMMISSION,20230612,2023-06-12,ambulatory,3,1,27.805555555555554,27.25,0,0,7353.09,7248.09,105.00,1
622746900524004548,WHITTIER REHABILTATION HOSPITAL,20230617,2023-06-17,ambulatory,1,1,179.35,179.35,0,0,3105.35,2484.28,621.07,1
93679773638781409,TUFTS MEDICAL CENTER,20230618,2023-06-18,ambulatory,1,1,102.0,102.0,0,0,516.95,516.95,0.00,1
622746900524004548,WHITTIER REHABILTATION HOSPITAL,20230619,2023-06-19,ambulatory,1,1,15.0,15.0,0,0,85.55,68.44,17.11,1
520806008221098162,FIRST PSYCHIATRIC PLANNERS  INC,20230620,2023-06-20,ambulatory,1,1,46.833333333333336,46.833333333333336,0,0,10066.49,10016.49,50.00,1
41581407780620585,WHITTIER REHABILITATION HOSPITAL - BRADFORD,20230621,2023-06-21,ambulatory,1,1,15.0,15.0,0,0,8844.89,8844.89,0.00,1
93679773638781409,TUFTS MEDICAL CENTER,20230622,2023-06-22,ambulatory,1,1,15.0,15.0,0,0,85.55,85.55,0.00,1
1100386330438199965,WALTHAM WESTON INTERNAL MEDICINE ASSOCIATES  P.C.,20230623,2023-06-23,wellness,1,1,44.68333333333333,44.68333333333333,0,0,1284.76,1284.76,0.00,1
132019786462314408,DAVIS SQUARE FAMILY PRACTICE,20230626,2023-06-26,wellness,1,1,39.4,39.4,0,0,704.20,704.20,0.00,1
719406762791431727,BRIARWOOD REHABILITATION & HEALTHCARE CENTER,20230626,2023-06-26,emergency,1,1,60.0,60.0,0,1,87.71,33.89,53.82,1
257485178825861130,URGENT CARE MEDICAL ASSOCIATES  LLC,20230630,2023-06-30,urgentcare,1,1,15.0,15.0,0,0,142.58,107.58,35.00,1
395615810080261442,ANNA JAQUES HOSPITAL SUBACUTE UNIT,20230701,2023-07-01,outpatient,1,1,15.0,15.0,0,0,4575.68,3660.54,915.14,1
565804414476228962,FRANCISCAN HOSPITAL FOR CHILDREN INC,20230705,2023-07-05,ambulatory,1,1,38.85,38.85,0,0,573.98,423.98,150.00,1
66387877495315826,NEW ENGLAND REHABILITATION SERVICES OF CENTRAL MASSACHUSETTS INC,20230707,2023-07-07,outpatient,1,1,15.0,15.0,0,0,142.58,0.00,142.58,1
919548777387151765,SOUTH SHORE CENTER FOR WELLNESS LTD,20230708,2023-07-08,wellness,1,1,45.7,45.7,0,0,704.20,0.00,704.20,1
635544131513586331,CAMBRIDGE PUBLIC HEALTH COMMISSION,20230710,2023-07-10,ambulatory,1,1,192.35,192.35,0,0,3105.35,3055.35,50.00,1
683258316057948949,STEWARD ST. ANNES HOSPITAL CORPORATION,20230711,2023-07-11,outpatient,1,1,45.31666666666667,45.31666666666667,0,0,5264.17,4211.33,1052.84,1
801031929336468325,BROCKTON HOSPITAL  INC.,20230716,2023-07-16,outpatient,1,1,53.3,53.3,0,0,876.69,826.69,50.00,1
405686286755502306,BERKSHIRE MEDICAL CENTER INC,20230716,2023-07-16,ambulatory,1,1,15.0,15.0,0,0,3536.75,3486.75,50.00,1
520806008221098162,FIRST PSYCHIATRIC PLANNERS  INC,20230717,2023-07-17,ambulatory,1,1,31.2,31.2,0,0,6053.64,6003.64,50.00,1
635544131513586331,CAMBRIDGE PUBLIC HEALTH COMMISSION,20230717,2023-07-17,ambulatory,1,1,74.95,74.95,0,0,516.95,466.95,50.00,1
49658252277416711,PALMER FAMILY SERVICES LLC,20230719,2023-07-19,wellness,1,1,15.0,15.0,0,0,347.38,0.00,347.38,1
41581407780620585,WHITTIER REHABILITATION HOSPITAL - BRADFORD,20230719,2023-07-19,ambulatory,1,1,15.0,15.0,0,0,6377.25,6377.25,0.00,1
222681380209834388,SOUTH SHORE HOSPITAL INC.,20230722,2023-07-22,ambulatory,1,1,198.9,198.9,0,0,2673.95,0.00,2673.95,1
694540912856437675,PULMONARY INTERNISTS AND CONSULTANTS PC,20230801,2023-08-01,wellness,1,1,40.766666666666666,40.766666666666666,0,0,919.90,0.00,919.90,1
741458505160782152,LOWELL COMMUNITY HEALTH CENTER,20230806,2023-08-06,wellness,1,1,38.333333333333336,38.333333333333336,0,0,1357.87,0.00,1357.87,1
1003634539940818261,CHARLES RIVER COMMUNITY HEALTH  INC,20230807,2023-08-07,wellness,1,1,18.233333333333334,18.233333333333334,0,0,1567.00,1567.00,0.00,1
520806008221098162,FIRST PSYCHIATRIC PLANNERS  INC,20230809,2023-08-09,ambulatory,1,1,23.933333333333334,23.933333333333334,0,0,5263.67,5213.67,50.00,1
556944320275034302,PARADIGM HEALTHCARE  PC,20230811,2023-08-11,wellness,1,1,46.166666666666664,46.166666666666664,0,0,989.36,0.00,989.36,1
484606205110823681,FAMILY MEDICINE ASSOCIATES OF SOUTH ATTLEBORO  P.C.,20230812,2023-08-12,wellness,1,1,57.916666666666664,57.916666666666664,0,0,1186.78,0.00,1186.78,1
392549857133219292,CAPE COD HOSPITAL INC,20230815,2023-08-15,ambulatory,1,1,200.75,200.75,0,0,3105.35,0.00,3105.35,1
41581407780620585,WHITTIER REHABILITATION HOSPITAL - BRADFORD,20230816,2023-08-16,ambulatory,1,1,15.0,15.0,0,0,11649.36,11649.36,0.00,1
635544131513586331,CAMBRIDGE PUBLIC HEALTH COMMISSION,20230816,2023-08-16,ambulatory,1,1,80.43333333333334,80.43333333333334,0,0,516.95,466.95,50.00,1
244544338078735615,TEWKSBURY HOSPITAL,20230820,2023-08-20,ambulatory,1,1,369.85,369.85,0,0,4830.95,290.78,4540.17,1
340901791751100142,WP ACQUISITION SUB LLC,20230820,2023-08-20,outpatient,1,1,15.916666666666666,15.916666666666666,0,0,1250.85,875.60,375.25,1
49658252277416711,PALMER FAMILY SERVICES LLC,20230823,2023-08-23,wellness,1,1,15.0,15.0,0,0,272.80,0.00,272.80,1
410915144747947572,COOLEY DICKINSON HOSPITAL INC,20230825,2023-08-25,ambulatory,1,1,201.61666666666667,201.61666666666667,0,0,3105.35,0.00,3105.35,1
104996357240950328,UMASS MEMORIAL HEALTHALLIANCE CLINTON HOSPITAL INC,20230825,2023-08-25,ambulatory,1,1,15.0,15.0,0,0,3536.75,0.00,3536.75,1
257485178825861130,URGENT CARE MEDICAL ASSOCIATES  LLC,20230825,2023-08-25,urgentcare,1,1,55.15,55.15,0,0,1154.54,1119.54,35.00,1
679818074188163933,ARBOUR-FULLER HOSPITAL,20230826,2023-08-26,ambulatory,1,1,255.71666666666667,255.71666666666667,0,0,3105.35,0.00,3105.35,1
76613554195130854,TREE OF LIFE HEALTHCARE ASSOCIATES,20230830,2023-08-30,wellness,1,1,15.0,15.0,0,0,914.78,0.00,914.78,1
41581407780620585,WHITTIER REHABILITATION HOSPITAL - BRADFORD,20230830,2023-08-30,ambulatory,1,1,15.0,15.0,0,0,6508.69,6508.69,0.00,1
520806008221098162,FIRST PSYCHIATRIC PLANNERS  INC,20230903,2023-09-03,ambulatory,1,1,53.516666666666666,53.516666666666666,0,0,20626.96,20576.96,50.00,1
425148336100545870,COLEMAN HOUSE,20230906,2023-09-06,emergency,1,1,60.0,60.0,0,1,2925.60,2925.60,0.00,1
389966452681632557,BETH ISRAEL DEACONESS HOSPITAL-NEEDHAM  INC.,20230908,2023-09-08,ambulatory,1,1,271.21666666666664,271.21666666666664,0,0,3968.15,3933.15,35.00,1
622746900524004548,WHITTIER REHABILTATION HOSPITAL,20230910,2023-09-10,ambulatory,1,1,15.0,15.0,0,0,85.55,35.55,50.00,1
635544131513586331,CAMBRIDGE PUBLIC HEALTH COMMISSION,20230915,2023-09-15,ambulatory,1,1,87.36666666666666,87.36666666666666,0,0,516.95,466.95,50.00,1
954034748055540626,COMPASSIONATE CARE HOSPICE,20230921,2023-09-21,hospice,1,1,59055.0,59055.0,0,0,19981.93,15799.14,4182.79,1
389966452681632557,BETH ISRAEL DEACONESS HOSPITAL-NEEDHAM  INC.,20230922,2023-09-22,outpatient,1,1,37.88333333333333,37.88333333333333,0,0,1097.51,1062.51,35.00,1
520806008221098162,FIRST PSYCHIATRIC PLANNERS  INC,20230926,2023-09-26,ambulatory,1,1,22.283333333333335,22.283333333333335,0,0,7473.91,7423.91,50.00,1
395615810080261442,ANNA JAQUES HOSPITAL SUBACUTE UNIT,20230930,2023-09-30,outpatient,1,1,15.333333333333334,15.333333333333334,0,0,4575.68,3660.54,915.14,1
559102553183312747,HEBREW REHABILITATION CENTER,20231007,2023-10-07,ambulatory,1,1,15.0,15.0,0,0,948.35,758.68,189.67,1
160559015988030201,HEALTHFIRST FAMILY CARE CENTER INC,20231010,2023-10-10,wellness,1,1,53.733333333333334,53.733333333333334,0,0,7881.42,6305.13,1576.29,1
132019786462314408,DAVIS SQUARE FAMILY PRACTICE,20231012,2023-10-12,wellness,1,1,55.333333333333336,55.333333333333336,0,0,778.78,778.78,0.00,1
520806008221098162,FIRST PSYCHIATRIC PLANNERS  INC,20231017,2023-10-17,ambulatory,1,1,36.666666666666664,36.666666666666664,0,0,5263.67,5213.67,50.00,1
41581407780620585,WHITTIER REHABILITATION HOSPITAL - BRADFORD,20231018,2023-10-18,ambulatory,1,1,15.0,15.0,0,0,1005.38,1005.38,0.00,1
389966452681632557,BETH ISRAEL DEACONESS HOSPITAL-NEEDHAM  INC.,20231020,2023-10-20,outpatient,1,1,36.266666666666666,36.266666666666666,0,0,1318.66,1283.66,35.00,1
49658252277416711,PALMER FAMILY SERVICES LLC,20231025,2023-10-25,wellness,1,1,15.0,15.0,0,0,1032.50,0.00,1032.50,1
353447819048907343,CAMBRIDGE PUBLIC HEALTH COMMISSION,20231026,2023-10-26,ambulatory,1,1,327.6333333333333,327.6333333333333,0,0,4399.55,4364.55,35.00,1
719406762791431727,BRIARWOOD REHABILITATION & HEALTHCARE CENTER,20231031,2023-10-31,emergency,1,1,60.0,60.0,0,1,15809.94,15759.94,50.00,1
389966452681632557,BETH ISRAEL DEACONESS HOSPITAL-NEEDHAM  INC.,20231103,2023-11-03,ambulatory,1,1,175.98333333333332,175.98333333333332,0,0,2673.95,2638.95,35.00,1
93679773638781409,TUFTS MEDICAL CENTER,20231109,2023-11-09,virtual,1,1,43.13333333333333,43.13333333333333,0,0,556.40,445.12,111.28,1
703727186913582450,ASSOCIATED INTERNISTS OF RANDOLPH  INC.,20231112,2023-11-12,wellness,1,1,38.06666666666667,38.06666666666667,0,0,704.20,0.00,704.20,1
520806008221098162,FIRST PSYCHIATRIC PLANNERS  INC,20231112,2023-11-12,ambulatory,1,1,43.15,43.15,0,0,5263.67,5213.67,50.00,1
814284400183858824,PRIMARY CARE NORTH PC,20231116,2023-11-16,wellness,1,1,55.81666666666667,55.81666666666667,0,0,1444.65,0.00,1444.65,1
332886644979055046,MILFORD REGIONAL MEDICAL CENTER,20231118,2023-11-18,inpatient,1,1,10080.0,10080.0,1,0,146.18,111.18,35.00,1
340901791751100142,WP ACQUISITION SUB LLC,20231119,2023-11-19,outpatient,1,1,17.083333333333332,17.083333333333332,0,0,1250.85,875.60,375.25,1
557025406090317911,DILIGENCEHEALTHCARE,20231121,2023-11-21,wellness,1,1,16.6,16.6,0,0,1055.90,0.00,1055.90,1
721972786242253874,BOSTON MEDICAL CENTER CORPORATION-,20231123,2023-11-23,ambulatory,1,1,39.03333333333333,39.03333333333333,0,0,9325.38,4389.02,4936.36,1
476697113556229311,BETH ISRAEL DEACONESS HOSPITAL MILTON INC,20231126,2023-11-26,ambulatory,1,1,225.08333333333334,225.08333333333334,0,0,3536.75,2642.17,894.58,1
445265032025896326,QUINCY CENTER PRIMARY CARE PC,20231129,2023-11-29,wellness,1,1,15.0,15.0,0,0,676.10,0.00,676.10,1
721972786242253874,BOSTON MEDICAL CENTER CORPORATION-,20231130,2023-11-30,ambulatory,1,1,194.88333333333333,194.88333333333333,0,0,3105.35,2173.74,931.61,1
559102553183312747,HEBREW REHABILITATION CENTER,20231201,2023-12-01,ambulatory,1,1,15.0,15.0,0,0,85.55,68.44,17.11,1
439410479591029051,LOWELL FAMILY MEDICAL CARE PC,20231204,2023-12-04,wellness,1,1,46.95,46.95,0,0,1214.85,0.00,1214.85,1
801031929336468325,BROCKTON HOSPITAL  INC.,20231205,2023-12-05,ambulatory,1,1,196.63333333333333,196.63333333333333,0,0,3105.35,0.00,3105.35,1
654096641582644263,BL HEALTHCARE INC DELEWARE,20231207,2023-12-07,wellness,1,1,57.166666666666664,57.166666666666664,0,0,785.58,0.00,785.58,1
109016295863276866,FAMILY SERVICE ASSOCIATION OF GREATER FALL RIVER INC,20231207,2023-12-07,wellness,1,1,15.0,15.0,0,0,1284.89,0.00,1284.89,1
520806008221098162,FIRST PSYCHIATRIC PLANNERS  INC,20231210,2023-12-10,ambulatory,1,1,35.25,35.25,0,0,5263.67,5213.67,50.00,1
790885867393293671,DUTTON FAMILY CARE ASSOCIATES LLP,20231214,2023-12-14,wellness,1,1,36.31666666666667,36.31666666666667,0,0,914.78,731.82,182.96,1
744977654436978746,THE LOWELL GENERAL HOSPITAL,20231218,2023-12-18,ambulatory,1,1,162.55,162.55,0,0,2673.95,0.00,2673.95,1
44500129533123678,SOUTHCOAST HOSPITALS GROUP INC,20231221,2023-12-21,ambulatory,1,1,217.1,217.1,0,0,3536.75,0.00,3536.75,1
866549107229357074,HOPKINTON MEDICAL CARE  P.C.,20231221,2023-12-21,wellness,1,1,15.0,15.0,0,0,1186.78,0.00,1186.78,1
1053862909723414558,COMPASSIONATE HEALTH CARE GROUP LLC,20231225,2023-12-25,wellness,1,1,31.766666666666666,31.766666666666666,0,0,1075.86,975.86,100.00,1
49658252277416711,PALMER FAMILY SERVICES LLC,20231227,2023-12-27,wellness,1,1,15.0,15.0,0,0,1539.58,0.00,1539.58,1
332886644979055046,MILFORD REGIONAL MEDICAL CENTER,20231228,2023-12-28,ambulatory,1,1,369.6333333333333,369.6333333333333,0,0,4399.55,3302.66,1096.89,1
93679773638781409,TUFTS MEDICAL CENTER,20231228,2023-12-28,ambulatory,1,1,210.18333333333334,210.18333333333334,0,0,3105.35,2484.28,621.07,1
395615810080261442,ANNA JAQUES HOSPITAL SUBACUTE UNIT,20231230,2023-12-30,outpatient,1,1,19.666666666666668,19.666666666666668,0,0,4575.68,3474.14,1101.54,1
744977654436978746,THE LOWELL GENERAL HOSPITAL,20240101,2024-01-01,ambulatory,1,1,49.0,49.0,0,0,3162.38,1877.61,1284.77,1
396031016204066515,LYNN COMMUNITY HEALTH,20240102,2024-01-02,wellness,1,1,24.816666666666666,24.816666666666666,0,0,919.90,819.90,100.00,1
744977654436978746,THE LOWELL GENERAL HOSPITAL,20240103,2024-01-03,ambulatory,1,1,15.0,15.0,0,0,85.55,59.88,25.67,1
520806008221098162,FIRST PSYCHIATRIC PLANNERS  INC,20240104,2024-01-04,ambulatory,1,1,27.3,27.3,0,0,20626.96,20576.96,50.00,1
679474484616751075,NEWBURYPORT FAMILY PRACTICE P.C.,20240106,2024-01-06,wellness,1,1,15.0,15.0,0,0,563.08,0.00,563.08,1
719406762791431727,BRIARWOOD REHABILITATION & HEALTHCARE CENTER,20240106,2024-01-06,emergency,1,1,60.0,60.0,0,1,146.18,96.18,50.00,1
815218868737845247,Causeway OPC,20240111,2024-01-11,wellness,1,1,34.96666666666667,34.96666666666667,0,0,1291.56,1033.24,258.32,1
332886644979055046,MILFORD REGIONAL MEDICAL CENTER,20240115,2024-01-15,virtual,1,1,15.0,15.0,0,0,75.00,0.00,75.00,1
332886644979055046,MILFORD REGIONAL MEDICAL CENTER,20240115,2024-01-15,outpatient,1,1,15.0,15.0,0,0,85.55,0.00,85.55,1
44500129533123678,SOUTHCOAST HOSPITALS GROUP INC,20240118,2024-01-18,outpatient,1,1,15.0,15.0,0,0,278.58,0.00,278.58,1
389966452681632557,BETH ISRAEL DEACONESS HOSPITAL-NEEDHAM  INC.,20240119,2024-01-19,outpatient,1,1,51.1,51.1,0,0,1097.51,1062.51,35.00,1
116650824977762570,MEASURED WELLNESS LLC,20240121,2024-01-21,wellness,1,1,52.083333333333336,52.083333333333336,0,0,704.20,0.00,704.20,1
815218868737845247,Causeway OPC,20240125,2024-01-25,ambulatory,1,1,196.06666666666666,196.06666666666666,0,0,3105.35,2484.28,621.07,1
520806008221098162,FIRST PSYCHIATRIC PLANNERS  INC,20240125,2024-01-25,outpatient,1,1,15.0,15.0,0,0,142.58,92.58,50.00,1
332886644979055046,MILFORD REGIONAL MEDICAL CENTER,20240128,2024-01-28,ambulatory,1,1,38.5,38.5,0,0,516.95,0.00,516.95,1
520806008221098162,FIRST PSYCHIATRIC PLANNERS  INC,20240129,2024-01-29,ambulatory,1,1,22.55,22.55,0,0,15778.00,15728.00,50.00,1
340901791751100142,WP ACQUISITION SUB LLC,20240203,2024-02-03,outpatient,1,1,15.0,15.0,0,0,142.58,99.81,42.77,1
29818448345197287,GREATER LAWRENCE FAMILY HEALTH CENTER INC,20240203,2024-02-03,wellness,1,1,52.86666666666667,52.86666666666667,0,0,704.20,604.20,100.00,1
249985492892219599,WHITLEY WELLNESS LLC,20240205,2024-02-05,wellness,1,1,15.0,15.0,0,0,1402.48,163.49,1238.99,1
469245621271018320,LYNN URGENT CARE LLC,20240212,2024-02-12,urgentcare,1,1,15.0,15.0,0,0,358.28,286.62,71.66,1
44500129533123678,SOUTHCOAST HOSPITALS GROUP INC,20240215,2024-02-15,outpatient,1,1,15.0,15.0,0,0,278.58,0.00,278.58,1
472226794892644975,HAVERHILL FAMILY OFFICE LLC,20240215,2024-02-15,wellness,1,1,27.433333333333334,27.433333333333334,0,0,704.20,0.00,704.20,1
622746900524004548,WHITTIER REHABILTATION HOSPITAL,20240216,2024-02-16,ambulatory,1,1,15.0,15.0,0,0,1495.73,1067.67,428.06,1
340901791751100142,WP ACQUISITION SUB LLC,20240218,2024-02-18,outpatient,1,1,16.616666666666667,16.616666666666667,0,0,1250.85,875.60,375.25,1
469245621271018320,LYNN URGENT CARE LLC,20240219,2024-02-19,urgentcare,1,1,15.0,15.0,0,0,1233.16,986.52,246.64,1
969560228442772145,FAMILY PRACTICE GROUP PC,20240220,2024-02-20,wellness,1,1,26.0,26.0,0,0,840.20,0.00,840.20,1
969560228442772145,FAMILY PRACTICE GROUP PC,20240221,2024-02-21,wellness,1,1,49.25,49.25,0,0,1641.58,1541.58,100.00,1
244544338078735615,TEWKSBURY HOSPITAL,20240225,2024-02-25,outpatient,1,1,67.28333333333333,67.28333333333333,0,0,573.98,344.39,229.59,1
721972786242253874,BOSTON MEDICAL CENTER CORPORATION-,20240226,2024-02-26,outpatient,1,1,15.0,15.0,0,0,85.55,68.44,17.11,1
969560228442772145,FAMILY PRACTICE GROUP PC,20240226,2024-02-26,wellness,1,1,15.0,15.0,0,0,704.20,604.20,100.00,1
389966452681632557,BETH ISRAEL DEACONESS HOSPITAL-NEEDHAM  INC.,20240228,2024-02-28,ambulatory,1,1,47.05,47.05,0,0,2805.56,2770.56,35.00,1
744977654436978746,THE LOWELL GENERAL HOSPITAL,20240303,2024-03-03,ambulatory,1,1,15.0,15.0,0,0,85.55,59.88,25.67,1
721972786242253874,BOSTON MEDICAL CENTER CORPORATION-,20240304,2024-03-04,ambulatory,1,1,224.51666666666668,224.51666666666668,0,0,3536.75,2829.40,707.35,1
93679773638781409,TUFTS MEDICAL CENTER,20240304,2024-03-04,ambulatory,1,1,38.25,38.25,0,0,573.98,459.18,114.80,1
520806008221098162,FIRST PSYCHIATRIC PLANNERS  INC,20240304,2024-03-04,ambulatory,1,1,43.9,43.9,0,0,9623.65,9573.65,50.00,1
846294596561620579,WESTFORD INTERNAL MEDICINE PC,20240308,2024-03-08,wellness,1,1,25.8,25.8,0,0,1483.87,20.70,1463.17,1
721972786242253874,BOSTON MEDICAL CENTER CORPORATION-,20240311,2024-03-11,ambulatory,1,1,15.0,15.0,0,0,85.55,68.44,17.11,1
202198446605600451,STANLEY STREET TREATMENT AND RESOURCES  INC,20240316,2024-03-16,wellness,1,1,59.95,59.95,0,0,778.78,0.00,778.78,1
334510102683813647,BOSTON MEDICAL CENTER CORPORATION-,20240317,2024-03-17,wellness,1,1,15.0,15.0,0,0,919.90,0.00,919.90,1
395615810080261442,ANNA JAQUES HOSPITAL SUBACUTE UNIT,20240319,2024-03-19,outpatient,1,1,15.0,15.0,0,0,142.58,114.06,28.52,1
137002283324145083,STURDY MEMORIAL HOSPITAL INC,20240319,2024-03-19,outpatient,1,1,15.0,15.0,0,0,142.58,0.00,142.58,1
623047219859228790,GARDEN STATE HEALTHCARE ASSOCIATES LLC,20240322,2024-03-22,wellness,1,1,38.983333333333334,38.983333333333334,0,0,1670.34,1151.68,518.66,1
345242370934466119,HEBREW SENIORLIFE AFFILIATED MEDICAL GROUP INC,20240324,2024-03-24,ambulatory,1,1,225.21666666666667,225.21666666666667,0,0,3536.75,0.00,3536.75,1
635544131513586331,CAMBRIDGE PUBLIC HEALTH COMMISSION,20240325,2024-03-25,ambulatory,1,1,78.31666666666666,78.31666666666666,0,0,516.95,466.95,50.00,1
49658252277416711,PALMER FAMILY SERVICES LLC,20240327,2024-03-27,wellness,1,1,15.0,15.0,0,0,816.80,0.00,816.80,1
559102553183312747,HEBREW REHABILITATION CENTER,20240328,2024-03-28,ambulatory,1,1,15.0,15.0,0,0,85.55,68.44,17.11,1
520806008221098162,FIRST PSYCHIATRIC PLANNERS  INC,20240330,2024-03-30,ambulatory,1,1,25.716666666666665,25.716666666666665,0,0,12557.73,12507.73,50.00,1
332886644979055046,MILFORD REGIONAL MEDICAL CENTER,20240330,2024-03-30,ambulatory,1,1,85.8,85.8,0,0,516.95,481.95,35.00,1
683258316057948949,STEWARD ST. ANNES HOSPITAL CORPORATION,20240330,2024-03-30,ambulatory,1,1,192.0,192.0,0,0,3536.75,0.00,3536.75,1
395615810080261442,ANNA JAQUES HOSPITAL SUBACUTE UNIT,20240330,2024-03-30,outpatient,1,1,19.866666666666667,19.866666666666667,0,0,4575.68,3660.54,915.14,1
683258316057948949,STEWARD ST. ANNES HOSPITAL CORPORATION,20240406,2024-04-06,outpatient,1,1,15.0,15.0,0,0,142.58,114.06,28.52,1
58830663438005741,SUNRISE HEALTHCARE LLC,20240410,2024-04-10,wellness,1,1,42.15,42.15,0,0,957.75,0.00,957.75,1
721972786242253874,BOSTON MEDICAL CENTER CORPORATION-,20240413,2024-04-13,ambulatory,1,1,15.0,15.0,0,0,142.58,114.06,28.52,1
244544338078735615,TEWKSBURY HOSPITAL,20240414,2024-04-14,ambulatory,1,1,15.0,15.0,0,0,44802.51,26881.50,17921.01,1
345242370934466119,HEBREW SENIORLIFE AFFILIATED MEDICAL GROUP INC,20240415,2024-04-15,outpatient,1,1,15.0,15.0,0,0,1250.85,1000.68,250.17,1
719406762791431727,BRIARWOOD REHABILITATION & HEALTHCARE CENTER,20240415,2024-04-15,emergency,1,1,60.0,60.0,0,1,12495.74,12345.74,150.00,1
410915144747947572,COOLEY DICKINSON HOSPITAL INC,20240419,2024-04-19,outpatient,1,1,23.1,23.1,0,0,14567.80,0.00,14567.80,1
635544131513586331,CAMBRIDGE PUBLIC HEALTH COMMISSION,20240424,2024-04-24,ambulatory,1,1,71.03333333333333,71.03333333333333,0,0,516.95,366.95,150.00,1
164982158369714689,A&A HEALTHCARE LLC,20240424,2024-04-24,wellness,1,1,55.81666666666667,55.81666666666667,0,0,860.16,860.16,0.00,1
520806008221098162,FIRST PSYCHIATRIC PLANNERS  INC,20240425,2024-04-25,ambulatory,1,1,21.15,21.15,0,0,9972.00,9922.00,50.00,1
741150468608293787,CLASSIC HEALTHCARE MEDICAL GROUP LLC,20240429,2024-04-29,wellness,1,1,30.3,30.3,0,0,914.78,914.78,0.00,1
744977654436978746,THE LOWELL GENERAL HOSPITAL,20240502,2024-05-02,ambulatory,1,1,15.0,15.0,0,0,85.55,59.88,25.67,1
376833142676655002,HOLISTIC FAMILY PRACTICE  INC.,20240511,2024-05-11,wellness,1,1,51.78333333333333,51.78333333333333,0,0,1001.28,801.02,200.26,1
244544338078735615,TEWKSBURY HOSPITAL,20240512,2024-05-12,ambulatory,1,1,15.0,15.0,0,0,8923.70,1697.82,7225.88,1
924438841780828326,CENTER FOR DIGESTIVE WELLNESS PC,20240514,2024-05-14,wellness,1,1,15.0,15.0,0,0,755.38,0.00,755.38,1
476697113556229311,BETH ISRAEL DEACONESS HOSPITAL MILTON INC,20240515,2024-05-15,ambulatory,1,1,15.0,15.0,0,0,142.58,0.00,142.58,1
244544338078735615,TEWKSBURY HOSPITAL,20240517,2024-05-17,ambulatory,1,1,15.0,15.0,0,0,142.58,85.55,57.03,1
520806008221098162,FIRST PSYCHIATRIC PLANNERS  INC,20240518,2024-05-18,ambulatory,1,1,58.766666666666666,58.766666666666666,0,0,5263.67,5213.67,50.00,1
340901791751100142,WP ACQUISITION SUB LLC,20240519,2024-05-19,outpatient,1,1,15.0,15.0,0,0,1250.85,0.00,1250.85,1
679818074188163933,ARBOUR-FULLER HOSPITAL,20240520,2024-05-20,outpatient,1,1,15.0,15.0,0,0,142.58,0.00,142.58,1
635544131513586331,CAMBRIDGE PUBLIC HEALTH COMMISSION,20240524,2024-05-24,ambulatory,1,1,15.0,15.0,0,0,772.15,722.15,50.00,1
264175530648959689,SIGNATURE HEALTHCARE MEDICAL GROUP INC,20240526,2024-05-26,wellness,1,1,56.21666666666667,56.21666666666667,0,0,866.52,866.52,0.00,1
239726299069476648,PERSONALIZED MEDICAL CARE LLC,20240528,2024-05-28,wellness,1,1,29.35,29.35,0,0,919.90,549.52,370.38,1
102665420104747686,MASS GENERAL BRIGHAM URGENT CARE LLC,20240603,2024-06-03,urgentcare,1,1,40.083333333333336,40.083333333333336,0,0,709.98,659.98,50.00,1
814284400183858824,PRIMARY CARE NORTH PC,20240608,2024-06-08,wellness,1,1,51.68333333333333,51.68333333333333,0,0,2147.56,1718.04,429.52,1
801031929336468325,BROCKTON HOSPITAL  INC.,20240609,2024-06-09,ambulatory,1,1,165.05,165.05,0,0,3105.35,3055.35,50.00,1
244544338078735615,TEWKSBURY HOSPITAL,20240609,2024-06-09,ambulatory,1,1,15.0,15.0,0,0,18364.82,11018.89,7345.93,1
635544131513586331,CAMBRIDGE PUBLIC HEALTH COMMISSION,20240610,2024-06-10,outpatient,1,1,15.0,15.0,0,0,482.63,432.63,50.00,1
520806008221098162,FIRST PSYCHIATRIC PLANNERS  INC,20240613,2024-06-13,ambulatory,1,1,28.166666666666668,28.166666666666668,0,0,9360.45,9310.45,50.00,1
433837020145504394,ZANJABEE INTEGRATIVE MEDICINE AND PRIMARY CARE LLC,20240614,2024-06-14,wellness,1,1,55.15,55.15,0,0,1050.78,0.00,1050.78,1
257983333266586147,WOONSOCKET URGENT CARE PC,20240615,2024-06-15,urgentcare,1,1,44.766666666666666,44.766666666666666,0,0,1487.99,0.00,1487.99,1
635544131513586331,CAMBRIDGE PUBLIC HEALTH COMMISSION,20240617,2024-06-17,ambulatory,1,1,338.73333333333335,338.73333333333335,0,0,4399.55,4349.55,50.00,1
635544131513586331,CAMBRIDGE PUBLIC HEALTH COMMISSION,20240620,2024-06-20,virtual,1,1,42.733333333333334,42.733333333333334,0,0,556.40,521.40,35.00,1
353447819048907343,CAMBRIDGE PUBLIC HEALTH COMMISSION,20240620,2024-06-20,ambulatory,2,1,22.424999999999997,22.424999999999997,0,0,4406.19,4336.19,70.00,1
622746900524004548,WHITTIER REHABILTATION HOSPITAL,20240622,2024-06-22,ambulatory,1,1,200.95,200.95,0,0,3536.75,2829.40,707.35,1
679818074188163933,ARBOUR-FULLER HOSPITAL,20240622,2024-06-22,outpatient,1,1,15.0,15.0,0,0,357.55,0.00,357.55,1
93679773638781409,TUFTS MEDICAL CENTER,20240623,2024-06-23,ambulatory,3,1,27.361111111111114,24.1,0,0,4966.82,3973.45,993.37,1
49658252277416711,PALMER FAMILY SERVICES LLC,20240626,2024-06-26,wellness,1,1,15.0,15.0,0,0,362.44,0.00,362.44,1
1100386330438199965,WALTHAM WESTON INTERNAL MEDICINE ASSOCIATES  P.C.,20240628,2024-06-28,wellness,1,1,52.78333333333333,52.78333333333333,0,0,1284.76,1284.76,0.00,1
395615810080261442,ANNA JAQUES HOSPITAL SUBACUTE UNIT,20240629,2024-06-29,outpatient,1,1,15.0,15.0,0,0,4575.68,3660.54,915.14,1
679818074188163933,ARBOUR-FULLER HOSPITAL,20240629,2024-06-29,ambulatory,1,1,169.0,169.0,0,0,2673.95,0.00,2673.95,1
520806008221098162,FIRST PSYCHIATRIC PLANNERS  INC,20240705,2024-07-05,ambulatory,1,1,54.416666666666664,54.416666666666664,0,0,5263.67,5213.67,50.00,1
410915144747947572,COOLEY DICKINSON HOSPITAL INC,20240705,2024-07-05,ambulatory,1,1,62.0,62.0,0,0,516.95,0.00,516.95,1
679818074188163933,ARBOUR-FULLER HOSPITAL,20240706,2024-07-06,ambulatory,1,1,15.0,15.0,0,0,2239.15,398.78,1840.37,1
244544338078735615,TEWKSBURY HOSPITAL,20240707,2024-07-07,ambulatory,1,1,15.0,15.0,0,0,6923.11,6923.11,0.00,1
919548777387151765,SOUTH SHORE CENTER FOR WELLNESS LTD,20240713,2024-07-13,wellness,1,1,44.5,44.5,0,0,778.78,0.00,778.78,1
389966452681632557,BETH ISRAEL DEACONESS HOSPITAL-NEEDHAM  INC.,20240719,2024-07-19,outpatient,1,1,44.11666666666667,44.11666666666667,0,0,1097.51,1062.51,35.00,1
719406762791431727,BRIARWOOD REHABILITATION & HEALTHCARE CENTER,20240721,2024-07-21,emergency,1,1,60.0,60.0,0,1,5308.14,5258.14,50.00,1
345242370934466119,HEBREW SENIORLIFE AFFILIATED MEDICAL GROUP INC,20240723,2024-07-23,outpatient,1,1,15.0,15.0,0,0,2307.56,1846.04,461.52,1
363458983347729064,Fitchburg Outpatient Clinic,20240724,2024-07-24,ambulatory,1,1,37.46666666666667,37.46666666666667,0,0,948.35,0.00,948.35,1
520806008221098162,FIRST PSYCHIATRIC PLANNERS  INC,20240731,2024-07-31,ambulatory,1,1,32.55,32.55,0,0,19265.15,19215.15,50.00,1
389966452681632557,BETH ISRAEL DEACONESS HOSPITAL-NEEDHAM  INC.,20240802,2024-08-02,ambulatory,1,1,229.9,229.9,0,0,3536.75,3501.75,35.00,1
244544338078735615,TEWKSBURY HOSPITAL,20240804,2024-08-04,ambulatory,1,1,15.0,15.0,0,0,12579.77,12579.77,0.00,1
410915144747947572,COOLEY DICKINSON HOSPITAL INC,20240805,2024-08-05,ambulatory,1,1,85.91666666666667,85.91666666666667,0,0,516.95,0.00,516.95,1
694540912856437675,PULMONARY INTERNISTS AND CONSULTANTS PC,20240806,2024-08-06,wellness,1,1,35.61666666666667,35.61666666666667,0,0,704.20,0.00,704.20,1
741458505160782152,LOWELL COMMUNITY HEALTH CENTER,20240811,2024-08-11,wellness,1,1,45.766666666666666,45.766666666666666,0,0,1064.92,1064.92,0.00,1
744977654436978746,THE LOWELL GENERAL HOSPITAL,20240811,2024-08-11,ambulatory,1,1,15.0,15.0,0,0,85.55,68.44,17.11,1
1003634539940818261,CHARLES RIVER COMMUNITY HEALTH  INC,20240812,2024-08-12,wellness,1,1,49.46666666666667,49.46666666666667,0,0,1064.92,1064.92,0.00,1
389966452681632557,BETH ISRAEL DEACONESS HOSPITAL-NEEDHAM  INC.,20240816,2024-08-16,outpatient,1,1,58.61666666666667,58.61666666666667,0,0,1097.51,1062.51,35.00,1
353447819048907343,CAMBRIDGE PUBLIC HEALTH COMMISSION,20240816,2024-08-16,inpatient,1,1,30240.0,30240.0,1,0,146.18,96.18,50.00,1
801031929336468325,BROCKTON HOSPITAL  INC.,20240816,2024-08-16,ambulatory,1,1,15.0,15.0,0,0,85.55,35.55,50.00,1
556944320275034302,PARADIGM HEALTHCARE  PC,20240816,2024-08-16,wellness,1,1,37.06666666666667,37.06666666666667,0,0,976.20,0.00,976.20,1
405686286755502306,BERKSHIRE MEDICAL CENTER INC,20240817,2024-08-17,ambulatory,1,1,15.05,15.05,0,0,556.42,406.42,150.00,1
340901791751100142,WP ACQUISITION SUB LLC,20240818,2024-08-18,outpatient,1,1,18.65,18.65,0,0,1356.64,0.00,1356.64,1
520806008221098162,FIRST PSYCHIATRIC PLANNERS  INC,20240822,2024-08-22,ambulatory,1,1,44.7,44.7,0,0,20626.96,20576.96,50.00,1
1041112530090421261,SACHEM CENTER FOR HEALTH & REHABILITATION,20240825,2024-08-25,emergency,1,1,60.0,60.0,0,1,937.32,887.32,50.00,1
244544338078735615,TEWKSBURY HOSPITAL,20240901,2024-09-01,ambulatory,1,1,15.0,15.0,0,0,24997.04,24997.04,0.00,1
76613554195130854,TREE OF LIFE HEALTHCARE ASSOCIATES,20240904,2024-09-04,wellness,1,1,24.833333333333332,24.833333333333332,0,0,704.20,0.00,704.20,1
410915144747947572,COOLEY DICKINSON HOSPITAL INC,20240904,2024-09-04,ambulatory,1,1,88.73333333333333,88.73333333333333,0,0,516.95,0.00,516.95,1
801031929336468325,BROCKTON HOSPITAL  INC.,20240908,2024-09-08,ambulatory,1,1,353.3666666666667,353.3666666666667,0,0,5262.35,5212.35,50.00,1
520806008221098162,FIRST PSYCHIATRIC PLANNERS  INC,20240912,2024-09-12,ambulatory,1,1,55.916666666666664,55.916666666666664,0,0,20626.96,20576.96,50.00,1
66387877495315826,NEW ENGLAND REHABILITATION SERVICES OF CENTRAL MASSACHUSETTS INC,20240918,2024-09-18,ambulatory,1,1,228.93333333333334,228.93333333333334,0,0,3105.35,0.00,3105.35,1
49658252277416711,PALMER FAMILY SERVICES LLC,20240925,2024-09-25,wellness,1,1,15.0,15.0,0,0,816.80,0.00,816.80,1
622746900524004548,WHITTIER REHABILTATION HOSPITAL,20240927,2024-09-27,ambulatory,1,1,15.0,15.0,0,0,10606.55,8485.24,2121.31,1
395615810080261442,ANNA JAQUES HOSPITAL SUBACUTE UNIT,20240928,2024-09-28,outpatient,1,1,15.0,15.0,0,0,2247.88,1798.30,449.58,1
244544338078735615,TEWKSBURY HOSPITAL,20240929,2024-09-29,ambulatory,1,1,15.0,15.0,0,0,7206.75,7206.75,0.00,1
520806008221098162,FIRST PSYCHIATRIC PLANNERS  INC,20241003,2024-10-03,ambulatory,1,1,38.8,38.8,0,0,15081.60,15031.60,50.00,1
410915144747947572,COOLEY DICKINSON HOSPITAL INC,20241004,2024-10-04,ambulatory,1,1,83.6,83.6,0,0,516.95,0.00,516.95,1
469245621271018320,LYNN URGENT CARE LLC,20241005,2024-10-05,urgentcare,1,1,52.416666666666664,52.416666666666664,0,0,1141.38,913.10,228.28,1
93679773638781409,TUFTS MEDICAL CENTER,20241006,2024-10-06,ambulatory,1,1,41.18333333333333,41.18333333333333,0,0,573.98,272.78,301.20,1
622746900524004548,WHITTIER REHABILTATION HOSPITAL,20241012,2024-10-12,outpatient,1,1,15.0,15.0,0,0,85.55,68.44,17.11,1
160559015988030201,HEALTHFIRST FAMILY CARE CENTER INC,20241015,2024-10-15,wellness,1,1,49.88333333333333,49.88333333333333,0,0,4351.68,3481.34,870.34,1
363458983347729064,Fitchburg Outpatient Clinic,20241016,2024-10-16,emergency,1,1,60.0,60.0,0,1,6117.15,4893.70,1223.45,1
363458983347729064,Fitchburg Outpatient Clinic,20241016,2024-10-16,inpatient,1,1,1440.0,1440.0,1,0,10329.29,8263.43,2065.86,1
132019786462314408,DAVIS SQUARE FAMILY PRACTICE,20241017,2024-10-17,wellness,1,1,44.4,44.4,0,0,1001.28,1001.28,0.00,1
41581407780620585,WHITTIER REHABILITATION HOSPITAL - BRADFORD,20241019,2024-10-19,outpatient,1,1,15.0,15.0,0,0,142.58,0.00,142.58,1
345242370934466119,HEBREW SENIORLIFE AFFILIATED MEDICAL GROUP INC,20241022,2024-10-22,outpatient,1,1,18.183333333333334,18.183333333333334,0,0,2092.75,1674.20,418.55,1
41581407780620585,WHITTIER REHABILITATION HOSPITAL - BRADFORD,20241023,2024-10-23,outpatient,1,1,67.26666666666667,67.26666666666667,0,0,4052.91,0.00,4052.91,1
520806008221098162,FIRST PSYCHIATRIC PLANNERS  INC,20241024,2024-10-24,ambulatory,1,1,21.95,21.95,0,0,20626.96,20576.96,50.00,1
544412707586716213,FAIRVIEW HOSPITAL,20241025,2024-10-25,wellness,1,1,38.666666666666664,38.666666666666664,0,0,1186.78,1086.78,100.00,1
244544338078735615,TEWKSBURY HOSPITAL,20241027,2024-10-27,ambulatory,1,1,15.0,15.0,0,0,11121.40,11121.40,0.00,1
815218868737845247,Causeway OPC,20241031,2024-10-31,ambulatory,1,1,15.0,15.0,0,0,85.55,0.00,85.55,1
410915144747947572,COOLEY DICKINSON HOSPITAL INC,20241103,2024-11-03,ambulatory,1,1,75.33333333333333,75.33333333333333,0,0,516.95,0.00,516.95,1
244544338078735615,TEWKSBURY HOSPITAL,20241110,2024-11-10,ambulatory,1,1,15.0,15.0,0,0,4665.96,4665.96,0.00,1
719406762791431727,BRIARWOOD REHABILITATION & HEALTHCARE CENTER,20241110,2024-11-10,emergency,1,1,360.0,360.0,0,1,146.18,96.18,50.00,1
703727186913582450,ASSOCIATED INTERNISTS OF RANDOLPH  INC.,20241117,2024-11-17,wellness,1,1,35.43333333333333,35.43333333333333,0,0,778.78,0.00,778.78,1
244544338078735615,TEWKSBURY HOSPITAL,20241117,2024-11-17,ambulatory,1,1,15.0,15.0,0,0,4665.96,4665.96,0.00,1
340901791751100142,WP ACQUISITION SUB LLC,20241117,2024-11-17,outpatient,1,1,15.0,15.0,0,0,2491.03,1082.81,1408.22,1
395615810080261442,ANNA JAQUES HOSPITAL SUBACUTE UNIT,20241120,2024-11-20,outpatient,1,1,15.0,15.0,0,0,85.55,0.00,85.55,1
520806008221098162,FIRST PSYCHIATRIC PLANNERS  INC,20241121,2024-11-21,ambulatory,1,1,47.416666666666664,47.416666666666664,0,0,8300.41,8250.41,50.00,1
814284400183858824,PRIMARY CARE NORTH PC,20241121,2024-11-21,wellness,1,1,47.61666666666667,47.61666666666667,0,0,1132.16,0.00,1132.16,1
389966452681632557,BETH ISRAEL DEACONESS HOSPITAL-NEEDHAM  INC.,20241124,2024-11-24,inpatient,1,1,4320.0,4320.0,1,0,146.18,96.18,50.00,1
741458505160782152,LOWELL COMMUNITY HEALTH CENTER,20241124,2024-11-24,emergency,1,1,60.0,60.0,0,1,3971.12,3971.12,0.00,1
557025406090317911,DILIGENCEHEALTHCARE,20241126,2024-11-26,wellness,1,1,15.0,15.0,0,0,1111.93,0.00,1111.93,1
744977654436978746,THE LOWELL GENERAL HOSPITAL,20241126,2024-11-26,ambulatory,1,1,44.0,44.0,0,0,2730.98,0.00,2730.98,1
476697113556229311,BETH ISRAEL DEACONESS HOSPITAL MILTON INC,20241201,2024-12-01,ambulatory,1,1,184.3,184.3,0,0,3536.75,2815.90,720.85,1
344701928599722495,COLONY CENTER FOR HEALTH & REHABILITATION,20241203,2024-12-03,emergency,1,1,60.0,60.0,0,1,1008.98,0.00,1008.98,1
445265032025896326,QUINCY CENTER PRIMARY CARE PC,20241204,2024-12-04,wellness,1,1,15.0,15.0,0,0,816.80,0.00,816.80,1
635544131513586331,CAMBRIDGE PUBLIC HEALTH COMMISSION,20241206,2024-12-06,ambulatory,1,1,61.333333333333336,61.333333333333336,0,0,516.95,466.95,50.00,1
439410479591029051,LOWELL FAMILY MEDICAL CARE PC,20241209,2024-12-09,wellness,1,1,47.45,47.45,0,0,1311.64,0.00,1311.64,1
654096641582644263,BL HEALTHCARE INC DELEWARE,20241212,2024-12-12,wellness,1,1,41.15,41.15,0,0,785.58,0.00,785.58,1
109016295863276866,FAMILY SERVICE ASSOCIATION OF GREATER FALL RIVER INC,20241212,2024-12-12,wellness,1,1,15.0,15.0,0,0,1503.48,0.00,1503.48,1
520806008221098162,FIRST PSYCHIATRIC PLANNERS  INC,20241215,2024-12-15,ambulatory,1,1,32.38333333333333,32.38333333333333,0,0,5263.67,5213.67,50.00,1
790885867393293671,DUTTON FAMILY CARE ASSOCIATES LLP,20241219,2024-12-19,wellness,1,1,32.03333333333333,32.03333333333333,0,0,1092.11,873.69,218.42,1
332886644979055046,MILFORD REGIONAL MEDICAL CENTER,20241219,2024-12-19,outpatient,1,1,15.0,15.0,0,0,278.58,0.00,278.58,1
744977654436978746,THE LOWELL GENERAL HOSPITAL,20241223,2024-12-23,ambulatory,1,1,229.93333333333334,229.93333333333334,0,0,3536.75,2247.47,1289.28,1
49658252277416711,PALMER FAMILY SERVICES LLC,20241225,2024-12-25,wellness,1,1,15.0,15.0,0,0,488.50,0.00,488.50,1
866549107229357074,HOPKINTON MEDICAL CARE  P.C.,20241226,2024-12-26,wellness,1,1,15.0,15.0,0,0,1376.13,157.37,1218.76,1
389966452681632557,BETH ISRAEL DEACONESS HOSPITAL-NEEDHAM  INC.,20241227,2024-12-27,outpatient,1,1,40.5,40.5,0,0,1313.21,1278.21,35.00,1
921077187397372104,RIVER'S EDGE PRIMARY CARE LLC,20241227,2024-12-27,wellness,1,1,15.0,15.0,0,0,347.38,247.38,100.00,1
222681380209834388,SOUTH SHORE HOSPITAL INC.,20241227,2024-12-27,ambulatory,1,1,15.0,15.0,0,0,85.55,0.00,85.55,1
395615810080261442,ANNA JAQUES HOSPITAL SUBACUTE UNIT,20241228,2024-12-28,outpatient,1,1,15.0,15.0,0,0,1271.32,830.66,440.66,1
39538555446517326,VNA & HOSPICE OF GREATER MILFORD,20241230,2024-12-30,emergency,1,1,120.0,120.0,0,1,146.18,111.18,35.00,1
1053862909723414558,COMPASSIONATE HEALTH CARE GROUP LLC,20241230,2024-12-30,wellness,1,1,48.63333333333333,48.63333333333333,0,0,778.78,678.78,100.00,1
93679773638781409,TUFTS MEDICAL CENTER,20250102,2025-01-02,ambulatory,1,1,171.11666666666667,171.11666666666667,0,0,3105.35,2484.28,621.07,1
389966452681632557,BETH ISRAEL DEACONESS HOSPITAL-NEEDHAM  INC.,20250103,2025-01-03,ambulatory,1,1,47.18333333333333,47.18333333333333,0,0,2805.56,2770.56,35.00,1
222681380209834388,SOUTH SHORE HOSPITAL INC.,20250104,2025-01-04,outpatient,1,1,35.43333333333333,35.43333333333333,0,0,868.65,0.00,868.65,1
244544338078735615,TEWKSBURY HOSPITAL,20250105,2025-01-05,ambulatory,1,1,15.0,15.0,0,0,1005.38,1005.38,0.00,1
520806008221098162,FIRST PSYCHIATRIC PLANNERS  INC,20250106,2025-01-06,ambulatory,1,1,32.916666666666664,32.916666666666664,0,0,5138.45,4988.45,150.00,1
396031016204066515,LYNN COMMUNITY HEALTH,20250107,2025-01-07,wellness,1,1,25.733333333333334,25.733333333333334,0,0,980.43,880.43,100.00,1
332886644979055046,MILFORD REGIONAL MEDICAL CENTER,20250109,2025-01-09,ambulatory,1,1,432.1666666666667,432.1666666666667,0,0,4830.95,3864.76,966.19,1
520806008221098162,FIRST PSYCHIATRIC PLANNERS  INC,20250109,2025-01-09,ambulatory,1,1,21.15,21.15,0,0,16741.12,16691.12,50.00,1
332886644979055046,MILFORD REGIONAL MEDICAL CENTER,20250109,2025-01-09,outpatient,1,1,15.0,15.0,0,0,278.58,222.86,55.72,1
679474484616751075,NEWBURYPORT FAMILY PRACTICE P.C.,20250111,2025-01-11,wellness,1,1,15.0,15.0,0,0,721.78,0.00,721.78,1
909182873596142954,SOUTHCOAST HOSPITAL GROUP  INC,20250113,2025-01-13,ambulatory,1,1,187.6,187.6,0,0,3105.35,3055.35,50.00,1
815218868737845247,Causeway OPC,20250116,2025-01-16,wellness,1,1,34.516666666666666,34.516666666666666,0,0,914.78,731.82,182.96,1
332886644979055046,MILFORD REGIONAL MEDICAL CENTER,20250116,2025-01-16,ambulatory,1,1,70.75,70.75,0,0,1379.75,1103.80,275.95,1
389966452681632557,BETH ISRAEL DEACONESS HOSPITAL-NEEDHAM  INC.,20250117,2025-01-17,outpatient,1,1,35.7,35.7,0,0,1097.51,1062.51,35.00,1
222681380209834388,SOUTH SHORE HOSPITAL INC.,20250118,2025-01-18,ambulatory,1,1,167.46666666666667,167.46666666666667,0,0,3105.35,0.00,3105.35,1
622746900524004548,WHITTIER REHABILTATION HOSPITAL,20250121,2025-01-21,ambulatory,1,1,205.8,205.8,0,0,3536.75,3486.75,50.00,1
410915144747947572,COOLEY DICKINSON HOSPITAL INC,20250121,2025-01-21,ambulatory,1,1,72.0,72.0,0,0,516.95,0.00,516.95,1
345242370934466119,HEBREW SENIORLIFE AFFILIATED MEDICAL GROUP INC,20250121,2025-01-21,outpatient,1,1,15.0,15.0,0,0,1645.12,1316.09,329.03,1
909182873596142954,SOUTHCOAST HOSPITAL GROUP  INC,20250125,2025-01-25,ambulatory,1,1,15.0,15.0,0,0,85.55,35.55,50.00,1
1108258114602746895,CAMBRIDGE REHABILITATION & NURSING CENTER,20250126,2025-01-26,emergency,1,1,900.0,900.0,0,1,146.18,96.18,50.00,1
340901791751100142,WP ACQUISITION SUB LLC,20250128,2025-01-28,outpatient,1,1,23.283333333333335,23.283333333333335,0,0,4052.91,2837.04,1215.87,1
801031929336468325,BROCKTON HOSPITAL  INC.,20250129,2025-01-29,ambulatory,1,1,15.0,15.0,0,0,85.55,0.00,85.55,1
921077187397372104,RIVER'S EDGE PRIMARY CARE LLC,20250131,2025-01-31,wellness,1,1,15.0,15.0,0,0,272.80,272.80,0.00,1
520806008221098162,FIRST PSYCHIATRIC PLANNERS  INC,20250201,2025-02-01,ambulatory,1,1,17.25,17.25,0,0,5263.67,5113.67,150.00,1
635544131513586331,CAMBRIDGE PUBLIC HEALTH COMMISSION,20250202,2025-02-02,ambulatory,1,1,78.36666666666666,78.36666666666666,0,0,516.95,466.95,50.00,1
721972786242253874,BOSTON MEDICAL CENTER CORPORATION-,20250202,2025-02-02,ambulatory,1,1,15.0,15.0,0,0,85.55,0.00,85.55,1
332886644979055046,MILFORD REGIONAL MEDICAL CENTER,20250206,2025-02-06,ambulatory,1,1,42.18333333333333,42.18333333333333,0,0,516.95,413.56,103.39,1
93679773638781409,TUFTS MEDICAL CENTER,20250208,2025-02-08,ambulatory,1,1,42.016666666666666,42.016666666666666,0,0,573.98,459.18,114.80,1
29818448345197287,GREATER LAWRENCE FAMILY HEALTH CENTER INC,20250208,2025-02-08,wellness,1,1,56.71666666666667,56.71666666666667,0,0,1006.93,906.93,100.00,1
249985492892219599,WHITLEY WELLNESS LLC,20250210,2025-02-10,wellness,1,1,29.95,29.95,0,0,1055.90,0.00,1055.90,1
389966452681632557,BETH ISRAEL DEACONESS HOSPITAL-NEEDHAM  INC.,20250214,2025-02-14,outpatient,1,1,31.5,31.5,0,0,1097.51,1062.51,35.00,1
340901791751100142,WP ACQUISITION SUB LLC,20250216,2025-02-16,outpatient,1,1,18.266666666666666,18.266666666666666,0,0,1250.85,875.60,375.25,1
332886644979055046,MILFORD REGIONAL MEDICAL CENTER,20250220,2025-02-20,outpatient,1,1,15.0,15.0,0,0,85.55,48.93,36.62,1
472226794892644975,HAVERHILL FAMILY OFFICE LLC,20250220,2025-02-20,wellness,1,1,28.483333333333334,28.483333333333334,0,0,914.78,0.00,914.78,1
476697113556229311,BETH ISRAEL DEACONESS HOSPITAL MILTON INC,20250222,2025-02-22,ambulatory,1,1,43.61666666666667,43.61666666666667,0,0,5138.45,4110.76,1027.69,1
721972786242253874,BOSTON MEDICAL CENTER CORPORATION-,20250224,2025-02-24,ambulatory,1,1,197.5,197.5,0,0,3105.35,2474.46,630.89,1
520806008221098162,FIRST PSYCHIATRIC PLANNERS  INC,20250224,2025-02-24,ambulatory,1,1,51.88333333333333,51.88333333333333,0,0,20626.96,20576.96,50.00,1
969560228442772145,FAMILY PRACTICE GROUP PC,20250225,2025-02-25,wellness,1,1,15.0,15.0,0,0,1104.78,0.00,1104.78,1
969560228442772145,FAMILY PRACTICE GROUP PC,20250226,2025-02-26,wellness,1,1,36.38333333333333,36.38333333333333,0,0,981.58,981.58,0.00,1
969560228442772145,FAMILY PRACTICE GROUP PC,20250303,2025-03-03,wellness,1,1,18.233333333333334,18.233333333333334,0,0,704.20,704.20,0.00,1
340901791751100142,WP ACQUISITION SUB LLC,20250306,2025-03-06,ambulatory,1,1,253.1,253.1,0,0,3968.15,2843.90,1124.25,1
846294596561620579,WESTFORD INTERNAL MEDICINE PC,20250314,2025-03-14,wellness,1,1,15.0,15.0,0,0,966.75,0.00,966.75,1
622746900524004548,WHITTIER REHABILTATION HOSPITAL,20250314,2025-03-14,ambulatory,1,1,15.0,15.0,0,0,2715.80,2665.80,50.00,1
137002283324145083,STURDY MEMORIAL HOSPITAL INC,20250314,2025-03-14,outpatient,1,1,15.0,15.0,0,0,142.58,0.00,142.58,1
137002283324145083,STURDY MEMORIAL HOSPITAL INC,20250317,2025-03-17,outpatient,1,1,63.56666666666667,63.56666666666667,0,0,7054.90,1289.36,5765.54,1
520806008221098162,FIRST PSYCHIATRIC PLANNERS  INC,20250321,2025-03-21,ambulatory,1,1,16.633333333333333,16.633333333333333,0,0,18091.34,18041.34,50.00,1
334510102683813647,BOSTON MEDICAL CENTER CORPORATION-,20250323,2025-03-23,wellness,1,1,15.0,15.0,0,0,1567.00,0.00,1567.00,1
469245621271018320,LYNN URGENT CARE LLC,20250325,2025-03-25,urgentcare,1,1,15.0,15.0,0,0,1436.78,1386.78,50.00,1
325447081691567298,PALM SKILLED  NRSING CR & CTR FOR REHAB EXCELLENCE,20250326,2025-03-26,emergency,1,1,60.0,60.0,0,1,146.18,0.00,146.18,1
623047219859228790,GARDEN STATE HEALTHCARE ASSOCIATES LLC,20250328,2025-03-28,wellness,1,1,39.43333333333333,39.43333333333333,0,0,1210.18,783.56,426.62,1
395615810080261442,ANNA JAQUES HOSPITAL SUBACUTE UNIT,20250329,2025-03-29,outpatient,1,1,15.0,15.0,0,0,1250.85,1000.68,250.17,1
345242370934466119,HEBREW SENIORLIFE AFFILIATED MEDICAL GROUP INC,20250330,2025-03-30,ambulatory,1,1,162.93333333333334,162.93333333333334,0,0,2673.95,0.00,2673.95,1
683258316057948949,STEWARD ST. ANNES HOSPITAL CORPORATION,20250401,2025-04-01,outpatient,1,1,15.0,15.0,0,0,142.58,114.06,28.52,1
921077187397372104,RIVER'S EDGE PRIMARY CARE LLC,20250404,2025-04-04,wellness,1,1,15.0,15.0,0,0,816.80,816.80,0.00,1
519045679495899753,HANOVER FAMILY HEALTH & URGENT CARE PC,20250406,2025-04-06,urgentcare,1,1,57.28333333333333,57.28333333333333,0,0,797.72,747.72,50.00,1
622746900524004548,WHITTIER REHABILTATION HOSPITAL,20250408,2025-04-08,ambulatory,1,1,196.18333333333334,196.18333333333334,0,0,3105.35,3055.35,50.00,1
395615810080261442,ANNA JAQUES HOSPITAL SUBACUTE UNIT,20250411,2025-04-11,ambulatory,1,1,403.18333333333334,403.18333333333334,0,0,4830.95,3864.76,966.19,1
520806008221098162,FIRST PSYCHIATRIC PLANNERS  INC,20250414,2025-04-14,ambulatory,1,1,20.15,20.15,0,0,9497.24,9447.24,50.00,1
654771330264239386,LIFE CARE CENTER OF ATTLEBORO,20250415,2025-04-15,emergency,1,1,60.0,60.0,0,1,4140.89,2484.54,1656.35,1
58830663438005741,SUNRISE HEALTHCARE LLC,20250416,2025-04-16,wellness,1,1,40.06666666666667,40.06666666666667,0,0,1091.10,0.00,1091.10,1
389966452681632557,BETH ISRAEL DEACONESS HOSPITAL-NEEDHAM  INC.,20250418,2025-04-18,outpatient,1,1,40.03333333333333,40.03333333333333,0,0,1097.51,1062.51,35.00,1
345242370934466119,HEBREW SENIORLIFE AFFILIATED MEDICAL GROUP INC,20250422,2025-04-22,outpatient,1,1,16.75,16.75,0,0,1250.85,814.28,436.57,1
41581407780620585,WHITTIER REHABILITATION HOSPITAL - BRADFORD,20250430,2025-04-30,ambulatory,1,1,218.46666666666667,218.46666666666667,0,0,3536.75,1643.25,1893.50,1
164982158369714689,A&A HEALTHCARE LLC,20250430,2025-04-30,wellness,1,1,56.3,56.3,0,0,1305.17,1305.17,0.00,1
707379980990907332,BOSTONIAN NURSING CARE & REHABILITATION CTR  THE,20250510,2025-05-10,emergency,1,1,60.0,60.0,0,1,146.18,0.00,146.18,1
520806008221098162,FIRST PSYCHIATRIC PLANNERS  INC,20250510,2025-05-10,ambulatory,1,1,31.783333333333335,31.783333333333335,0,0,11195.67,11145.67,50.00,1
476697113556229311,BETH ISRAEL DEACONESS HOSPITAL MILTON INC,20250513,2025-05-13,ambulatory,1,1,15.0,15.0,0,0,142.58,0.00,142.58,1
41581407780620585,WHITTIER REHABILITATION HOSPITAL - BRADFORD,20250516,2025-05-16,ambulatory,1,1,15.0,15.0,0,0,85.55,51.33,34.22,1
376833142676655002,HOLISTIC FAMILY PRACTICE  INC.,20250517,2025-05-17,wellness,1,1,35.65,35.65,0,0,1037.93,830.34,207.59,1
340901791751100142,WP ACQUISITION SUB LLC,20250518,2025-05-18,outpatient,1,1,15.0,15.0,0,0,3522.81,0.00,3522.81,1
587757060655614946,CLARITY HEALTH & WELLNESS LLC,20250519,2025-05-19,wellness,1,1,31.983333333333334,31.983333333333334,0,0,704.20,604.20,100.00,1
924438841780828326,CENTER FOR DIGESTIVE WELLNESS PC,20250520,2025-05-20,wellness,1,1,15.6,15.6,0,0,1055.90,0.00,1055.90,1
93679773638781409,TUFTS MEDICAL CENTER,20250524,2025-05-24,ambulatory,2,1,23.066666666666666,23.066666666666666,0,0,4506.73,3605.38,901.35,1
93679773638781409,TUFTS MEDICAL CENTER,20250524,2025-05-24,virtual,1,1,43.266666666666666,43.266666666666666,0,0,556.40,445.12,111.28,1
679818074188163933,ARBOUR-FULLER HOSPITAL,20250524,2025-05-24,outpatient,1,1,48.65,48.65,0,0,797.97,478.78,319.19,1
222681380209834388,SOUTH SHORE HOSPITAL INC.,20250529,2025-05-29,ambulatory,1,1,42.45,42.45,0,0,33131.11,16222.27,16908.84,1
1037822919216517364,ANNA JAQUES HOSPITAL SUBACUTE UNIT,20250531,2025-05-31,ambulatory,1,1,330.05,330.05,0,0,4399.55,3519.64,879.91,1
679818074188163933,ARBOUR-FULLER HOSPITAL,20250531,2025-05-31,ambulatory,1,1,17.433333333333334,17.433333333333334,0,0,3368.75,2021.25,1347.50,1
264175530648959689,SIGNATURE HEALTHCARE MEDICAL GROUP INC,20250601,2025-06-01,wellness,1,1,33.06666666666667,33.06666666666667,0,0,1067.77,1067.77,0.00,1
239726299069476648,PERSONALIZED MEDICAL CARE LLC,20250603,2025-06-03,wellness,1,1,15.566666666666666,15.566666666666666,0,0,1746.25,1397.00,349.25,1
635544131513586331,CAMBRIDGE PUBLIC HEALTH COMMISSION,20250603,2025-06-03,ambulatory,1,1,64.95,64.95,0,0,516.95,366.95,150.00,1
520806008221098162,FIRST PSYCHIATRIC PLANNERS  INC,20250604,2025-06-04,ambulatory,1,1,40.7,40.7,0,0,5263.67,5213.67,50.00,1
921077187397372104,RIVER'S EDGE PRIMARY CARE LLC,20250606,2025-06-06,wellness,1,1,15.0,15.0,0,0,816.80,816.80,0.00,1
353447819048907343,CAMBRIDGE PUBLIC HEALTH COMMISSION,20250609,2025-06-09,ambulatory,3,1,22.566666666666666,17.816666666666666,0,0,9921.62,9816.62,105.00,1
814284400183858824,PRIMARY CARE NORTH PC,20250614,2025-06-14,wellness,1,1,37.05,37.05,0,0,1496.84,1015.64,481.20,1
801031929336468325,BROCKTON HOSPITAL  INC.,20250615,2025-06-15,ambulatory,1,1,209.13333333333333,209.13333333333333,0,0,3105.35,3055.35,50.00,1
559102553183312747,HEBREW REHABILITATION CENTER,20250617,2025-06-17,ambulatory,1,1,205.93333333333334,205.93333333333334,0,0,3968.15,3174.52,793.63,1
723111811226363721,CHESTNUT WOODS REHABILITATION AND HEALTHCARE CTR,20250621,2025-06-21,snf,1,1,14415.0,14415.0,0,0,7013.32,5610.66,1402.66,1
723111811226363721,CHESTNUT WOODS REHABILITATION AND HEALTHCARE CTR,20250621,2025-06-21,emergency,1,1,119.0,119.0,0,1,1008.98,807.18,201.80,1
49658252277416711,PALMER FAMILY SERVICES LLC,20250625,2025-06-25,wellness,1,1,15.0,15.0,0,0,827.37,661.90,165.47,1
520806008221098162,FIRST PSYCHIATRIC PLANNERS  INC,20250626,2025-06-26,ambulatory,1,1,37.65,37.65,0,0,9511.77,9461.77,50.00,1
395615810080261442,ANNA JAQUES HOSPITAL SUBACUTE UNIT,20250628,2025-06-28,outpatient,1,1,15.0,15.0,0,0,3485.23,2788.18,697.05,1
635544131513586331,CAMBRIDGE PUBLIC HEALTH COMMISSION,20250703,2025-07-03,ambulatory,1,1,62.766666666666666,62.766666666666666,0,0,516.95,466.95,50.00,1
1100386330438199965,WALTHAM WESTON INTERNAL MEDICINE ASSOCIATES  P.C.,20250704,2025-07-04,wellness,1,1,33.1,33.1,0,0,1284.76,1284.76,0.00,1
1031243542611916810,ENCOMPASS HEALTH REHABILITATION HOSP OF NEW ENGLAN,20250707,2025-07-07,outpatient,1,1,55.766666666666666,55.766666666666666,0,0,15783.94,15733.94,50.00,1
389966452681632557,BETH ISRAEL DEACONESS HOSPITAL-NEEDHAM  INC.,20250707,2025-07-07,ambulatory,1,1,15.0,15.0,0,0,85.55,50.55,35.00,1
410915144747947572,COOLEY DICKINSON HOSPITAL INC,20250710,2025-07-10,ambulatory,1,1,68.73333333333333,68.73333333333333,0,0,516.95,0.00,516.95,1
622746900524004548,WHITTIER REHABILTATION HOSPITAL,20250712,2025-07-12,ambulatory,1,1,258.18333333333334,258.18333333333334,0,0,3105.35,2484.28,621.07,1
41581407780620585,WHITTIER REHABILITATION HOSPITAL - BRADFORD,20250715,2025-07-15,ambulatory,1,1,15.0,15.0,0,0,85.55,51.33,34.22,1
911597834911837993,THOMAS UPHAM HOUSE,20250718,2025-07-18,emergency,1,1,60.0,60.0,0,1,1834.96,1799.96,35.00,1
919548777387151765,SOUTH SHORE CENTER FOR WELLNESS LTD,20250719,2025-07-19,wellness,1,1,49.86666666666667,49.86666666666667,0,0,568.20,568.20,0.00,1
520806008221098162,FIRST PSYCHIATRIC PLANNERS  INC,20250719,2025-07-19,ambulatory,1,1,20.933333333333334,20.933333333333334,0,0,8826.21,8776.21,50.00,1
345242370934466119,HEBREW SENIORLIFE AFFILIATED MEDICAL GROUP INC,20250722,2025-07-22,outpatient,1,1,16.333333333333332,16.333333333333332,0,0,1250.85,1000.68,250.17,1
911597834911837993,THOMAS UPHAM HOUSE,20250725,2025-07-25,emergency,1,1,60.0,60.0,0,1,146.18,111.18,35.00,1
27218670281353963,MEDFORD VISITING NURSING ASSOCIATION,20250731,2025-07-31,hospice,1,1,20175.0,20175.0,0,0,8334.13,8184.13,150.00,1
389966452681632557,BETH ISRAEL DEACONESS HOSPITAL-NEEDHAM  INC.,20250801,2025-08-01,ambulatory,1,1,45.266666666666666,45.266666666666666,0,0,2805.56,2770.56,35.00,1
635544131513586331,CAMBRIDGE PUBLIC HEALTH COMMISSION,20250802,2025-08-02,ambulatory,1,1,85.56666666666666,85.56666666666666,0,0,516.95,466.95,50.00,1
635544131513586331,CAMBRIDGE PUBLIC HEALTH COMMISSION,20250808,2025-08-08,ambulatory,1,1,15.0,15.0,0,0,85.55,35.55,50.00,1
622746900524004548,WHITTIER REHABILTATION HOSPITAL,20250809,2025-08-09,ambulatory,1,1,15.0,15.0,0,0,85.55,68.44,17.11,1
694540912856437675,PULMONARY INTERNISTS AND CONSULTANTS PC,20250812,2025-08-12,wellness,1,1,32.016666666666666,32.016666666666666,0,0,778.78,0.00,778.78,1
520806008221098162,FIRST PSYCHIATRIC PLANNERS  INC,20250815,2025-08-15,ambulatory,1,1,24.4,24.4,0,0,15340.83,15290.83,50.00,1
741458505160782152,LOWELL COMMUNITY HEALTH CENTER,20250817,2025-08-17,wellness,1,1,40.416666666666664,40.416666666666664,0,0,785.58,0.00,785.58,1
340901791751100142,WP ACQUISITION SUB LLC,20250817,2025-08-17,outpatient,1,1,18.316666666666666,18.316666666666666,0,0,2916.32,1357.39,1558.93,1
1003634539940818261,CHARLES RIVER COMMUNITY HEALTH  INC,20250818,2025-08-18,wellness,1,1,55.46666666666667,55.46666666666667,0,0,785.58,785.58,0.00,1
389966452681632557,BETH ISRAEL DEACONESS HOSPITAL-NEEDHAM  INC.,20250820,2025-08-20,inpatient,1,1,34560.0,34560.0,1,0,146.18,0.00,146.18,1
353447819048907343,CAMBRIDGE PUBLIC HEALTH COMMISSION,20250821,2025-08-21,ambulatory,1,1,33.833333333333336,33.833333333333336,0,0,5138.45,5088.45,50.00,1
66387877495315826,NEW ENGLAND REHABILITATION SERVICES OF CENTRAL MASSACHUSETTS INC,20250822,2025-08-22,outpatient,1,1,15.0,15.0,0,0,85.55,0.00,85.55,1
556944320275034302,PARADIGM HEALTHCARE  PC,20250822,2025-08-22,wellness,1,1,37.75,37.75,0,0,849.22,0.00,849.22,1
244544338078735615,TEWKSBURY HOSPITAL,20250824,2025-08-24,ambulatory,1,1,74.06666666666666,74.06666666666666,0,0,1708.01,0.00,1708.01,1
66387877495315826,NEW ENGLAND REHABILITATION SERVICES OF CENTRAL MASSACHUSETTS INC,20250825,2025-08-25,ambulatory,1,1,42.31666666666667,42.31666666666667,0,0,17856.89,7109.06,10747.83,1
565804414476228962,FRANCISCAN HOSPITAL FOR CHILDREN INC,20250825,2025-08-25,ambulatory,1,1,68.25,68.25,0,0,967.28,917.28,50.00,1
683258316057948949,STEWARD ST. ANNES HOSPITAL CORPORATION,20250826,2025-08-26,ambulatory,1,1,29.0,29.0,0,0,5138.45,3924.36,1214.09,1
392549857133219292,CAPE COD HOSPITAL INC,20250826,2025-08-26,ambulatory,1,1,217.96666666666667,217.96666666666667,0,0,2673.95,0.00,2673.95,1
66387877495315826,NEW ENGLAND REHABILITATION SERVICES OF CENTRAL MASSACHUSETTS INC,20250828,2025-08-28,ambulatory,1,1,59.7,59.7,0,0,17856.89,17856.89,0.00,1
801031929336468325,BROCKTON HOSPITAL  INC.,20250831,2025-08-31,outpatient,1,1,53.1,53.1,0,0,1092.39,1042.39,50.00,1
66387877495315826,NEW ENGLAND REHABILITATION SERVICES OF CENTRAL MASSACHUSETTS INC,20250831,2025-08-31,ambulatory,1,1,51.2,51.2,0,0,4571.15,4571.15,0.00,1
392549857133219292,CAPE COD HOSPITAL INC,20250902,2025-09-02,ambulatory,1,1,15.0,15.0,0,0,85.55,0.00,85.55,1
635544131513586331,CAMBRIDGE PUBLIC HEALTH COMMISSION,20250902,2025-09-02,ambulatory,1,1,69.78333333333333,69.78333333333333,0,0,516.95,466.95,50.00,1
921077187397372104,RIVER'S EDGE PRIMARY CARE LLC,20250905,2025-09-05,wellness,1,1,15.0,15.0,0,0,816.80,816.80,0.00,1
93679773638781409,TUFTS MEDICAL CENTER,20250905,2025-09-05,ambulatory,1,1,40.9,40.9,0,0,573.98,459.18,114.80,1
520806008221098162,FIRST PSYCHIATRIC PLANNERS  INC,20250905,2025-09-05,ambulatory,1,1,24.666666666666668,24.666666666666668,0,0,5263.67,5213.67,50.00,1
244544338078735615,TEWKSBURY HOSPITAL,20250907,2025-09-07,ambulatory,1,1,236.83333333333334,236.83333333333334,0,0,3105.35,14.91,3090.44,1
76613554195130854,TREE OF LIFE HEALTHCARE ASSOCIATES,20250910,2025-09-10,wellness,1,1,51.45,51.45,0,0,1567.00,1567.00,0.00,1
41581407780620585,WHITTIER REHABILITATION HOSPITAL - BRADFORD,20250913,2025-09-13,ambulatory,1,1,15.0,15.0,0,0,85.55,51.33,34.22,1
801031929336468325,BROCKTON HOSPITAL  INC.,20250914,2025-09-14,ambulatory,1,1,197.55,197.55,0,0,3105.35,3055.35,50.00,1
66387877495315826,NEW ENGLAND REHABILITATION SERVICES OF CENTRAL MASSACHUSETTS INC,20250917,2025-09-17,ambulatory,1,1,41.0,41.0,0,0,15798.93,15798.93,0.00,1
66387877495315826,NEW ENGLAND REHABILITATION SERVICES OF CENTRAL MASSACHUSETTS INC,20250920,2025-09-20,ambulatory,1,1,46.95,46.95,0,0,17856.89,17856.89,0.00,1
66387877495315826,NEW ENGLAND REHABILITATION SERVICES OF CENTRAL MASSACHUSETTS INC,20250923,2025-09-23,ambulatory,1,1,48.3,48.3,0,0,17856.89,17856.89,0.00,1
395615810080261442,ANNA JAQUES HOSPITAL SUBACUTE UNIT,20250927,2025-09-27,outpatient,1,1,15.0,15.0,0,0,2984.14,2387.31,596.83,1
66387877495315826,NEW ENGLAND REHABILITATION SERVICES OF CENTRAL MASSACHUSETTS INC,20251001,2025-10-01,ambulatory,1,1,259.55,259.55,0,0,3536.75,3536.75,0.00,1
520806008221098162,FIRST PSYCHIATRIC PLANNERS  INC,20251002,2025-10-02,ambulatory,1,1,58.333333333333336,58.333333333333336,0,0,5263.67,5213.67,50.00,1
731363611095087029,KATZMAN FAMILY CENTER FOR LIVING,20251005,2025-10-05,emergency,1,1,60.0,60.0,0,1,146.18,116.94,29.24,1
801031929336468325,BROCKTON HOSPITAL  INC.,20251005,2025-10-05,outpatient,1,1,43.03333333333333,43.03333333333333,0,0,1551.43,1501.43,50.00,1
332886644979055046,MILFORD REGIONAL MEDICAL CENTER,20251006,2025-10-06,ambulatory,1,1,72.03333333333333,72.03333333333333,0,0,516.95,366.95,150.00,1
721972786242253874,BOSTON MEDICAL CENTER CORPORATION-,20251007,2025-10-07,ambulatory,1,1,15.0,15.0,0,0,142.58,114.06,28.52,1
66387877495315826,NEW ENGLAND REHABILITATION SERVICES OF CENTRAL MASSACHUSETTS INC,20251008,2025-10-08,ambulatory,1,1,47.56666666666667,47.56666666666667,0,0,6528.24,6528.24,0.00,1
66387877495315826,NEW ENGLAND REHABILITATION SERVICES OF CENTRAL MASSACHUSETTS INC,20251011,2025-10-11,ambulatory,1,1,56.5,56.5,0,0,7872.28,7872.28,0.00,1
160559015988030201,HEALTHFIRST FAMILY CARE CENTER INC,20251021,2025-10-21,wellness,1,1,40.766666666666666,40.766666666666666,0,0,7191.58,5753.25,1438.33,1
345242370934466119,HEBREW SENIORLIFE AFFILIATED MEDICAL GROUP INC,20251021,2025-10-21,outpatient,1,1,15.0,15.0,0,0,1250.85,1000.68,250.17,1
744977654436978746,THE LOWELL GENERAL HOSPITAL,20251022,2025-10-22,ambulatory,1,1,44.0,44.0,0,0,2730.98,0.00,2730.98,1
132019786462314408,DAVIS SQUARE FAMILY PRACTICE,20251023,2025-10-23,wellness,1,1,47.333333333333336,47.333333333333336,0,0,1858.96,1858.96,0.00,1
520806008221098162,FIRST PSYCHIATRIC PLANNERS  INC,20251029,2025-10-29,ambulatory,1,1,35.733333333333334,35.733333333333334,0,0,5263.67,5213.67,50.00,1
332886644979055046,MILFORD REGIONAL MEDICAL CENTER,20251105,2025-11-05,ambulatory,1,1,71.3,71.3,0,0,516.95,466.95,50.00,1
340901791751100142,WP ACQUISITION SUB LLC,20251116,2025-11-16,outpatient,1,1,18.283333333333335,18.283333333333335,0,0,2979.21,2085.45,893.76,1
703727186913582450,ASSOCIATED INTERNISTS OF RANDOLPH  INC.,20251123,2025-11-23,wellness,1,1,38.86666666666667,38.86666666666667,0,0,919.90,112.38,807.52,1
520806008221098162,FIRST PSYCHIATRIC PLANNERS  INC,20251124,2025-11-24,ambulatory,1,1,48.266666666666666,48.266666666666666,0,0,5263.67,5213.67,50.00,1
814284400183858824,PRIMARY CARE NORTH PC,20251127,2025-11-27,wellness,1,1,32.666666666666664,32.666666666666664,0,0,785.58,0.00,785.58,1
801031929336468325,BROCKTON HOSPITAL  INC.,20251130,2025-11-30,outpatient,1,1,47.1,47.1,0,0,1603.49,1553.49,50.00,1
557025406090317911,DILIGENCEHEALTHCARE,20251202,2025-12-02,wellness,1,1,15.0,15.0,0,0,919.90,0.00,919.90,1
921077187397372104,RIVER'S EDGE PRIMARY CARE LLC,20251205,2025-12-05,wellness,1,1,15.0,15.0,0,0,136.80,136.80,0.00,1
332886644979055046,MILFORD REGIONAL MEDICAL CENTER,20251205,2025-12-05,ambulatory,1,1,86.8,86.8,0,0,516.95,466.95,50.00,1
476697113556229311,BETH ISRAEL DEACONESS HOSPITAL MILTON INC,20251207,2025-12-07,ambulatory,1,1,216.56666666666666,216.56666666666666,0,0,2673.95,2139.16,534.79,1
445265032025896326,QUINCY CENTER PRIMARY CARE PC,20251210,2025-12-10,wellness,1,1,15.0,15.0,0,0,1210.18,0.00,1210.18,1
801031929336468325,BROCKTON HOSPITAL  INC.,20251214,2025-12-14,ambulatory,1,1,171.41666666666666,171.41666666666666,0,0,3536.75,3486.75,50.00,1
439410479591029051,LOWELL FAMILY MEDICAL CARE PC,20251215,2025-12-15,wellness,1,1,41.28333333333333,41.28333333333333,0,0,1644.16,4.51,1639.65,1
520806008221098162,FIRST PSYCHIATRIC PLANNERS  INC,20251215,2025-12-15,ambulatory,1,1,26.983333333333334,26.983333333333334,0,0,5263.67,5213.67,50.00,1
801031929336468325,BROCKTON HOSPITAL  INC.,20251216,2025-12-16,ambulatory,1,1,226.26666666666668,226.26666666666668,0,0,3105.35,0.00,3105.35,1
654096641582644263,BL HEALTHCARE INC DELEWARE,20251218,2025-12-18,wellness,1,1,52.63333333333333,52.63333333333333,0,0,1069.06,0.00,1069.06,1
109016295863276866,FAMILY SERVICE ASSOCIATION OF GREATER FALL RIVER INC,20251218,2025-12-18,wellness,1,1,15.0,15.0,0,0,919.90,0.00,919.90,1
49658252277416711,PALMER FAMILY SERVICES LLC,20251224,2025-12-24,wellness,1,1,15.0,15.0,0,0,272.80,0.00,272.80,1
790885867393293671,DUTTON FAMILY CARE ASSOCIATES LLP,20251225,2025-12-25,wellness,1,1,32.083333333333336,32.083333333333336,0,0,778.78,623.02,155.76,1
1108258114602746895,CAMBRIDGE REHABILITATION & NURSING CENTER,20251227,2025-12-27,emergency,1,1,60.0,60.0,0,1,8155.61,8105.61,50.00,1
395615810080261442,ANNA JAQUES HOSPITAL SUBACUTE UNIT,20251227,2025-12-27,outpatient,1,1,55.4,55.4,0,0,727.53,0.00,727.53,1
721972786242253874,BOSTON MEDICAL CENTER CORPORATION-,20251228,2025-12-28,ambulatory,1,1,15.0,15.0,0,0,85.55,0.00,85.55,1
44500129533123678,SOUTHCOAST HOSPITALS GROUP INC,20260101,2026-01-01,ambulatory,1,1,199.86666666666667,199.86666666666667,0,0,3536.75,0.00,3536.75,1
137002283324145083,STURDY MEMORIAL HOSPITAL INC,20260101,2026-01-01,ambulatory,1,1,383.7,383.7,0,0,4830.95,117.50,4713.45,1
866549107229357074,HOPKINTON MEDICAL CARE  P.C.,20260101,2026-01-01,wellness,1,1,15.0,15.0,0,0,840.20,0.00,840.20,1
93679773638781409,TUFTS MEDICAL CENTER,20260101,2026-01-01,ambulatory,1,1,37.06666666666667,37.06666666666667,0,0,573.98,459.18,114.80,1
395615810080261442,ANNA JAQUES HOSPITAL SUBACUTE UNIT,20260103,2026-01-03,outpatient,1,1,15.0,15.0,0,0,4575.68,3284.07,1291.61,1
801031929336468325,BROCKTON HOSPITAL  INC.,20260104,2026-01-04,outpatient,1,1,35.65,35.65,0,0,740.69,690.69,50.00,1
520806008221098162,FIRST PSYCHIATRIC PLANNERS  INC,20260105,2026-01-05,ambulatory,1,1,47.13333333333333,47.13333333333333,0,0,5263.67,5213.67,50.00,1
1053862909723414558,COMPASSIONATE HEALTH CARE GROUP LLC,20260105,2026-01-05,wellness,1,1,33.2,33.2,0,0,1298.33,1198.33,100.00,1
582932907736801785,ENCOMPASS HEALTH REHAB HOSPITAL OF WESTERN MASS,20260106,2026-01-06,virtual,1,1,15.0,15.0,0,0,75.00,0.00,75.00,1
93679773638781409,TUFTS MEDICAL CENTER,20260108,2026-01-08,ambulatory,1,1,316.98333333333335,316.98333333333335,0,0,4830.95,3864.76,966.19,1
257485178825861130,URGENT CARE MEDICAL ASSOCIATES  LLC,20260109,2026-01-09,urgentcare,1,1,53.916666666666664,53.916666666666664,0,0,1506.24,1471.24,35.00,1
1037822919216517364,ANNA JAQUES HOSPITAL SUBACUTE UNIT,20260110,2026-01-10,ambulatory,1,1,15.0,15.0,0,0,85.55,68.44,17.11,1
396031016204066515,LYNN COMMUNITY HEALTH,20260113,2026-01-13,wellness,1,1,15.0,15.0,0,0,1483.77,1383.77,100.00,1
679474484616751075,NEWBURYPORT FAMILY PRACTICE P.C.,20260117,2026-01-17,wellness,1,1,15.0,15.0,0,0,704.20,0.00,704.20,1
801031929336468325,BROCKTON HOSPITAL  INC.,20260118,2026-01-18,ambulatory,1,1,367.73333333333335,367.73333333333335,0,0,4399.55,4349.55,50.00,1
345242370934466119,HEBREW SENIORLIFE AFFILIATED MEDICAL GROUP INC,20260120,2026-01-20,outpatient,1,1,15.0,15.0,0,0,4479.23,3583.38,895.85,1
815218868737845247,Causeway OPC,20260122,2026-01-22,wellness,1,1,35.68333333333333,35.68333333333333,0,0,1291.56,1033.24,258.32,1
582932907736801785,ENCOMPASS HEALTH REHAB HOSPITAL OF WESTERN MASS,20260122,2026-01-22,ambulatory,1,1,34.1,34.1,0,0,516.95,466.95,50.00,1
1037822919216517364,ANNA JAQUES HOSPITAL SUBACUTE UNIT,20260124,2026-01-24,ambulatory,1,1,214.25,214.25,0,0,3536.75,1766.95,1769.80,1
721972786242253874,BOSTON MEDICAL CENTER CORPORATION-,20260126,2026-01-26,ambulatory,1,1,15.0,15.0,0,0,142.58,0.00,142.58,1
520806008221098162,FIRST PSYCHIATRIC PLANNERS  INC,20260130,2026-01-30,ambulatory,1,1,23.066666666666666,23.066666666666666,0,0,5263.67,5113.67,150.00,1
815218868737845247,Causeway OPC,20260205,2026-02-05,ambulatory,1,1,178.65,178.65,0,0,3105.35,2484.28,621.07,1
389966452681632557,BETH ISRAEL DEACONESS HOSPITAL-NEEDHAM  INC.,20260206,2026-02-06,outpatient,1,1,43.46666666666667,43.46666666666667,0,0,1494.52,1459.52,35.00,1
262742267247519472,ART OF CARE INC,20260210,2026-02-10,emergency,1,1,60.0,60.0,0,1,4140.89,4090.89,50.00,1
102665420104747686,MASS GENERAL BRIGHAM URGENT CARE LLC,20260210,2026-02-10,urgentcare,1,1,16.6,16.6,0,0,925.68,0.00,925.68,1
565804414476228962,FRANCISCAN HOSPITAL FOR CHILDREN INC,20260214,2026-02-14,ambulatory,1,1,15.0,15.0,0,0,142.58,92.58,50.00,1
340901791751100142,WP ACQUISITION SUB LLC,20260215,2026-02-15,outpatient,1,1,18.983333333333334,18.983333333333334,0,0,2608.80,1826.16,782.64,1
249985492892219599,WHITLEY WELLNESS LLC,20260216,2026-02-16,wellness,1,1,28.95,28.95,0,0,1600.53,435.99,1164.54,1
420221548349436151,MOUNT AUBURN HOSPITAL,20260217,2026-02-17,ambulatory,1,1,15.0,15.0,0,0,85.55,0.00,85.55,1
410915144747947572,COOLEY DICKINSON HOSPITAL INC,20260221,2026-02-21,ambulatory,1,1,71.35,71.35,0,0,516.95,0.00,516.95,1
520806008221098162,FIRST PSYCHIATRIC PLANNERS  INC,20260222,2026-02-22,ambulatory,1,1,26.066666666666666,26.066666666666666,0,0,8885.88,8835.88,50.00,1
472226794892644975,HAVERHILL FAMILY OFFICE LLC,20260226,2026-02-26,wellness,1,1,15.0,15.0,0,0,1283.06,0.00,1283.06,1
969560228442772145,FAMILY PRACTICE GROUP PC,20260303,2026-03-03,wellness,1,1,24.233333333333334,24.233333333333334,0,0,568.20,243.90,324.30,1
969560228442772145,FAMILY PRACTICE GROUP PC,20260304,2026-03-04,wellness,1,1,54.733333333333334,54.733333333333334,0,0,1616.38,1516.38,100.00,1
921077187397372104,RIVER'S EDGE PRIMARY CARE LLC,20260306,2026-03-06,wellness,1,1,15.0,15.0,0,0,1032.50,1032.50,0.00,1
969560228442772145,FAMILY PRACTICE GROUP PC,20260309,2026-03-09,wellness,1,1,20.9,20.9,0,0,914.78,914.78,0.00,1
636964980173115292,COMFORT HOME CARE  LLC,20260310,2026-03-10,emergency,1,1,60.0,60.0,0,1,6000.56,6000.56,0.00,1
520806008221098162,FIRST PSYCHIATRIC PLANNERS  INC,20260311,2026-03-11,ambulatory,1,1,15.0,15.0,0,0,2715.80,2665.80,50.00,1
137002283324145083,STURDY MEMORIAL HOSPITAL INC,20260312,2026-03-12,outpatient,1,1,15.0,15.0,0,0,142.58,85.55,57.03,1
520806008221098162,FIRST PSYCHIATRIC PLANNERS  INC,20260315,2026-03-15,ambulatory,1,1,19.333333333333332,19.333333333333332,0,0,5263.67,5213.67,50.00,1
548965948002374219,SOUTH SHORE INTERNAL MEDICINE ASSOCIATES INC.,20260316,2026-03-16,wellness,1,1,15.0,15.0,0,0,347.38,247.38,100.00,1
420221548349436151,MOUNT AUBURN HOSPITAL,20260317,2026-03-17,ambulatory,1,1,182.48333333333332,182.48333333333332,0,0,2673.95,2139.16,534.79,1
846294596561620579,WESTFORD INTERNAL MEDICINE PC,20260320,2026-03-20,wellness,1,1,24.55,24.55,0,0,914.78,0.00,914.78,1
410915144747947572,COOLEY DICKINSON HOSPITAL INC,20260323,2026-03-23,ambulatory,1,1,80.73333333333333,80.73333333333333,0,0,516.95,0.00,516.95,1
520806008221098162,FIRST PSYCHIATRIC PLANNERS  INC,20260323,2026-03-23,ambulatory,1,1,168.88333333333333,168.88333333333333,0,0,3105.35,3055.35,50.00,1
801031929336468325,BROCKTON HOSPITAL  INC.,20260329,2026-03-29,outpatient,1,1,39.36666666666667,39.36666666666667,0,0,1603.49,1553.49,50.00,1
334510102683813647,BOSTON MEDICAL CENTER CORPORATION-,20260329,2026-03-29,wellness,1,1,17.066666666666666,17.066666666666666,0,0,919.90,0.00,919.90,1
744977654436978746,THE LOWELL GENERAL HOSPITAL,20260403,2026-04-03,ambulatory,1,1,169.46666666666667,169.46666666666667,0,0,2673.95,1704.58,969.37,1
623047219859228790,GARDEN STATE HEALTHCARE ASSOCIATES LLC,20260403,2026-04-03,wellness,1,1,34.6,34.6,0,0,1216.98,789.00,427.98,1
395615810080261442,ANNA JAQUES HOSPITAL SUBACUTE UNIT,20260404,2026-04-04,outpatient,1,1,15.0,15.0,0,0,1250.85,1000.68,250.17,1
345242370934466119,HEBREW SENIORLIFE AFFILIATED MEDICAL GROUP INC,20260405,2026-04-05,ambulatory,1,1,209.31666666666666,209.31666666666666,0,0,3536.75,0.00,3536.75,1
520806008221098162,FIRST PSYCHIATRIC PLANNERS  INC,20260405,2026-04-05,ambulatory,1,1,23.116666666666667,23.116666666666667,0,0,7077.01,7027.01,50.00,1
345242370934466119,HEBREW SENIORLIFE AFFILIATED MEDICAL GROUP INC,20260405,2026-04-05,outpatient,1,1,15.0,15.0,0,0,142.58,114.06,28.52,1
683258316057948949,STEWARD ST. ANNES HOSPITAL CORPORATION,20260407,2026-04-07,outpatient,1,1,46.36666666666667,46.36666666666667,0,0,573.98,459.18,114.80,1
801031929336468325,BROCKTON HOSPITAL  INC.,20260412,2026-04-12,ambulatory,1,1,175.85,175.85,0,0,2673.95,2623.95,50.00,1
395615810080261442,ANNA JAQUES HOSPITAL SUBACUTE UNIT,20260417,2026-04-17,ambulatory,1,1,156.81666666666666,156.81666666666666,0,0,2673.95,2139.16,534.79,1
1037822919216517364,ANNA JAQUES HOSPITAL SUBACUTE UNIT,20260417,2026-04-17,ambulatory,1,1,15.0,15.0,0,0,142.58,114.06,28.52,1
548965948002374219,SOUTH SHORE INTERNAL MEDICINE ASSOCIATES INC.,20260420,2026-04-20,wellness,1,1,15.0,15.0,0,0,272.80,272.80,0.00,1
345242370934466119,HEBREW SENIORLIFE AFFILIATED MEDICAL GROUP INC,20260421,2026-04-21,outpatient,1,1,15.0,15.0,0,0,1250.85,814.28,436.57,1
410915144747947572,COOLEY DICKINSON HOSPITAL INC,20260422,2026-04-22,ambulatory,1,1,85.8,85.8,0,0,516.95,0.00,516.95,1
58830663438005741,SUNRISE HEALTHCARE LLC,20260422,2026-04-22,wellness,1,1,57.55,57.55,0,0,778.78,0.00,778.78,1
93679773638781409,TUFTS MEDICAL CENTER,20260424,2026-04-24,ambulatory,3,1,26.916666666666668,22.6,0,0,4978.25,3982.59,995.66,1
520806008221098162,FIRST PSYCHIATRIC PLANNERS  INC,20260430,2026-04-30,ambulatory,1,1,35.21666666666667,35.21666666666667,0,0,7705.18,7655.18,50.00,1
1089422341693700620,CARLETON-WILLARD VILLAGE RETIREMENT & NURSING CTR,20260505,2026-05-05,snf,1,1,12975.0,12975.0,0,0,7296.30,7246.30,50.00,1
447328131776998626,BAYADA HOME HEALTH CARE  INC,20260505,2026-05-05,emergency,1,1,60.0,60.0,0,1,146.18,46.85,99.33,1
41581407780620585,WHITTIER REHABILITATION HOSPITAL - BRADFORD,20260506,2026-05-06,ambulatory,1,1,177.68333333333334,177.68333333333334,0,0,3105.35,0.00,3105.35,1
164982158369714689,A&A HEALTHCARE LLC,20260506,2026-05-06,wellness,1,1,36.45,36.45,0,0,785.58,785.58,0.00,1
137002283324145083,STURDY MEMORIAL HOSPITAL INC,20260507,2026-05-07,ambulatory,1,1,15.0,15.0,0,0,142.58,85.55,57.03,1
651473276246308486,GREATER LAWRENCE FAMILY HEALTH CENTER INC,20260510,2026-05-10,wellness,1,1,46.016666666666666,46.016666666666666,0,0,1208.19,0.00,1208.19,1
353447819048907343,CAMBRIDGE PUBLIC HEALTH COMMISSION,20260510,2026-05-10,ambulatory,3,1,22.177777777777777,16.6,0,0,4966.82,4816.82,150.00,1
340901791751100142,WP ACQUISITION SUB LLC,20260517,2026-05-17,outpatient,1,1,19.116666666666667,19.116666666666667,0,0,1256.19,0.00,1256.19,1
332886644979055046,MILFORD REGIONAL MEDICAL CENTER,20260520,2026-05-20,ambulatory,1,1,219.68333333333334,219.68333333333334,0,0,3105.35,3055.35,50.00,1
376833142676655002,HOLISTIC FAMILY PRACTICE  INC.,20260523,2026-05-23,wellness,1,1,36.68333333333333,36.68333333333333,0,0,724.16,579.32,144.84,1
340901791751100142,WP ACQUISITION SUB LLC,20260524,2026-05-24,ambulatory,1,1,157.18333333333334,157.18333333333334,0,0,3105.35,748.81,2356.54,1
520806008221098162,FIRST PSYCHIATRIC PLANNERS  INC,20260525,2026-05-25,ambulatory,1,1,50.21666666666667,50.21666666666667,0,0,14029.09,13979.09,50.00,1
924438841780828326,CENTER FOR DIGESTIVE WELLNESS PC,20260526,2026-05-26,wellness,1,1,15.0,15.0,0,0,840.20,0.00,840.20,1
921077187397372104,RIVER'S EDGE PRIMARY CARE LLC,20260605,2026-06-05,wellness,1,1,15.0,15.0,0,0,272.80,272.80,0.00,1
520806008221098162,FIRST PSYCHIATRIC PLANNERS  INC,20260606,2026-06-06,ambulatory,1,1,15.0,15.0,0,0,85.55,35.55,50.00,1
264175530648959689,SIGNATURE HEALTHCARE MEDICAL GROUP INC,20260607,2026-06-07,wellness,1,1,55.55,55.55,0,0,866.52,866.52,0.00,1
740843053744993432,BRIGHAM AND WOMEN'S FAULKNER HOSPITAL  INC.,20260607,2026-06-07,ambulatory,1,1,15.0,15.0,0,0,85.55,0.00,85.55,1
104996357240950328,UMASS MEMORIAL HEALTHALLIANCE CLINTON HOSPITAL INC,20260609,2026-06-09,ambulatory,1,1,383.43333333333334,383.43333333333334,0,0,4830.95,819.80,4011.15,1
239726299069476648,PERSONALIZED MEDICAL CARE LLC,20260609,2026-06-09,wellness,1,1,26.433333333333334,26.433333333333334,0,0,704.20,563.36,140.84,1
520806008221098162,FIRST PSYCHIATRIC PLANNERS  INC,20260617,2026-06-17,ambulatory,1,1,50.28333333333333,50.28333333333333,0,0,5555.68,5505.68,50.00,1
433837020145504394,ZANJABEE INTEGRATIVE MEDICINE AND PRIMARY CARE LLC,20260619,2026-06-19,wellness,1,1,59.46666666666667,59.46666666666667,0,0,704.20,0.00,704.20,1
814284400183858824,PRIMARY CARE NORTH PC,20260620,2026-06-20,wellness,1,1,44.85,44.85,0,0,1135.60,722.44,413.16,1
744977654436978746,THE LOWELL GENERAL HOSPITAL,20260620,2026-06-20,ambulatory,1,1,15.0,15.0,0,0,85.55,59.88,25.67,1
565804414476228962,FRANCISCAN HOSPITAL FOR CHILDREN INC,20260621,2026-06-21,ambulatory,1,1,15.0,15.0,0,0,85.55,35.55,50.00,1
548965948002374219,SOUTH SHORE INTERNAL MEDICINE ASSOCIATES INC.,20260622,2026-06-22,wellness,1,1,15.0,15.0,0,0,1103.04,1103.04,0.00,1
49658252277416711,PALMER FAMILY SERVICES LLC,20260624,2026-06-24,wellness,1,1,15.0,15.0,0,0,488.50,0.00,488.50,1
801031929336468325,BROCKTON HOSPITAL  INC.,20260625,2026-06-25,ambulatory,1,1,77.85,77.85,0,0,3179.93,3129.93,50.00,1
1037822919216517364,ANNA JAQUES HOSPITAL SUBACUTE UNIT,20260627,2026-06-27,ambulatory,1,1,15.0,15.0,0,0,9241.77,7393.41,1848.36,1
389966452681632557,BETH ISRAEL DEACONESS HOSPITAL-NEEDHAM  INC.,20260627,2026-06-27,ambulatory,1,1,47.96666666666667,47.96666666666667,0,0,2805.56,2770.56,35.00,1
565804414476228962,FRANCISCAN HOSPITAL FOR CHILDREN INC,20260629,2026-06-29,outpatient,1,1,35.0,35.0,0,0,870.33,820.33,50.00,1
132019786462314408,DAVIS SQUARE FAMILY PRACTICE,20260629,2026-06-29,wellness,1,1,37.05,37.05,0,0,1084.70,984.70,100.00,1
565804414476228962,FRANCISCAN HOSPITAL FOR CHILDREN INC,20260706,2026-07-06,outpatient,1,1,15.0,15.0,0,0,85.55,35.55,50.00,1
1037822919216517364,ANNA JAQUES HOSPITAL SUBACUTE UNIT,20260707,2026-07-07,ambulatory,1,1,15.0,15.0,0,0,12253.45,9802.76,2450.69,1
345242370934466119,HEBREW SENIORLIFE AFFILIATED MEDICAL GROUP INC,20260709,2026-07-09,ambulatory,1,1,15.0,15.0,0,0,85.55,0.00,85.55,1
1100386330438199965,WALTHAM WESTON INTERNAL MEDICINE ASSOCIATES  P.C.,20260710,2026-07-10,wellness,1,1,53.55,53.55,0,0,1751.17,1751.17,0.00,1
520806008221098162,FIRST PSYCHIATRIC PLANNERS  INC,20260713,2026-07-13,ambulatory,1,1,16.533333333333335,16.533333333333335,0,0,5263.67,5213.67,50.00,1
565804414476228962,FRANCISCAN HOSPITAL FOR CHILDREN INC,20260713,2026-07-13,ambulatory,1,1,181.81666666666666,181.81666666666666,0,0,3105.35,3055.35,50.00,1
345242370934466119,HEBREW SENIORLIFE AFFILIATED MEDICAL GROUP INC,20260721,2026-07-21,outpatient,1,1,15.0,15.0,0,0,3172.23,2537.78,634.45,1
93679773638781409,TUFTS MEDICAL CENTER,20260722,2026-07-22,ambulatory,1,1,15.066666666666666,15.066666666666666,0,0,304.91,243.93,60.98,1
1037822919216517364,ANNA JAQUES HOSPITAL SUBACUTE UNIT,20260722,2026-07-22,ambulatory,1,1,15.0,15.0,0,0,1443.68,1154.94,288.74,1
919548777387151765,SOUTH SHORE CENTER FOR WELLNESS LTD,20260725,2026-07-25,wellness,1,1,38.983333333333334,38.983333333333334,0,0,1055.90,0.00,1055.90,1
93679773638781409,TUFTS MEDICAL CENTER,20260730,2026-07-30,outpatient,1,1,50.56666666666667,50.56666666666667,0,0,1515.75,1212.60,303.15,1
1108258114602746895,CAMBRIDGE REHABILITATION & NURSING CENTER,20260730,2026-07-30,emergency,1,1,540.0,540.0,0,1,146.18,96.18,50.00,1
984784515128849446,COURTYARD NURSING CARE CENTER,,,,0,0,,,0,0,,,,0
1092267456349409911,SOUTHSHORE HEALTH CARE CENTER,,,,0,0,,,0,0,,,,0
41401402329810626,SOUTH SHORE PRIMARY AND URGENT CARE LLC,,,,0,0,,,0,0,,,,0
1128445286418228766,743 MAIN STREET OPERATOR LLC,,,,0,0,,,0,0,,,,0
642919717239116419,CARECENTRAL URGENT CARE MEDICAL GROUP PC,,,,0,0,,,0,0,,,,0
503013306236971814,KINDRED AT HOME,,,,0,0,,,0,0,,,,0
504982086689223325,CAREWELL URGENT CARE CENTERS OF MA  PC,,,,0,0,,,0,0,,,,0
87022280498088197,BEAR MT FRANKLIN LLC,,,,0,0,,,0,0,,,,0
86107529895584122,BRIGHTON HOUSE REHABILITATION & NURSING CENTER,,,,0,0,,,0,0,,,,0
25966244872333306,CLIFTON REHABILITATION NURSING CENTER,,,,0,0,,,0,0,,,,0
83814503759407020,ON CALL URGENT CARE  LLC,,,,0,0,,,0,0,,,,0
314919452835025049,ABERJONA NURSING CENTER  INC,,,,0,0,,,0,0,,,,0
1122236401275205992,GREEN MOUNTAIN URGENT CARE LLC,,,,0,0,,,0,0,,,,0
342039277438981824,LEEDS MA SNF LLC,,,,0,0,,,0,0,,,,0
681031774910292824,750 WOBURN STREET OPERATING COMPANY  LLC,,,,0,0,,,0,0,,,,0
383391461547239748,27 GEORGE STREET OPERATOR LLC,,,,0,0,,,0,0,,,,0
186563378260539071,MILFORD CENTER,,,,0,0,,,0,0,,,,0
606016415609591887,MEDWAY COUNTRY MANOR SKILLED NURSING & REHABILITAT,,,,0,0,,,0,0,,,,0
