provider_key,provider_name,speciality,year_month,encounter_count,unique_patients,procedure_count,average_encounter_duration_minutes,total_claim_cost
280079293355470746,Wynell591 Mayert710,GENERAL PRACTICE,1943-09,1,1,0,41.03333333333333,1329.55
544507194386793082,Stephen891 Okuneva707,GENERAL PRACTICE,1943-09,2,2,0,52.3,1999.20
627552435495576060,Louis204 Hauck852,GENERAL PRACTICE,1947-12,1,1,0,15.0,85.55
627552435495576060,Louis204 Hauck852,GENERAL PRACTICE,1948-01,1,1,0,15.0,85.55
627552435495576060,Louis204 Hauck852,GENERAL PRACTICE,1950-01,1,1,0,15.0,85.55
557542335892374462,Rafael239 Delafuente833,GENERAL PRACTICE,1951-05,1,1,0,1440.0,3817.64
691551023407772307,Nickolas58 Schumm995,GENERAL PRACTICE,1952-08,1,1,0,15.0,3611.37
691551023407772307,Nickolas58 Schumm995,GENERAL PRACTICE,1953-10,1,1,0,72.95,942.01
1001810865406500417,Bennett146 Rippin620,GENERAL PRACTICE,1960-01,1,1,0,15.0,1005.38
635693475161891891,Chanelle850 Schuster709,GENERAL PRACTICE,1960-03,2,1,0,15.0,171.10
591002730729355689,Ana María762 Alicea505,GENERAL PRACTICE,1960-09,1,1,0,22.183333333333334,704.20
691551023407772307,Nickolas58 Schumm995,GENERAL PRACTICE,1961-06,1,1,0,1440.0,3817.64
591002730729355689,Ana María762 Alicea505,GENERAL PRACTICE,1961-09,1,1,0,44.0,704.20
544507194386793082,Stephen891 Okuneva707,GENERAL PRACTICE,1962-10,1,1,0,43.3,778.78
835509182532742600,Larraine124 Torphy630,GENERAL PRACTICE,1963-01,1,1,0,32.0,704.20
1108521240143207682,Sunny31 Gleason633,GENERAL PRACTICE,1963-01,1,1,0,52.95,704.20
835509182532742600,Larraine124 Torphy630,GENERAL PRACTICE,1964-01,1,1,0,52.266666666666666,849.22
1001810865406500417,Bennett146 Rippin620,GENERAL PRACTICE,1964-08,1,1,0,15.0,85.55
717311760003828486,Maren639 Aufderhar910,GENERAL PRACTICE,1964-09,1,1,0,15.0,347.38
299028792677877871,Elijah719 White193,GENERAL PRACTICE,1965-02,1,1,0,59.016666666666666,919.90
104443324623586425,Alan320 Keeling57,GENERAL PRACTICE,1965-02,3,3,0,46.25555555555555,2192.30
544507194386793082,Stephen891 Okuneva707,GENERAL PRACTICE,1965-07,2,2,0,48.099999999999994,2509.62
280079293355470746,Wynell591 Mayert710,GENERAL PRACTICE,1965-07,1,1,0,57.65,778.78
557542335892374462,Rafael239 Delafuente833,GENERAL PRACTICE,1965-08,1,1,0,15.0,92.93
104443324623586425,Alan320 Keeling57,GENERAL PRACTICE,1966-03,1,1,0,55.11666666666667,1108.71
835509182532742600,Larraine124 Torphy630,GENERAL PRACTICE,1967-02,1,1,0,33.96666666666667,1075.86
220387732963487694,Sulema841 Ryan260,GENERAL PRACTICE,1967-07,2,1,0,15.0,171.10
544507194386793082,Stephen891 Okuneva707,GENERAL PRACTICE,1967-08,1,1,0,43.28333333333333,1339.09
280079293355470746,Wynell591 Mayert710,GENERAL PRACTICE,1968-08,1,1,0,39.016666666666666,849.22
1137716374724131528,Lady554 Kovacek682,GENERAL PRACTICE,1969-03,1,1,0,55.18333333333333,778.78
104443324623586425,Alan320 Keeling57,GENERAL PRACTICE,1969-03,1,1,0,42.68333333333333,778.78
544507194386793082,Stephen891 Okuneva707,GENERAL PRACTICE,1969-08,1,1,0,47.15,860.16
259733207554739476,Domitila545 Vandervort697,GENERAL PRACTICE,1971-08,2,1,0,15.0,171.10
280079293355470746,Wynell591 Mayert710,GENERAL PRACTICE,1971-09,1,1,0,54.65,778.78
104443324623586425,Alan320 Keeling57,GENERAL PRACTICE,1972-03,1,1,0,40.416666666666664,1567.00
760190895004668173,Melida518 Mayert710,GENERAL PRACTICE,1972-03,1,1,0,60.0,146.18
757165526207794756,Hunter736 Lesch175,GENERAL PRACTICE,1972-05,1,1,0,64.81666666666666,1018.55
220387732963487694,Sulema841 Ryan260,GENERAL PRACTICE,1972-05,1,1,0,15.0,85.55
120057643579548119,Enriqueta274 Barton704,GENERAL PRACTICE,1973-08,1,1,0,15.0,783.90
259733207554739476,Domitila545 Vandervort697,GENERAL PRACTICE,1973-10,1,1,0,15.0,516.95
104443324623586425,Alan320 Keeling57,GENERAL PRACTICE,1975-03,1,1,0,35.0,994.48
259733207554739476,Domitila545 Vandervort697,GENERAL PRACTICE,1975-05,1,1,0,15.0,516.95
305532101201638812,Cristy798 Auer97,GENERAL PRACTICE,1976-03,1,1,1,95.13333333333334,6079.78
627552435495576060,Louis204 Hauck852,GENERAL PRACTICE,1976-06,2,1,7,49.76190476190476,4105.14
280079293355470746,Wynell591 Mayert710,GENERAL PRACTICE,1976-09,1,1,0,55.96666666666667,1161.22
717311760003828486,Maren639 Aufderhar910,GENERAL PRACTICE,1976-11,1,1,0,41.06666666666667,704.20
104443324623586425,Alan320 Keeling57,GENERAL PRACTICE,1978-03,1,1,8,32.46666666666667,7955.84
627552435495576060,Louis204 Hauck852,GENERAL PRACTICE,1978-04,2,1,7,202.01666666666665,21823.00
120057643579548119,Enriqueta274 Barton704,GENERAL PRACTICE,1978-09,1,1,0,34.86666666666667,1567.00
544507194386793082,Stephen891 Okuneva707,GENERAL PRACTICE,1978-10,1,1,0,41.96666666666667,1865.32
691551023407772307,Nickolas58 Schumm995,GENERAL PRACTICE,1978-11,1,1,0,15.0,85.55
557542335892374462,Rafael239 Delafuente833,GENERAL PRACTICE,1979-04,1,1,0,36.5,1515.74
627552435495576060,Louis204 Hauck852,GENERAL PRACTICE,1979-12,2,1,3,26.477777777777778,2081.69
982978929763219993,Derick144 Bashirian201,GENERAL PRACTICE,1980-03,1,1,0,55.71666666666667,977.85
305532101201638812,Cristy798 Auer97,GENERAL PRACTICE,1980-05,1,1,1,149.6,7503.03
305532101201638812,Cristy798 Auer97,GENERAL PRACTICE,1980-11,1,1,1,142.63333333333333,4407.08
627552435495576060,Louis204 Hauck852,GENERAL PRACTICE,1980-12,2,1,1,44.0,5952.05
104443324623586425,Alan320 Keeling57,GENERAL PRACTICE,1981-03,1,1,4,31.816666666666666,3413.44
299028792677877871,Elijah719 White193,GENERAL PRACTICE,1981-03,1,1,0,53.166666666666664,998.38
627552435495576060,Louis204 Hauck852,GENERAL PRACTICE,1981-04,1,1,7,200.84999999999997,21737.45
691551023407772307,Nickolas58 Schumm995,GENERAL PRACTICE,1982-07,1,1,0,61.65,948.35
691551023407772307,Nickolas58 Schumm995,GENERAL PRACTICE,1982-08,1,1,0,1440.0,1032.34
557542335892374462,Rafael239 Delafuente833,GENERAL PRACTICE,1982-12,1,1,0,33.833333333333336,740.69
543343207625722774,Anh979 Schroeder447,GENERAL PRACTICE,1983-03,1,1,0,40.46666666666667,704.20
982453732923389287,Leonie332 Wunsch504,GENERAL PRACTICE,1983-07,1,1,0,34.28333333333333,704.20
385398007267188660,Donovan745 Daugherty69,GENERAL PRACTICE,1983-07,1,1,0,30.15,778.78
883431140021126480,Teisha100 Leffler128,GENERAL PRACTICE,1983-07,1,1,0,43.983333333333334,704.20
280079293355470746,Wynell591 Mayert710,GENERAL PRACTICE,1983-11,1,1,0,36.983333333333334,791.94
1063416607639151960,Sharyl439 Williamson769,GENERAL PRACTICE,1983-11,1,1,0,19.2,1567.00
1137716374724131528,Lady554 Kovacek682,GENERAL PRACTICE,1984-03,1,1,0,39.5,1786.60
843686674439627048,Eleni953 Franecki195,GENERAL PRACTICE,1984-03,1,1,0,31.916666666666668,802.11
104443324623586425,Alan320 Keeling57,GENERAL PRACTICE,1984-03,2,2,1,37.141666666666666,1914.38
627552435495576060,Louis204 Hauck852,GENERAL PRACTICE,1984-03,3,1,19,321.0374999999999,67804.40
299028792677877871,Elijah719 White193,GENERAL PRACTICE,1984-03,1,1,0,53.46666666666667,853.36
305532101201638812,Cristy798 Auer97,GENERAL PRACTICE,1984-07,1,1,1,123.85,17189.78
305532101201638812,Cristy798 Auer97,GENERAL PRACTICE,1984-08,1,1,1,129.56666666666666,10317.26
1063416607639151960,Sharyl439 Williamson769,GENERAL PRACTICE,1984-11,1,1,0,54.45,704.20
9477438465009779,Randolph418 Keebler762,GENERAL PRACTICE,1985-04,1,1,26,37693.41666666665,295202.18
104443324623586425,Alan320 Keeling57,GENERAL PRACTICE,1985-05,1,1,0,15.0,211.38
120057643579548119,Enriqueta274 Barton704,GENERAL PRACTICE,1985-10,1,1,0,51.55,1058.12
1063416607639151960,Sharyl439 Williamson769,GENERAL PRACTICE,1985-11,1,1,0,46.63333333333333,704.20
1149431584739820752,Jill895 Monahan736,GENERAL PRACTICE,1986-04,1,1,0,21.75,994.48
717311760003828486,Maren639 Aufderhar910,GENERAL PRACTICE,1986-11,1,1,0,36.13333333333333,1641.58
1108521240143207682,Sunny31 Gleason633,GENERAL PRACTICE,1986-12,1,1,0,59.43333333333333,778.78
311126358396755254,Ted955 Reilly981,GENERAL PRACTICE,1986-12,2,1,0,841.875,44049.83
659708650451791585,Thanh759 Weber641,GENERAL PRACTICE,1987-04,1,1,0,15.0,85.55
494963808912363135,Silva841 Grimes165,GENERAL PRACTICE,1987-04,1,1,0,15.0,85.55
494963808912363135,Silva841 Grimes165,GENERAL PRACTICE,1987-05,1,1,0,34.8,516.95
659708650451791585,Thanh759 Weber641,GENERAL PRACTICE,1987-05,1,1,0,39.583333333333336,516.95
385398007267188660,Donovan745 Daugherty69,GENERAL PRACTICE,1987-08,1,1,0,54.43333333333333,1159.14
1070962888088048845,Rubén780 Amaya149,GENERAL PRACTICE,1987-12,2,1,0,22.108333333333334,602.50
544507194386793082,Stephen891 Okuneva707,GENERAL PRACTICE,1987-12,1,1,0,38.31666666666667,1284.76
1149431584739820752,Jill895 Monahan736,GENERAL PRACTICE,1988-04,1,1,0,49.81666666666667,1501.07
843686674439627048,Eleni953 Franecki195,GENERAL PRACTICE,1988-11,1,1,0,64.56666666666666,948.35
544507194386793082,Stephen891 Okuneva707,GENERAL PRACTICE,1988-12,1,1,0,32.95,1216.98
1108521240143207682,Sunny31 Gleason633,GENERAL PRACTICE,1988-12,1,1,0,54.75,704.20
843686674439627048,Eleni953 Franecki195,GENERAL PRACTICE,1988-12,1,1,0,1440.0,1027.63
494963808912363135,Silva841 Grimes165,GENERAL PRACTICE,1989-04,1,1,0,15.0,516.95
659708650451791585,Thanh759 Weber641,GENERAL PRACTICE,1989-04,1,1,0,15.0,516.95
259733207554739476,Domitila545 Vandervort697,GENERAL PRACTICE,1989-05,1,1,0,3780.5,5423.98
366615259928051559,Jodie811 Hermann103,GENERAL PRACTICE,1989-07,1,1,0,23.6,858.48
193210267373407472,Amparo58 Hayes766,GENERAL PRACTICE,1989-09,1,1,0,21.583333333333332,1202.63
544507194386793082,Stephen891 Okuneva707,GENERAL PRACTICE,1989-12,1,1,0,44.3,785.58
325967294132029093,Cleo27 Crooks415,GENERAL PRACTICE,1990-03,1,1,0,60.0,146.18
687324914576395334,Dorotea472 Rico947,GENERAL PRACTICE,1990-03,1,1,0,60.0,8057.89
880092086278779627,Wes853 Torphy630,GENERAL PRACTICE,1990-04,1,1,0,60.0,5308.14
1149431584739820752,Jill895 Monahan736,GENERAL PRACTICE,1990-04,1,1,0,53.233333333333334,840.20
687324914576395334,Dorotea472 Rico947,GENERAL PRACTICE,1990-06,1,1,0,60.0,87.71
880092086278779627,Wes853 Torphy630,GENERAL PRACTICE,1990-07,1,1,0,60.0,87.71
557542335892374462,Rafael239 Delafuente833,GENERAL PRACTICE,1990-07,1,1,0,17280.0,146.18
880092086278779627,Wes853 Torphy630,GENERAL PRACTICE,1990-08,1,1,0,60.0,146.18
835509182532742600,Larraine124 Torphy630,GENERAL PRACTICE,1990-12,1,1,0,31.183333333333334,1868.62
627552435495576060,Louis204 Hauck852,GENERAL PRACTICE,1990-12,1,1,0,37.11666666666667,948.35
627552435495576060,Louis204 Hauck852,GENERAL PRACTICE,1991-01,1,1,0,1440.0,966.87
1137716374724131528,Lady554 Kovacek682,GENERAL PRACTICE,1991-01,2,1,0,59.90833333333333,1856.42
104443324623586425,Alan320 Keeling57,GENERAL PRACTICE,1991-01,1,1,0,15.0,704.20
589522183230517886,Cleveland582 Kuphal363,GENERAL PRACTICE,1991-01,1,1,0,79.93333333333334,516.95
691551023407772307,Nickolas58 Schumm995,GENERAL PRACTICE,1991-02,1,1,0,72.15,516.95
325967294132029093,Cleo27 Crooks415,GENERAL PRACTICE,1991-03,1,1,0,60.0,87.71
366615259928051559,Jodie811 Hermann103,GENERAL PRACTICE,1991-08,1,1,0,36.016666666666666,919.90
1039168502954151773,Javier97 Collier206,GENERAL PRACTICE,1991-10,1,1,0,420.0,146.18
325967294132029093,Cleo27 Crooks415,GENERAL PRACTICE,1991-12,1,1,0,60.0,5308.14
835509182532742600,Larraine124 Torphy630,GENERAL PRACTICE,1991-12,1,1,0,37.766666666666666,1291.56
104443324623586425,Alan320 Keeling57,GENERAL PRACTICE,1992-01,1,1,0,30.966666666666665,919.90
385398007267188660,Donovan745 Daugherty69,GENERAL PRACTICE,1992-07,1,1,0,45.11666666666667,948.35
385398007267188660,Donovan745 Daugherty69,GENERAL PRACTICE,1992-08,1,1,0,1440.0,966.87
247183019506608427,Lynwood354 Ratke343,GENERAL PRACTICE,1992-10,1,1,0,24.866666666666667,704.20
687324914576395334,Dorotea472 Rico947,GENERAL PRACTICE,1992-11,1,1,0,480.0,146.18
544507194386793082,Stephen891 Okuneva707,GENERAL PRACTICE,1992-12,1,1,0,45.766666666666666,1210.18
835509182532742600,Larraine124 Torphy630,GENERAL PRACTICE,1993-01,1,1,0,35.516666666666666,1507.26
104443324623586425,Alan320 Keeling57,GENERAL PRACTICE,1993-01,1,1,0,35.03333333333333,1069.06
557542335892374462,Rafael239 Delafuente833,GENERAL PRACTICE,1993-05,1,1,0,81.2,1379.75
1149431584739820752,Jill895 Monahan736,GENERAL PRACTICE,1993-05,1,1,0,37.63333333333333,704.20
557542335892374462,Rafael239 Delafuente833,GENERAL PRACTICE,1993-07,1,1,0,35.666666666666664,740.69
193210267373407472,Amparo58 Hayes766,GENERAL PRACTICE,1993-10,1,1,0,39.61666666666667,1071.59
247183019506608427,Lynwood354 Ratke343,GENERAL PRACTICE,1993-10,2,2,0,40.13333333333333,2580.84
544507194386793082,Stephen891 Okuneva707,GENERAL PRACTICE,1994-01,1,1,0,34.36666666666667,860.16
1149431584739820752,Jill895 Monahan736,GENERAL PRACTICE,1994-05,1,1,0,40.016666666666666,704.20
22180109166454162,Ariane992 Pagac496,GENERAL PRACTICE,1994-09,1,1,0,33.25,808.91
557542335892374462,Rafael239 Delafuente833,GENERAL PRACTICE,1994-12,1,1,0,54.53333333333333,1603.49
757165526207794756,Hunter736 Lesch175,GENERAL PRACTICE,1995-01,1,1,0,35.38333333333333,948.35
494963808912363135,Silva841 Grimes165,GENERAL PRACTICE,1995-01,1,1,0,1440.0,1023.62
311126358396755254,Ted955 Reilly981,GENERAL PRACTICE,1995-01,1,1,0,341.06666666666666,1444.46
104443324623586425,Alan320 Keeling57,GENERAL PRACTICE,1995-01,1,1,0,56.483333333333334,1755.57
544507194386793082,Stephen891 Okuneva707,GENERAL PRACTICE,1995-01,1,1,0,36.9,1216.98
691551023407772307,Nickolas58 Schumm995,GENERAL PRACTICE,1995-01,1,1,0,15.0,234.71
1137716374724131528,Lady554 Kovacek682,GENERAL PRACTICE,1995-01,1,1,0,31.5,1565.94
22180109166454162,Ariane992 Pagac496,GENERAL PRACTICE,1995-07,1,1,0,56.11666666666667,1509.58
366615259928051559,Jodie811 Hermann103,GENERAL PRACTICE,1995-08,1,1,0,54.38333333333333,840.20
691551023407772307,Nickolas58 Schumm995,GENERAL PRACTICE,1995-11,1,1,1,88.0,516.95
544507194386793082,Stephen891 Okuneva707,GENERAL PRACTICE,1995-11,1,1,0,36.483333333333334,15835.89
691551023407772307,Nickolas58 Schumm995,GENERAL PRACTICE,1995-12,1,1,1,60.266666666666666,516.95
717311760003828486,Maren639 Aufderhar910,GENERAL PRACTICE,1995-12,1,1,0,48.15,778.78
104443324623586425,Alan320 Keeling57,GENERAL PRACTICE,1996-01,1,1,0,47.166666666666664,1050.78
544507194386793082,Stephen891 Okuneva707,GENERAL PRACTICE,1996-01,1,1,7,49.449999999999996,13982.29
691551023407772307,Nickolas58 Schumm995,GENERAL PRACTICE,1996-01,2,1,8,214.58333333333334,22254.40
1137716374724131528,Lady554 Kovacek682,GENERAL PRACTICE,1996-01,1,1,0,47.15,808.91
797317867592804508,Idella49 Runte676,GENERAL PRACTICE,1996-02,1,1,0,45.85,1048.62
691551023407772307,Nickolas58 Schumm995,GENERAL PRACTICE,1996-02,2,1,1,37.55,751.66
311126358396755254,Ted955 Reilly981,GENERAL PRACTICE,1996-02,1,1,0,39.68333333333333,948.35
299028792677877871,Elijah719 White193,GENERAL PRACTICE,1996-02,1,1,0,55.1,933.06
691551023407772307,Nickolas58 Schumm995,GENERAL PRACTICE,1996-03,1,1,1,75.11666666666666,516.95
982978929763219993,Derick144 Bashirian201,GENERAL PRACTICE,1996-03,1,1,0,31.0,1422.98
557542335892374462,Rafael239 Delafuente833,GENERAL PRACTICE,1996-04,1,1,0,54.75,988.63
711785781337608067,Isidro558 Kling921,GENERAL PRACTICE,1996-06,1,1,0,59.35,797.72
711785781337608067,Isidro558 Kling921,GENERAL PRACTICE,1996-08,1,1,6,30.816666666666666,8455.74
880092086278779627,Wes853 Torphy630,GENERAL PRACTICE,1996-08,1,1,0,660.0,146.18
557542335892374462,Rafael239 Delafuente833,GENERAL PRACTICE,1996-09,9,1,8,168.88888888888889,8868.70
557542335892374462,Rafael239 Delafuente833,GENERAL PRACTICE,1996-10,11,1,10,155.45454545454547,10005.18
691551023407772307,Nickolas58 Schumm995,GENERAL PRACTICE,1996-10,1,1,1,84.05,516.95
557542335892374462,Rafael239 Delafuente833,GENERAL PRACTICE,1996-11,7,1,6,168.14285714285714,5362.33
691551023407772307,Nickolas58 Schumm995,GENERAL PRACTICE,1996-11,1,1,1,86.26666666666667,516.95
711785781337608067,Isidro558 Kling921,GENERAL PRACTICE,1996-11,1,1,7,53.88333333333333,7093.94
557542335892374462,Rafael239 Delafuente833,GENERAL PRACTICE,1996-12,12,1,11,145.6236111111111,9533.15
843686674439627048,Eleni953 Franecki195,GENERAL PRACTICE,1996-12,1,1,0,36.666666666666664,727.53
691551023407772307,Nickolas58 Schumm995,GENERAL PRACTICE,1996-12,1,1,1,86.11666666666666,516.95
544507194386793082,Stephen891 Okuneva707,GENERAL PRACTICE,1997-01,1,1,4,58.81666666666667,4145.36
557542335892374462,Rafael239 Delafuente833,GENERAL PRACTICE,1997-01,5,1,9,78.42,10758.22
280079293355470746,Wynell591 Mayert710,GENERAL PRACTICE,1997-01,1,1,5,56.13333333333334,8427.35
1070962888088048845,Rubén780 Amaya149,GENERAL PRACTICE,1997-02,1,1,0,15.0,1005.38
557542335892374462,Rafael239 Delafuente833,GENERAL PRACTICE,1997-02,9,1,8,174.22222222222223,6945.30
299028792677877871,Elijah719 White193,GENERAL PRACTICE,1997-02,1,1,0,59.1,1498.72
691551023407772307,Nickolas58 Schumm995,GENERAL PRACTICE,1997-02,1,1,0,15.0,234.71
557542335892374462,Rafael239 Delafuente833,GENERAL PRACTICE,1997-03,7,1,11,99.89166666666665,9414.25
691551023407772307,Nickolas58 Schumm995,GENERAL PRACTICE,1997-04,3,1,17,236.54907407407413,60179.58
557542335892374462,Rafael239 Delafuente833,GENERAL PRACTICE,1997-04,6,1,9,109.26851851851852,6731.17
557542335892374462,Rafael239 Delafuente833,GENERAL PRACTICE,1997-05,8,1,10,126.85454545454546,10755.21
557542335892374462,Rafael239 Delafuente833,GENERAL PRACTICE,1997-06,11,1,10,146.63636363636363,7242.72
557542335892374462,Rafael239 Delafuente833,GENERAL PRACTICE,1997-07,10,1,9,169.5,9738.38
711785781337608067,Isidro558 Kling921,GENERAL PRACTICE,1997-08,1,1,1,15.0,573.98
589522183230517886,Cleveland582 Kuphal363,GENERAL PRACTICE,1997-08,1,1,0,15.0,1005.38
485868117380761967,Wanetta360 Kertzmann286,GENERAL PRACTICE,1997-08,10,1,13,15.0,12663.95
557542335892374462,Rafael239 Delafuente833,GENERAL PRACTICE,1997-08,11,1,10,161.36363636363637,9744.58
485868117380761967,Wanetta360 Kertzmann286,GENERAL PRACTICE,1997-09,1,1,2,15.0,1982.66
557542335892374462,Rafael239 Delafuente833,GENERAL PRACTICE,1997-09,12,1,11,165.86249999999998,10835.49
193210267373407472,Amparo58 Hayes766,GENERAL PRACTICE,1997-10,1,1,0,46.75,1266.48
14365703936548903,Terrie907 Ratke343,GENERAL PRACTICE,1997-10,1,1,0,15.0,142.58
247183019506608427,Lynwood354 Ratke343,GENERAL PRACTICE,1997-10,1,1,0,38.28333333333333,1050.78
691551023407772307,Nickolas58 Schumm995,GENERAL PRACTICE,1997-10,1,1,1,70.83333333333333,516.95
557542335892374462,Rafael239 Delafuente833,GENERAL PRACTICE,1997-10,6,1,16,106.91470588235293,25967.58
557542335892374462,Rafael239 Delafuente833,GENERAL PRACTICE,1997-11,7,1,6,137.2047619047619,4545.44
691551023407772307,Nickolas58 Schumm995,GENERAL PRACTICE,1997-11,1,1,1,68.48333333333333,516.95
557542335892374462,Rafael239 Delafuente833,GENERAL PRACTICE,1997-12,12,1,11,163.36388888888888,11412.46
557542335892374462,Rafael239 Delafuente833,GENERAL PRACTICE,1998-01,10,1,9,167.5,9398.40
627552435495576060,Louis204 Hauck852,GENERAL PRACTICE,1998-01,1,1,0,15.0,85.55
544507194386793082,Stephen891 Okuneva707,GENERAL PRACTICE,1998-01,1,1,5,44.75,8437.20
670601237767308522,January966 Roberts511,GENERAL PRACTICE,1998-01,2,1,0,26.941666666666666,602.50
691551023407772307,Nickolas58 Schumm995,GENERAL PRACTICE,1998-02,2,1,8,164.55555555555554,28528.71
299028792677877871,Elijah719 White193,GENERAL PRACTICE,1998-02,1,1,0,43.266666666666666,1063.94
557542335892374462,Rafael239 Delafuente833,GENERAL PRACTICE,1998-02,4,1,11,202.71515151515152,30278.95
280079293355470746,Wynell591 Mayert710,GENERAL PRACTICE,1998-02,1,1,6,37.93333333333333,5567.64
557542335892374462,Rafael239 Delafuente833,GENERAL PRACTICE,1998-03,10,1,9,174.7,7857.45
557542335892374462,Rafael239 Delafuente833,GENERAL PRACTICE,1998-04,11,1,10,153.8181818181818,11317.11
688338662061437354,Brian582 Cummerata161,GENERAL PRACTICE,1998-04,1,1,0,48.083333333333336,879.10
557542335892374462,Rafael239 Delafuente833,GENERAL PRACTICE,1998-05,9,1,8,162.11111111111111,7307.37
557542335892374462,Rafael239 Delafuente833,GENERAL PRACTICE,1998-06,6,1,18,266.26929824561404,62181.20
557542335892374462,Rafael239 Delafuente833,GENERAL PRACTICE,1998-07,11,1,10,183.36363636363637,9542.23
557542335892374462,Rafael239 Delafuente833,GENERAL PRACTICE,1998-08,9,1,8,170.88888888888889,8093.10
691551023407772307,Nickolas58 Schumm995,GENERAL PRACTICE,1998-09,2,1,0,1447.5,231.73
557542335892374462,Rafael239 Delafuente833,GENERAL PRACTICE,1998-09,7,1,16,150.14999999999995,28826.52
557542335892374462,Rafael239 Delafuente833,GENERAL PRACTICE,1998-10,7,1,6,147.2309523809524,4149.29
305532101201638812,Cristy798 Auer97,GENERAL PRACTICE,1998-10,1,1,0,60.0,1477.28
557542335892374462,Rafael239 Delafuente833,GENERAL PRACTICE,1998-11,5,1,12,75.93194444444445,16233.39
557542335892374462,Rafael239 Delafuente833,GENERAL PRACTICE,1998-12,9,1,19,138.31916666666663,32235.95
1137716374724131528,Lady554 Kovacek682,GENERAL PRACTICE,1999-01,2,1,0,62.65833333333333,331.56
557542335892374462,Rafael239 Delafuente833,GENERAL PRACTICE,1999-01,12,1,11,178.3472222222222,10008.23
280079293355470746,Wynell591 Mayert710,GENERAL PRACTICE,1999-02,1,1,3,37.25,2783.82
299028792677877871,Elijah719 White193,GENERAL PRACTICE,1999-02,1,1,0,51.95,860.16
691551023407772307,Nickolas58 Schumm995,GENERAL PRACTICE,1999-02,1,1,0,15.0,234.71
557542335892374462,Rafael239 Delafuente833,GENERAL PRACTICE,1999-02,6,1,5,126.66666666666667,5030.89
544507194386793082,Stephen891 Okuneva707,GENERAL PRACTICE,1999-02,1,1,7,32.43333333333333,8518.86
358575454180073229,Luther918 Jakubowski832,GENERAL PRACTICE,1999-02,1,1,0,15.0,13148.10
557542335892374462,Rafael239 Delafuente833,GENERAL PRACTICE,1999-03,11,1,10,161.9090909090909,7922.03
557542335892374462,Rafael239 Delafuente833,GENERAL PRACTICE,1999-04,6,1,8,900.2,5717.08
691551023407772307,Nickolas58 Schumm995,GENERAL PRACTICE,1999-04,1,1,1,82.53333333333333,516.95
557542335892374462,Rafael239 Delafuente833,GENERAL PRACTICE,1999-05,10,1,9,159.0,8592.02
557542335892374462,Rafael239 Delafuente833,GENERAL PRACTICE,1999-06,9,1,12,108.63461538461537,11299.39
747110926960089803,Gerard367 Pouros728,GENERAL PRACTICE,1999-06,1,1,0,59.68333333333333,919.90
883431140021126480,Teisha100 Leffler128,GENERAL PRACTICE,1999-07,1,1,0,58.45,1069.06
557542335892374462,Rafael239 Delafuente833,GENERAL PRACTICE,1999-07,6,1,10,156.37272727272727,18667.83
415187786701005895,Nicholas495 Greenfelder433,GENERAL PRACTICE,1999-07,1,1,0,15.0,85.55
557542335892374462,Rafael239 Delafuente833,GENERAL PRACTICE,1999-08,7,1,9,103.75999999999999,7798.23
415187786701005895,Nicholas495 Greenfelder433,GENERAL PRACTICE,1999-08,1,1,0,36.11666666666667,516.95
557542335892374462,Rafael239 Delafuente833,GENERAL PRACTICE,1999-09,8,1,12,99.26153846153846,10205.05
557542335892374462,Rafael239 Delafuente833,GENERAL PRACTICE,1999-10,7,1,11,169.97500000000002,21668.88
557542335892374462,Rafael239 Delafuente833,GENERAL PRACTICE,1999-11,5,1,5,192.8,2679.35
711785781337608067,Isidro558 Kling921,GENERAL PRACTICE,1999-11,1,1,4,48.85,3190.88
175240302948815055,Clemente531 Schamberger479,GENERAL PRACTICE,1999-11,1,1,0,46.25,1887.46
557542335892374462,Rafael239 Delafuente833,GENERAL PRACTICE,1999-12,9,1,19,1317.6791666666672,48495.05
557542335892374462,Rafael239 Delafuente833,GENERAL PRACTICE,2000-01,4,1,5,87.78333333333332,5687.06
691551023407772307,Nickolas58 Schumm995,GENERAL PRACTICE,2000-02,1,1,0,15.0,234.71
280079293355470746,Wynell591 Mayert710,GENERAL PRACTICE,2000-02,1,1,4,55.15,3413.44
299028792677877871,Elijah719 White193,GENERAL PRACTICE,2000-02,1,1,4,43.166666666666664,3440.64
557542335892374462,Rafael239 Delafuente833,GENERAL PRACTICE,2000-02,2,1,4,84.82499999999999,4916.48
544507194386793082,Stephen891 Okuneva707,GENERAL PRACTICE,2000-02,1,1,6,33.48333333333334,7749.36
880092086278779627,Wes853 Torphy630,GENERAL PRACTICE,2000-03,1,1,0,480.0,146.18
557542335892374462,Rafael239 Delafuente833,GENERAL PRACTICE,2000-03,1,1,2,88.53333333333333,2458.24
1137716374724131528,Lady554 Kovacek682,GENERAL PRACTICE,2000-03,1,1,0,15.0,142.58
22180109166454162,Ariane992 Pagac496,GENERAL PRACTICE,2000-03,1,1,6,44.0,16385.88
691551023407772307,Nickolas58 Schumm995,GENERAL PRACTICE,2000-06,1,1,1,83.51666666666667,516.95
557542335892374462,Rafael239 Delafuente833,GENERAL PRACTICE,2000-07,1,1,3,45.833333333333336,66461.76
691551023407772307,Nickolas58 Schumm995,GENERAL PRACTICE,2000-07,2,1,2,51.38333333333334,5958.64
300220576871749095,Jamey282 Olson653,GENERAL PRACTICE,2000-07,1,1,35,43215.0,533278.55
87043910366159377,Velda682 Gutmann970,GENERAL PRACTICE,2000-07,1,1,0,31.65,704.20
747110926960089803,Gerard367 Pouros728,GENERAL PRACTICE,2000-07,1,1,0,31.233333333333334,704.20
385398007267188660,Donovan745 Daugherty69,GENERAL PRACTICE,2000-08,1,1,0,32.28333333333333,1291.56
670601237767308522,January966 Roberts511,GENERAL PRACTICE,2000-09,1,1,0,1440.0,13537.81
557542335892374462,Rafael239 Delafuente833,GENERAL PRACTICE,2000-09,1,1,1,79.63333333333334,516.95
993330102316984502,Gloria696 Deleón21,GENERAL PRACTICE,2000-10,1,1,0,26.25,704.20
247183019506608427,Lynwood354 Ratke343,GENERAL PRACTICE,2000-10,1,1,0,30.716666666666665,971.69
557542335892374462,Rafael239 Delafuente833,GENERAL PRACTICE,2000-10,1,1,1,60.5,516.95
534772609694406275,Alysha630 Koch169,GENERAL PRACTICE,2000-11,1,1,0,15.0,516.95
415187786701005895,Nicholas495 Greenfelder433,GENERAL PRACTICE,2000-11,1,1,0,15.0,92.93
767594969606856678,Numbers230 Stehr398,GENERAL PRACTICE,2000-12,1,1,0,15.0,92.93
280079293355470746,Wynell591 Mayert710,GENERAL PRACTICE,2001-02,1,1,6,36.56666666666667,6782.70
22180109166454162,Ariane992 Pagac496,GENERAL PRACTICE,2001-02,1,1,6,44.0,16385.88
544507194386793082,Stephen891 Okuneva707,GENERAL PRACTICE,2001-02,1,1,7,30.26666666666666,8993.32
691551023407772307,Nickolas58 Schumm995,GENERAL PRACTICE,2001-02,2,1,12,371.6,63382.91
299028792677877871,Elijah719 White193,GENERAL PRACTICE,2001-03,1,1,5,38.5,4300.80
557542335892374462,Rafael239 Delafuente833,GENERAL PRACTICE,2001-03,1,1,6,214.43333333333337,16043.70
311126358396755254,Ted955 Reilly981,GENERAL PRACTICE,2001-03,3,1,6,193.55277777777778,19401.64
691551023407772307,Nickolas58 Schumm995,GENERAL PRACTICE,2001-03,3,1,9,168.39074074074077,15868.95
557542335892374462,Rafael239 Delafuente833,GENERAL PRACTICE,2001-04,1,1,1,85.58333333333333,516.95
22180109166454162,Ariane992 Pagac496,GENERAL PRACTICE,2001-05,1,1,0,15.0,85.55
415187786701005895,Nicholas495 Greenfelder433,GENERAL PRACTICE,2001-05,1,1,0,15.0,85.55
557542335892374462,Rafael239 Delafuente833,GENERAL PRACTICE,2001-05,1,1,1,67.55,516.95
292967037467650792,Margarite168 Koepp521,GENERAL PRACTICE,2001-05,1,1,0,15.0,1005.38
557542335892374462,Rafael239 Delafuente833,GENERAL PRACTICE,2001-06,2,1,4,65.5,4656.20
385398007267188660,Donovan745 Daugherty69,GENERAL PRACTICE,2001-09,1,1,0,38.95,1216.98
557542335892374462,Rafael239 Delafuente833,GENERAL PRACTICE,2001-11,2,1,2,31.98888888888889,40337.27
688338662061437354,Brian582 Cummerata161,GENERAL PRACTICE,2001-12,1,1,0,50.6,1224.00
311126358396755254,Ted955 Reilly981,GENERAL PRACTICE,2001-12,1,1,0,274.1666666666667,1444.46
557542335892374462,Rafael239 Delafuente833,GENERAL PRACTICE,2001-12,1,1,2,3179.383333333333,82999.78
104443324623586425,Alan320 Keeling57,GENERAL PRACTICE,2002-01,1,1,0,41.983333333333334,923.80
22180109166454162,Ariane992 Pagac496,GENERAL PRACTICE,2002-01,1,1,1,38.333333333333336,5138.45
1108521240143207682,Sunny31 Gleason633,GENERAL PRACTICE,2002-01,1,1,0,42.0,778.78
691551023407772307,Nickolas58 Schumm995,GENERAL PRACTICE,2002-02,1,1,0,15.0,234.71
280079293355470746,Wynell591 Mayert710,GENERAL PRACTICE,2002-02,1,1,5,38.86666666666667,3893.90
311126358396755254,Ted955 Reilly981,GENERAL PRACTICE,2002-02,1,1,0,375.21666666666664,24338.85
22180109166454162,Ariane992 Pagac496,GENERAL PRACTICE,2002-02,1,1,6,44.0,16385.88
544507194386793082,Stephen891 Okuneva707,GENERAL PRACTICE,2002-02,1,1,5,44.583333333333336,6050.90
543343207625722774,Anh979 Schroeder447,GENERAL PRACTICE,2002-03,1,1,0,54.016666666666666,994.48
311126358396755254,Ted955 Reilly981,GENERAL PRACTICE,2002-03,3,1,6,207.3416666666667,22527.10
299028792677877871,Elijah719 White193,GENERAL PRACTICE,2002-03,1,1,6,41.48333333333334,5160.96
22180109166454162,Ariane992 Pagac496,GENERAL PRACTICE,2002-03,1,1,7,202.70000000000002,21737.45
557542335892374462,Rafael239 Delafuente833,GENERAL PRACTICE,2002-03,1,1,8,209.61666666666673,28294.00
31142709314832678,Catheryn300 Glover433,GENERAL PRACTICE,2002-04,19,1,23,15.0,18896.18
975376213565297911,Landon622 Kihn564,GENERAL PRACTICE,2002-04,1,1,1,15.0,573.98
880092086278779627,Wes853 Torphy630,GENERAL PRACTICE,2002-06,1,1,0,1020.0,146.18
120057643579548119,Enriqueta274 Barton704,GENERAL PRACTICE,2002-08,1,1,0,56.7,1125.36
910470809281918381,Agnes294 Dooley940,GENERAL PRACTICE,2002-11,1,1,0,46.38333333333333,943.23
544507194386793082,Stephen891 Okuneva707,GENERAL PRACTICE,2002-12,1,1,0,49.03333333333333,934.74
22180109166454162,Ariane992 Pagac496,GENERAL PRACTICE,2003-01,1,1,6,44.0,16385.88
544507194386793082,Stephen891 Okuneva707,GENERAL PRACTICE,2003-02,1,1,6,44.11666666666667,6455.16
691551023407772307,Nickolas58 Schumm995,GENERAL PRACTICE,2003-02,1,1,0,15.0,234.71
280079293355470746,Wynell591 Mayert710,GENERAL PRACTICE,2003-03,1,1,7,51.81666666666667,5973.52
557542335892374462,Rafael239 Delafuente833,GENERAL PRACTICE,2003-03,1,1,6,201.76666666666668,16043.70
22180109166454162,Ariane992 Pagac496,GENERAL PRACTICE,2003-03,1,1,7,254.95000000000002,21737.45
299028792677877871,Elijah719 White193,GENERAL PRACTICE,2003-03,1,1,7,42.06666666666667,6543.18
259733207554739476,Domitila545 Vandervort697,GENERAL PRACTICE,2003-04,1,1,0,15.0,1005.38
691551023407772307,Nickolas58 Schumm995,GENERAL PRACTICE,2003-04,1,1,0,4320.0,146.18
22180109166454162,Ariane992 Pagac496,GENERAL PRACTICE,2003-05,1,1,0,15.0,85.55
22180109166454162,Ariane992 Pagac496,GENERAL PRACTICE,2003-08,1,1,8,92.48333333333333,28890.64
247183019506608427,Lynwood354 Ratke343,GENERAL PRACTICE,2003-11,1,1,0,32.36666666666667,1326.65
326249472953830996,Marcus77 Schamberger479,GENERAL PRACTICE,2003-12,1,1,0,15.0,1005.38
22180109166454162,Ariane992 Pagac496,GENERAL PRACTICE,2003-12,1,1,6,44.0,16385.88
1108521240143207682,Sunny31 Gleason633,GENERAL PRACTICE,2004-01,1,1,8,38.9,8831.36
311126358396755254,Ted955 Reilly981,GENERAL PRACTICE,2004-01,2,1,11,888.5393939393939,99745.86
299028792677877871,Elijah719 White193,GENERAL PRACTICE,2004-03,1,1,6,57.65,10198.02
544507194386793082,Stephen891 Okuneva707,GENERAL PRACTICE,2004-03,1,1,7,33.449999999999996,8518.86
691551023407772307,Nickolas58 Schumm995,GENERAL PRACTICE,2004-03,2,1,7,153.4104166666667,21972.16
280079293355470746,Wynell591 Mayert710,GENERAL PRACTICE,2004-03,1,1,4,50.7,3115.12
557542335892374462,Rafael239 Delafuente833,GENERAL PRACTICE,2004-03,2,1,9,192.5759259259259,28810.95
557542335892374462,Rafael239 Delafuente833,GENERAL PRACTICE,2004-04,1,1,1,88.06666666666666,516.95
22180109166454162,Ariane992 Pagac496,GENERAL PRACTICE,2004-04,1,1,7,153.48333333333332,21737.45
885005692682172258,Jewel43 Kassulke119,GENERAL PRACTICE,2004-07,1,1,0,49.85,709.98
910470809281918381,Agnes294 Dooley940,GENERAL PRACTICE,2004-07,1,1,0,15.0,142.58
993330102316984502,Gloria696 Deleón21,GENERAL PRACTICE,2004-11,1,1,0,54.55,704.20
525551825041219194,Valentine262 Leannon79,GENERAL PRACTICE,2004-12,1,1,0,56.43333333333333,704.20
22180109166454162,Ariane992 Pagac496,GENERAL PRACTICE,2004-12,1,1,6,44.0,16385.88
1108521240143207682,Sunny31 Gleason633,GENERAL PRACTICE,2005-01,1,1,6,59.916666666666664,4225.20
559948107491974142,Jess275 Gutmann970,GENERAL PRACTICE,2005-01,1,1,0,60.0,146.18
1039168502954151773,Javier97 Collier206,GENERAL PRACTICE,2005-01,1,1,4,60.0,2608.64
711785781337608067,Isidro558 Kling921,GENERAL PRACTICE,2005-01,1,1,0,15.0,142.58
104443324623586425,Alan320 Keeling57,GENERAL PRACTICE,2005-01,1,1,0,35.3,996.16
557542335892374462,Rafael239 Delafuente833,GENERAL PRACTICE,2005-01,2,1,2,39.96666666666667,1465.30
157840080095889559,Son314 MacGyver246,GENERAL PRACTICE,2005-01,1,1,0,35.733333333333334,1055.90
80036345970440990,Jude172 Hammes673,GENERAL PRACTICE,2005-02,1,1,0,56.13333333333333,840.20
299028792677877871,Elijah719 White193,GENERAL PRACTICE,2005-03,1,1,7,40.85,6021.12
280079293355470746,Wynell591 Mayert710,GENERAL PRACTICE,2005-03,1,1,3,37.7,3850.74
557542335892374462,Rafael239 Delafuente833,GENERAL PRACTICE,2005-03,1,1,1,88.06666666666666,516.95
544507194386793082,Stephen891 Okuneva707,GENERAL PRACTICE,2005-03,1,1,4,45.083333333333336,4867.92
691551023407772307,Nickolas58 Schumm995,GENERAL PRACTICE,2005-03,2,1,8,155.1037037037037,28528.71
22180109166454162,Ariane992 Pagac496,GENERAL PRACTICE,2005-04,1,1,7,194.45000000000002,21737.45
557542335892374462,Rafael239 Delafuente833,GENERAL PRACTICE,2005-04,1,1,1,86.2,516.95
557542335892374462,Rafael239 Delafuente833,GENERAL PRACTICE,2005-05,1,1,1,80.15,516.95
557542335892374462,Rafael239 Delafuente833,GENERAL PRACTICE,2005-07,1,1,1,82.3,516.95
910470809281918381,Agnes294 Dooley940,GENERAL PRACTICE,2005-07,2,1,1,32.91666666666667,4195.49
572970996214541044,Amado512 Adams676,GENERAL PRACTICE,2005-08,1,1,0,54.733333333333334,1438.05
385398007267188660,Donovan745 Daugherty69,GENERAL PRACTICE,2005-09,1,1,0,343.0,3825.20
880092086278779627,Wes853 Torphy630,GENERAL PRACTICE,2005-10,1,1,0,60.0,146.18
544507194386793082,Stephen891 Okuneva707,GENERAL PRACTICE,2005-10,1,1,0,15.0,211.38
22180109166454162,Ariane992 Pagac496,GENERAL PRACTICE,2005-11,1,1,6,44.0,16385.88
157840080095889559,Son314 MacGyver246,GENERAL PRACTICE,2006-01,1,1,0,51.85,919.90
557542335892374462,Rafael239 Delafuente833,GENERAL PRACTICE,2006-01,2,1,5,44.48611111111111,3043.20
982978929763219993,Derick144 Bashirian201,GENERAL PRACTICE,2006-01,1,1,0,56.56666666666667,994.48
326249472953830996,Marcus77 Schamberger479,GENERAL PRACTICE,2006-02,1,1,0,85.01666666666667,3179.93
1108521240143207682,Sunny31 Gleason633,GENERAL PRACTICE,2006-02,1,1,7,38.15,9644.81
557542335892374462,Rafael239 Delafuente833,GENERAL PRACTICE,2006-02,1,1,6,218.01666666666668,16043.70
22180109166454162,Ariane992 Pagac496,GENERAL PRACTICE,2006-03,2,1,15,90.48333333333333,33480.73
280079293355470746,Wynell591 Mayert710,GENERAL PRACTICE,2006-03,1,1,6,31.86666666666667,5567.64
843686674439627048,Eleni953 Franecki195,GENERAL PRACTICE,2006-04,2,1,1,15.0,386.80
22180109166454162,Ariane992 Pagac496,GENERAL PRACTICE,2006-04,1,1,8,262.26666666666665,28294.00
299028792677877871,Elijah719 White193,GENERAL PRACTICE,2006-04,1,1,8,30.316666666666666,13834.56
175240302948815055,Clemente531 Schamberger479,GENERAL PRACTICE,2006-04,1,1,4,50.766666666666666,3158.72
557542335892374462,Rafael239 Delafuente833,GENERAL PRACTICE,2006-04,1,1,7,156.08333333333334,21737.45
300220576871749095,Jamey282 Olson653,GENERAL PRACTICE,2006-06,1,1,26,34788.63333333331,295202.18
627552435495576060,Louis204 Hauck852,GENERAL PRACTICE,2006-07,1,1,0,5757.3,9503.50
280079293355470746,Wynell591 Mayert710,GENERAL PRACTICE,2006-07,1,1,0,15.0,211.38
572970996214541044,Amado512 Adams676,GENERAL PRACTICE,2006-08,1,1,0,50.083333333333336,985.22
22180109166454162,Ariane992 Pagac496,GENERAL PRACTICE,2006-10,1,1,6,44.0,16385.88
247183019506608427,Lynwood354 Ratke343,GENERAL PRACTICE,2006-11,1,1,6,36.9,5488.68
193210267373407472,Amparo58 Hayes766,GENERAL PRACTICE,2006-11,1,1,0,35.333333333333336,1295.00
910470809281918381,Agnes294 Dooley940,GENERAL PRACTICE,2007-01,1,1,1,55.083333333333336,573.98
22180109166454162,Ariane992 Pagac496,GENERAL PRACTICE,2007-01,1,1,1,25.833333333333332,9418.98
910470809281918381,Agnes294 Dooley940,GENERAL PRACTICE,2007-02,1,1,20,15.0,648065.40
157840080095889559,Son314 MacGyver246,GENERAL PRACTICE,2007-02,1,1,0,42.6,840.20
1108521240143207682,Sunny31 Gleason633,GENERAL PRACTICE,2007-02,1,1,4,53.11666666666667,3413.44
910470809281918381,Agnes294 Dooley940,GENERAL PRACTICE,2007-03,1,1,3,15.0,34562.88
835509182532742600,Larraine124 Torphy630,GENERAL PRACTICE,2007-03,1,1,0,47.18333333333333,1433.92
299028792677877871,Elijah719 White193,GENERAL PRACTICE,2007-04,1,1,3,33.233333333333334,3007.56
944661317191180968,Sherron201 Flatley871,GENERAL PRACTICE,2007-04,1,1,0,60.0,146.18
910470809281918381,Agnes294 Dooley940,GENERAL PRACTICE,2007-04,1,1,4,15.0,67575.48
910470809281918381,Agnes294 Dooley940,GENERAL PRACTICE,2007-05,1,1,2,15.0,16219.68
944661317191180968,Sherron201 Flatley871,GENERAL PRACTICE,2007-05,1,1,0,60.0,87.71
910470809281918381,Agnes294 Dooley940,GENERAL PRACTICE,2007-06,1,1,2,15.0,11416.86
990948620886424088,Jarvis643 Ankunding277,GENERAL PRACTICE,2007-07,1,1,0,30.95,9436.71
910470809281918381,Agnes294 Dooley940,GENERAL PRACTICE,2007-07,1,1,5,15.0,74577.05
366615259928051559,Jodie811 Hermann103,GENERAL PRACTICE,2007-08,1,1,0,36.583333333333336,853.36
910470809281918381,Agnes294 Dooley940,GENERAL PRACTICE,2007-08,1,1,2,15.0,13218.34
990709651186964044,Tynisha348 Howe413,GENERAL PRACTICE,2007-09,1,1,2,60.0,29604.82
572970996214541044,Amado512 Adams676,GENERAL PRACTICE,2007-09,1,1,0,45.6,1268.16
910470809281918381,Agnes294 Dooley940,GENERAL PRACTICE,2007-09,1,1,3,15.0,34693.29
22180109166454162,Ariane992 Pagac496,GENERAL PRACTICE,2007-09,1,1,6,44.0,16385.88
910470809281918381,Agnes294 Dooley940,GENERAL PRACTICE,2007-11,1,1,2,15.0,2010.76
104443324623586425,Alan320 Keeling57,GENERAL PRACTICE,2008-01,1,1,0,45.766666666666666,934.74
990709651186964044,Tynisha348 Howe413,GENERAL PRACTICE,2008-01,1,1,1,60.0,16125.04
1108521240143207682,Sunny31 Gleason633,GENERAL PRACTICE,2008-02,1,1,7,36.11666666666667,6439.30
299028792677877871,Elijah719 White193,GENERAL PRACTICE,2008-04,1,1,6,47.43333333333333,7278.60
22180109166454162,Ariane992 Pagac496,GENERAL PRACTICE,2008-04,1,1,8,203.25,28294.00
910470809281918381,Agnes294 Dooley940,GENERAL PRACTICE,2008-07,1,1,0,15.0,85.55
990948620886424088,Jarvis643 Ankunding277,GENERAL PRACTICE,2008-07,1,1,1,19.433333333333334,1250.85
22180109166454162,Ariane992 Pagac496,GENERAL PRACTICE,2008-08,1,1,6,44.0,16385.88
572970996214541044,Amado512 Adams676,GENERAL PRACTICE,2008-09,1,1,0,34.81666666666667,1777.58
910470809281918381,Agnes294 Dooley940,GENERAL PRACTICE,2008-09,2,1,24,24.572222222222223,713351.40
910470809281918381,Agnes294 Dooley940,GENERAL PRACTICE,2008-10,1,1,3,15.0,25187.91
559948107491974142,Jess275 Gutmann970,GENERAL PRACTICE,2008-10,1,1,0,6780.0,1025.09
910470809281918381,Agnes294 Dooley940,GENERAL PRACTICE,2008-11,1,1,4,15.0,78121.12
944661317191180968,Sherron201 Flatley871,GENERAL PRACTICE,2008-12,1,1,0,60.0,5308.14
910470809281918381,Agnes294 Dooley940,GENERAL PRACTICE,2008-12,1,1,2,15.0,23735.64
910470809281918381,Agnes294 Dooley940,GENERAL PRACTICE,2009-01,1,1,2,15.0,26995.44
659708650451791585,Thanh759 Weber641,GENERAL PRACTICE,2009-01,1,1,0,59.766666666666666,727.53
910470809281918381,Agnes294 Dooley940,GENERAL PRACTICE,2009-02,1,1,5,15.0,73076.45
1108521240143207682,Sunny31 Gleason633,GENERAL PRACTICE,2009-02,1,1,9,39.949999999999996,9667.44
797317867592804508,Idella49 Runte676,GENERAL PRACTICE,2009-03,1,1,0,34.333333333333336,1411.83
843686674439627048,Eleni953 Franecki195,GENERAL PRACTICE,2009-03,1,1,8,218.5,28294.00
910470809281918381,Agnes294 Dooley940,GENERAL PRACTICE,2009-03,2,1,5,15.0,56461.21
1137716374724131528,Lady554 Kovacek682,GENERAL PRACTICE,2009-04,1,1,0,50.63333333333333,1664.60
299028792677877871,Elijah719 White193,GENERAL PRACTICE,2009-04,1,1,5,44.53333333333333,5792.40
990709651186964044,Tynisha348 Howe413,GENERAL PRACTICE,2009-04,1,1,1,60.0,577.58
22180109166454162,Ariane992 Pagac496,GENERAL PRACTICE,2009-05,2,1,8,255.6074074074074,28379.55
1137716374724131528,Lady554 Kovacek682,GENERAL PRACTICE,2009-05,1,1,0,57.833333333333336,1568.93
910470809281918381,Agnes294 Dooley940,GENERAL PRACTICE,2009-05,1,1,2,15.0,2010.76
299028792677877871,Elijah719 White193,GENERAL PRACTICE,2009-06,1,1,0,15.0,211.38
910470809281918381,Agnes294 Dooley940,GENERAL PRACTICE,2009-06,1,1,1,15.0,4575.68
982453732923389287,Leonie332 Wunsch504,GENERAL PRACTICE,2009-06,1,1,0,56.78333333333333,982.70
910470809281918381,Agnes294 Dooley940,GENERAL PRACTICE,2009-07,1,1,0,15.0,85.55
1137716374724131528,Lady554 Kovacek682,GENERAL PRACTICE,2009-08,2,1,14,123.0666666666667,28396.34
910470809281918381,Agnes294 Dooley940,GENERAL PRACTICE,2009-09,1,1,1,15.0,1250.85
466401755129169261,Carson894 Krajcik437,GENERAL PRACTICE,2009-10,1,1,0,15.0,516.95
193210267373407472,Amparo58 Hayes766,GENERAL PRACTICE,2009-11,1,1,7,50.13333333333333,6988.66
993907016931615886,Parker433 Bailey598,GENERAL PRACTICE,2009-11,1,1,8,190.08333333333331,28294.00
910470809281918381,Agnes294 Dooley940,GENERAL PRACTICE,2009-11,1,1,8,243.08333333333331,28294.00
247183019506608427,Lynwood354 Ratke343,GENERAL PRACTICE,2009-11,2,2,8,46.47222222222222,7680.24
1001738655707008065,Jennefer743 Hudson301,GENERAL PRACTICE,2009-12,1,1,16,8655.0,108761.92
910470809281918381,Agnes294 Dooley940,GENERAL PRACTICE,2009-12,1,1,1,16.683333333333334,1250.85
1108521240143207682,Sunny31 Gleason633,GENERAL PRACTICE,2010-02,1,1,5,46.86666666666667,4573.90
910470809281918381,Agnes294 Dooley940,GENERAL PRACTICE,2010-03,1,1,1,15.0,1250.85
1137716374724131528,Lady554 Kovacek682,GENERAL PRACTICE,2010-04,2,1,12,49.576388888888886,23449.46
910470809281918381,Agnes294 Dooley940,GENERAL PRACTICE,2010-06,2,1,2,16.53333333333333,3482.82
87043910366159377,Velda682 Gutmann970,GENERAL PRACTICE,2010-08,1,1,0,36.78333333333333,778.78
910470809281918381,Agnes294 Dooley940,GENERAL PRACTICE,2010-09,1,1,1,15.0,1250.85
910470809281918381,Agnes294 Dooley940,GENERAL PRACTICE,2010-10,3,1,1,18.48888888888889,6133.81
1137716374724131528,Lady554 Kovacek682,GENERAL PRACTICE,2010-10,1,1,6,47.833333333333336,5707.62
1063416607639151960,Sharyl439 Williamson769,GENERAL PRACTICE,2010-10,1,1,0,44.233333333333334,704.20
910470809281918381,Agnes294 Dooley940,GENERAL PRACTICE,2010-11,1,1,2,23569.5,32707.98
990948620886424088,Jarvis643 Ankunding277,GENERAL PRACTICE,2010-11,1,1,1,65.81666666666666,573.98
910470809281918381,Agnes294 Dooley940,GENERAL PRACTICE,2010-12,2,1,2,15.0,17074.67
767594969606856678,Numbers230 Stehr398,GENERAL PRACTICE,2010-12,2,1,0,22.391666666666666,602.50
993907016931615886,Parker433 Bailey598,GENERAL PRACTICE,2010-12,1,1,2,15.0,31510.56
910470809281918381,Agnes294 Dooley940,GENERAL PRACTICE,2011-01,1,1,1,15.0,10120.49
767594969606856678,Numbers230 Stehr398,GENERAL PRACTICE,2011-01,1,1,0,15.0,1005.38
993907016931615886,Parker433 Bailey598,GENERAL PRACTICE,2011-01,1,1,2,15.0,2010.76
1137716374724131528,Lady554 Kovacek682,GENERAL PRACTICE,2011-02,1,1,6,44.0,16385.88
104443324623586425,Alan320 Keeling57,GENERAL PRACTICE,2011-02,1,1,0,37.15,1075.86
910470809281918381,Agnes294 Dooley940,GENERAL PRACTICE,2011-03,2,1,2,15.0,6606.65
797317867592804508,Idella49 Runte676,GENERAL PRACTICE,2011-03,1,1,0,53.35,1087.01
843686674439627048,Eleni953 Franecki195,GENERAL PRACTICE,2011-03,2,1,9,225.91499999999996,35798.90
1108521240143207682,Sunny31 Gleason633,GENERAL PRACTICE,2011-03,1,1,8,45.46666666666667,8447.20
910470809281918381,Agnes294 Dooley940,GENERAL PRACTICE,2011-04,1,1,1,15.0,9113.55
1137716374724131528,Lady554 Kovacek682,GENERAL PRACTICE,2011-04,1,1,7,55.300000000000004,14731.71
311126358396755254,Ted955 Reilly981,GENERAL PRACTICE,2011-04,2,1,0,892.4,10525.86
138629371706085844,Sandie760 Rodriguez71,GENERAL PRACTICE,2011-04,1,1,0,38.36666666666667,1567.00
835509182532742600,Larraine124 Torphy630,GENERAL PRACTICE,2011-04,1,1,0,39.88333333333333,1644.50
910470809281918381,Agnes294 Dooley940,GENERAL PRACTICE,2011-05,2,1,1,15.0,5498.38
910470809281918381,Agnes294 Dooley940,GENERAL PRACTICE,2011-06,2,1,2,17.183333333333334,22411.11
1137716374724131528,Lady554 Kovacek682,GENERAL PRACTICE,2011-07,1,1,5,39.43333333333333,4076.35
990948620886424088,Jarvis643 Ankunding277,GENERAL PRACTICE,2011-07,1,1,0,15.0,142.58
311126358396755254,Ted955 Reilly981,GENERAL PRACTICE,2011-08,1,1,3,85.05,7270.17
843686674439627048,Eleni953 Franecki195,GENERAL PRACTICE,2011-08,1,1,0,15.0,234.71
1137716374724131528,Lady554 Kovacek682,GENERAL PRACTICE,2011-08,1,1,3,52.166666666666664,2853.81
1149431584739820752,Jill895 Monahan736,GENERAL PRACTICE,2011-08,1,1,0,48.7,1050.78
910470809281918381,Agnes294 Dooley940,GENERAL PRACTICE,2011-09,1,1,1,18.633333333333333,1428.63
311126358396755254,Ted955 Reilly981,GENERAL PRACTICE,2011-09,1,1,2,30.0,4999.40
326249472953830996,Marcus77 Schamberger479,GENERAL PRACTICE,2011-10,1,1,0,1440.0,3817.64
1137716374724131528,Lady554 Kovacek682,GENERAL PRACTICE,2011-11,1,1,7,35.300000000000004,7899.92
910470809281918381,Agnes294 Dooley940,GENERAL PRACTICE,2011-12,1,1,1,17.033333333333335,1722.37
1137716374724131528,Lady554 Kovacek682,GENERAL PRACTICE,2011-12,1,1,7,220.5,21737.45
1137716374724131528,Lady554 Kovacek682,GENERAL PRACTICE,2012-01,2,1,34,25173.360294117647,460010.05
1137716374724131528,Lady554 Kovacek682,GENERAL PRACTICE,2012-02,1,1,4,43.016666666666666,3805.08
910470809281918381,Agnes294 Dooley940,GENERAL PRACTICE,2012-03,1,1,1,17.266666666666666,1250.85
311126358396755254,Ted955 Reilly981,GENERAL PRACTICE,2012-03,10,1,12,1982.6775000000005,96164.38
1108521240143207682,Sunny31 Gleason633,GENERAL PRACTICE,2012-03,1,1,7,39.18333333333333,11491.06
1137716374724131528,Lady554 Kovacek682,GENERAL PRACTICE,2012-03,1,1,6,44.0,16385.88
80036345970440990,Jude172 Hammes673,GENERAL PRACTICE,2012-03,1,1,0,52.71666666666667,704.20
259733207554739476,Domitila545 Vandervort697,GENERAL PRACTICE,2012-04,1,1,0,34.03333333333333,1272.18
311126358396755254,Ted955 Reilly981,GENERAL PRACTICE,2012-04,22,1,0,15.0,3136.76
1137716374724131528,Lady554 Kovacek682,GENERAL PRACTICE,2012-04,1,1,7,38.800000000000004,7268.52
466401755129169261,Carson894 Krajcik437,GENERAL PRACTICE,2012-05,2,1,0,20.125,602.50
311126358396755254,Ted955 Reilly981,GENERAL PRACTICE,2012-05,18,1,2,16.57894736842105,6775.88
910470809281918381,Agnes294 Dooley940,GENERAL PRACTICE,2012-05,1,1,1,29.983333333333334,6225.40
1137716374724131528,Lady554 Kovacek682,GENERAL PRACTICE,2012-05,2,1,10,138.235,24337.01
305532101201638812,Cristy798 Auer97,GENERAL PRACTICE,2012-06,1,1,4,60.0,3503.60
688338662061437354,Brian582 Cummerata161,GENERAL PRACTICE,2012-06,4,1,12,38.92619047619048,16123.63
910470809281918381,Agnes294 Dooley940,GENERAL PRACTICE,2012-06,1,1,1,15.616666666666667,2666.50
119816323964506061,Clement78 Gleason633,GENERAL PRACTICE,2012-07,1,1,0,60.0,87.71
305532101201638812,Cristy798 Auer97,GENERAL PRACTICE,2012-07,1,1,4,60.0,4366.40
688338662061437354,Brian582 Cummerata161,GENERAL PRACTICE,2012-07,2,1,1,15.0,935.18
747110926960089803,Gerard367 Pouros728,GENERAL PRACTICE,2012-07,1,1,0,50.46666666666667,1183.72
990948620886424088,Jarvis643 Ankunding277,GENERAL PRACTICE,2012-07,1,1,0,15.0,142.58
1137716374724131528,Lady554 Kovacek682,GENERAL PRACTICE,2012-07,1,1,0,15.0,85.55
120057643579548119,Enriqueta274 Barton704,GENERAL PRACTICE,2012-08,1,1,0,30.366666666666667,853.36
1137716374724131528,Lady554 Kovacek682,GENERAL PRACTICE,2012-08,2,1,10,128.57833333333335,24183.26
910470809281918381,Agnes294 Dooley940,GENERAL PRACTICE,2012-09,1,1,1,18.933333333333334,3797.25
717311760003828486,Maren639 Aufderhar910,GENERAL PRACTICE,2012-10,1,1,0,43.43333333333333,919.90
311126358396755254,Ted955 Reilly981,GENERAL PRACTICE,2012-10,1,1,0,301.1666666666667,1444.46
1063416607639151960,Sharyl439 Williamson769,GENERAL PRACTICE,2012-10,1,1,0,54.85,849.22
843686674439627048,Eleni953 Franecki195,GENERAL PRACTICE,2012-10,1,1,1,20.383333333333333,7751.57
193210267373407472,Amparo58 Hayes766,GENERAL PRACTICE,2012-11,1,1,4,59.166666666666664,3413.44
385398007267188660,Donovan745 Daugherty69,GENERAL PRACTICE,2012-11,1,1,0,32.583333333333336,795.14
247183019506608427,Lynwood354 Ratke343,GENERAL PRACTICE,2012-11,1,1,5,48.63333333333333,3893.90
311126358396755254,Ted955 Reilly981,GENERAL PRACTICE,2012-11,2,2,2,121.72777777777777,3808.36
910470809281918381,Agnes294 Dooley940,GENERAL PRACTICE,2012-12,1,1,1,18.766666666666666,3167.75
910470809281918381,Agnes294 Dooley940,GENERAL PRACTICE,2013-01,1,1,1,15.0,775.79
1137716374724131528,Lady554 Kovacek682,GENERAL PRACTICE,2013-01,1,1,6,44.0,16385.88
525551825041219194,Valentine262 Leannon79,GENERAL PRACTICE,2013-01,1,1,0,30.9,704.20
119816323964506061,Clement78 Gleason633,GENERAL PRACTICE,2013-01,1,1,0,60.0,12010.67
543343207625722774,Anh979 Schroeder447,GENERAL PRACTICE,2013-01,1,1,0,50.68333333333333,1247.93
885005692682172258,Jewel43 Kassulke119,GENERAL PRACTICE,2013-02,1,1,1,15.0,784.17
910470809281918381,Agnes294 Dooley940,GENERAL PRACTICE,2013-02,1,1,6,225.06666666666663,16043.70
990709651186964044,Tynisha348 Howe413,GENERAL PRACTICE,2013-02,1,1,4,60.0,2854.32
544507194386793082,Stephen891 Okuneva707,GENERAL PRACTICE,2013-02,1,1,0,37.43333333333333,860.16
843686674439627048,Eleni953 Franecki195,GENERAL PRACTICE,2013-03,1,1,7,188.51666666666668,21737.45
797317867592804508,Idella49 Runte676,GENERAL PRACTICE,2013-03,1,1,0,56.416666666666664,704.20
910470809281918381,Agnes294 Dooley940,GENERAL PRACTICE,2013-03,1,1,1,15.0,4575.68
1108521240143207682,Sunny31 Gleason633,GENERAL PRACTICE,2013-03,1,1,7,58.03333333333332,5451.46
811344739361390226,Thaddeus38 Stiedemann542,GENERAL PRACTICE,2013-04,1,1,0,45.13333333333333,919.90
835509182532742600,Larraine124 Torphy630,GENERAL PRACTICE,2013-04,1,1,0,53.31666666666667,1433.92
311126358396755254,Ted955 Reilly981,GENERAL PRACTICE,2013-05,2,1,9,1944.4333333333334,37569.09
1137716374724131528,Lady554 Kovacek682,GENERAL PRACTICE,2013-05,1,1,5,34.8,8009.05
910470809281918381,Agnes294 Dooley940,GENERAL PRACTICE,2013-05,1,1,0,15.0,142.58
494963808912363135,Silva841 Grimes165,GENERAL PRACTICE,2013-06,1,1,0,30.766666666666666,1240.31
910470809281918381,Agnes294 Dooley940,GENERAL PRACTICE,2013-06,1,1,1,15.0,1250.85
982453732923389287,Leonie332 Wunsch504,GENERAL PRACTICE,2013-06,1,1,0,42.15,704.20
1108521240143207682,Sunny31 Gleason633,GENERAL PRACTICE,2013-06,1,1,0,15.0,211.38
119816323964506061,Clement78 Gleason633,GENERAL PRACTICE,2013-08,1,1,0,60.0,146.18
87043910366159377,Velda682 Gutmann970,GENERAL PRACTICE,2013-08,1,1,0,34.38333333333333,1291.31
677098075056565681,Tracy345 Wilderman619,GENERAL PRACTICE,2013-08,1,1,0,28.766666666666666,952.92
1137716374724131528,Lady554 Kovacek682,GENERAL PRACTICE,2013-09,2,1,13,138.23974358974368,32621.87
910470809281918381,Agnes294 Dooley940,GENERAL PRACTICE,2013-09,1,1,1,18.833333333333332,2966.91
819112072617298357,Elmer371 Gusikowski974,GENERAL PRACTICE,2013-09,1,1,0,15.0,816.80
993907016931615886,Parker433 Bailey598,GENERAL PRACTICE,2013-09,2,1,4,15.0,26046.12
1063416607639151960,Sharyl439 Williamson769,GENERAL PRACTICE,2013-10,1,1,0,55.2,785.58
993907016931615886,Parker433 Bailey598,GENERAL PRACTICE,2013-10,1,1,3,15.0,4581.87
1137716374724131528,Lady554 Kovacek682,GENERAL PRACTICE,2013-11,2,1,14,122.79047619047618,35110.36
311126358396755254,Ted955 Reilly981,GENERAL PRACTICE,2013-11,1,1,0,299.75,1875.86
220387732963487694,Sulema841 Ryan260,GENERAL PRACTICE,2013-11,1,1,0,77.88333333333334,1184.50
910470809281918381,Agnes294 Dooley940,GENERAL PRACTICE,2013-12,1,1,1,15.0,1250.85
659708650451791585,Thanh759 Weber641,GENERAL PRACTICE,2013-12,1,1,0,15.0,1005.38
1137716374724131528,Lady554 Kovacek682,GENERAL PRACTICE,2014-01,1,1,6,44.0,16385.88
773210380597549127,Dylan44 Robel940,GENERAL PRACTICE,2014-01,1,1,0,15.0,85.55
259733207554739476,Domitila545 Vandervort697,GENERAL PRACTICE,2014-02,1,1,0,15.0,85.55
993907016931615886,Parker433 Bailey598,GENERAL PRACTICE,2014-02,1,1,0,15.0,85.55
945768052921162857,Arden380 Bergstrom287,GENERAL PRACTICE,2014-02,1,1,0,15.0,85.55
589522183230517886,Cleveland582 Kuphal363,GENERAL PRACTICE,2014-02,1,1,0,15.0,85.55
933374996853591879,Damaris45 Funk324,GENERAL PRACTICE,2014-02,1,1,0,15.0,85.55
247183019506608427,Lynwood354 Ratke343,GENERAL PRACTICE,2014-02,1,1,5,30.1,3521.00
385398007267188660,Donovan745 Daugherty69,GENERAL PRACTICE,2014-02,1,1,0,15.0,85.55
910470809281918381,Agnes294 Dooley940,GENERAL PRACTICE,2014-02,1,1,0,15.0,85.55
635693475161891891,Chanelle850 Schuster709,GENERAL PRACTICE,2014-02,1,1,0,15.0,85.55
843686674439627048,Eleni953 Franecki195,GENERAL PRACTICE,2014-02,1,1,0,15.0,85.55
797317867592804508,Idella49 Runte676,GENERAL PRACTICE,2014-03,1,1,0,36.166666666666664,1567.00
358575454180073229,Luther918 Jakubowski832,GENERAL PRACTICE,2014-03,3,1,0,29.372222222222224,1176.48
1137716374724131528,Lady554 Kovacek682,GENERAL PRACTICE,2014-03,1,1,6,38.75,4891.62
910470809281918381,Agnes294 Dooley940,GENERAL PRACTICE,2014-03,1,1,1,15.0,4575.68
385398007267188660,Donovan745 Daugherty69,GENERAL PRACTICE,2014-03,1,1,0,15.0,85.55
305532101201638812,Cristy798 Auer97,GENERAL PRACTICE,2014-04,1,1,0,60.0,295.34
811344739361390226,Thaddeus38 Stiedemann542,GENERAL PRACTICE,2014-04,1,1,0,51.016666666666666,919.90
635693475161891891,Chanelle850 Schuster709,GENERAL PRACTICE,2014-04,1,1,0,15.0,85.55
104443324623586425,Alan320 Keeling57,GENERAL PRACTICE,2014-04,1,1,0,49.6,1210.18
910470809281918381,Agnes294 Dooley940,GENERAL PRACTICE,2014-04,1,1,0,15.0,85.55
688338662061437354,Brian582 Cummerata161,GENERAL PRACTICE,2014-04,3,1,11,46.95416666666667,9887.04
993907016931615886,Parker433 Bailey598,GENERAL PRACTICE,2014-04,2,1,4,15.0,22988.60
945768052921162857,Arden380 Bergstrom287,GENERAL PRACTICE,2014-04,1,1,0,15.0,85.55
933374996853591879,Damaris45 Funk324,GENERAL PRACTICE,2014-04,1,1,0,15.0,85.55
688338662061437354,Brian582 Cummerata161,GENERAL PRACTICE,2014-05,1,1,1,15.0,507.44
910470809281918381,Agnes294 Dooley940,GENERAL PRACTICE,2014-05,1,1,0,15.0,142.58
993907016931615886,Parker433 Bailey598,GENERAL PRACTICE,2014-05,1,1,3,15.0,4331.04
534772609694406275,Alysha630 Koch169,GENERAL PRACTICE,2014-05,1,1,0,15.0,85.55
1137716374724131528,Lady554 Kovacek682,GENERAL PRACTICE,2014-05,3,1,15,264.63111111111107,55825.56
910470809281918381,Agnes294 Dooley940,GENERAL PRACTICE,2014-06,1,1,1,15.0,1250.85
506566847745572873,Pearlene638 Towne435,GENERAL PRACTICE,2014-06,1,1,0,56.63333333333333,919.90
843686674439627048,Eleni953 Franecki195,GENERAL PRACTICE,2014-06,1,1,0,44.0,2730.98
990948620886424088,Jarvis643 Ankunding277,GENERAL PRACTICE,2014-06,1,1,0,15.0,142.58
326249472953830996,Marcus77 Schamberger479,GENERAL PRACTICE,2014-07,1,1,0,15.0,92.93
885005692682172258,Jewel43 Kassulke119,GENERAL PRACTICE,2014-08,1,1,5,57.38333333333334,5001.30
993907016931615886,Parker433 Bailey598,GENERAL PRACTICE,2014-08,4,1,8,168.57166666666666,27047.00
120057643579548119,Enriqueta274 Barton704,GENERAL PRACTICE,2014-08,1,1,0,40.86666666666667,1177.97
993907016931615886,Parker433 Bailey598,GENERAL PRACTICE,2014-09,1,1,4,69.06666666666666,4910.32
461859169553966575,Lael572 Kris249,GENERAL PRACTICE,2014-09,1,1,24,27375.0,251787.12
910470809281918381,Agnes294 Dooley940,GENERAL PRACTICE,2014-09,1,1,1,15.0,1250.85
1137716374724131528,Lady554 Kovacek682,GENERAL PRACTICE,2014-09,1,1,6,59.93333333333333,5707.62
843686674439627048,Eleni953 Franecki195,GENERAL PRACTICE,2014-10,1,1,0,3123.1,2319.26
993907016931615886,Parker433 Bailey598,GENERAL PRACTICE,2014-10,1,1,1,15.0,7296.33
1001810865406500417,Bennett146 Rippin620,GENERAL PRACTICE,2014-10,1,1,0,15.0,92.93
933374996853591879,Damaris45 Funk324,GENERAL PRACTICE,2014-10,1,1,0,15.0,85.55
717311760003828486,Maren639 Aufderhar910,GENERAL PRACTICE,2014-10,1,1,0,57.6,778.78
757165526207794756,Hunter736 Lesch175,GENERAL PRACTICE,2014-11,1,1,0,32.81666666666667,652.95
993907016931615886,Parker433 Bailey598,GENERAL PRACTICE,2014-11,1,1,1,15.0,15801.58
993907016931615886,Parker433 Bailey598,GENERAL PRACTICE,2014-12,1,1,1,15.0,17561.40
423527009837327279,Benita195 VonRueden376,GENERAL PRACTICE,2014-12,1,1,0,15.0,704.20
840366989655278220,Francene766 Halvorson124,GENERAL PRACTICE,2014-12,1,1,0,15.0,347.38
543343207625722774,Anh979 Schroeder447,GENERAL PRACTICE,2014-12,1,1,0,44.233333333333334,914.78
910470809281918381,Agnes294 Dooley940,GENERAL PRACTICE,2014-12,1,1,1,15.466666666666667,1692.64
929246809949396381,Patricia625 Aragón562,GENERAL PRACTICE,2015-01,1,1,0,15.0,816.80
677098075056565681,Tracy345 Wilderman619,GENERAL PRACTICE,2015-01,1,1,0,53.78333333333333,1438.46
311126358396755254,Ted955 Reilly981,GENERAL PRACTICE,2015-01,2,1,10,1963.5333333333333,237648.80
1137716374724131528,Lady554 Kovacek682,GENERAL PRACTICE,2015-01,2,1,15,142.63777777777779,34000.89
993907016931615886,Parker433 Bailey598,GENERAL PRACTICE,2015-01,1,1,1,15.0,15344.80
1137716374724131528,Lady554 Kovacek682,GENERAL PRACTICE,2015-02,1,1,6,44.0,16385.88
586559239168840965,Tran115 Jakubowski832,GENERAL PRACTICE,2015-02,1,1,26,35785.46666666667,295202.18
993907016931615886,Parker433 Bailey598,GENERAL PRACTICE,2015-02,1,1,1,15.0,5355.80
503147753871397607,Carroll471 Eichmann909,GENERAL PRACTICE,2015-02,1,1,0,15.0,92.93
157840080095889559,Son314 MacGyver246,GENERAL PRACTICE,2015-03,1,1,0,38.96666666666667,799.06
993907016931615886,Parker433 Bailey598,GENERAL PRACTICE,2015-03,1,1,1,15.0,19018.70
102866377024841118,Rema399 McDermott739,GENERAL PRACTICE,2015-03,1,1,0,43.516666666666666,925.68
767594969606856678,Numbers230 Stehr398,GENERAL PRACTICE,2015-03,1,1,0,48.233333333333334,652.95
247183019506608427,Lynwood354 Ratke343,GENERAL PRACTICE,2015-03,1,1,0,15.0,211.38
80036345970440990,Jude172 Hammes673,GENERAL PRACTICE,2015-03,1,1,0,50.36666666666667,778.78
138629371706085844,Sandie760 Rodriguez71,GENERAL PRACTICE,2015-04,1,1,0,35.083333333333336,1186.78
104443324623586425,Alan320 Keeling57,GENERAL PRACTICE,2015-04,1,1,0,53.766666666666666,778.78
801728232490770318,Ulysses632 Ziemann98,GENERAL PRACTICE,2015-04,1,1,0,15.0,272.80
797317867592804508,Idella49 Runte676,GENERAL PRACTICE,2015-04,1,1,0,53.916666666666664,1139.50
688338662061437354,Brian582 Cummerata161,GENERAL PRACTICE,2015-05,1,1,7,30.650000000000002,6106.10
982453732923389287,Leonie332 Wunsch504,GENERAL PRACTICE,2015-05,1,1,0,47.61666666666667,914.78
1137716374724131528,Lady554 Kovacek682,GENERAL PRACTICE,2015-05,2,1,16,105.53958333333331,49840.85
1001928878040672327,Sharron285 Batz141,GENERAL PRACTICE,2015-05,1,1,0,15.0,516.95
506566847745572873,Pearlene638 Towne435,GENERAL PRACTICE,2015-06,1,1,0,30.7,783.90
990948620886424088,Jarvis643 Ankunding277,GENERAL PRACTICE,2015-06,1,1,0,15.0,142.58
747110926960089803,Gerard367 Pouros728,GENERAL PRACTICE,2015-07,1,1,0,34.43333333333333,1182.12
247183019506608427,Lynwood354 Ratke343,GENERAL PRACTICE,2015-09,1,1,0,56.25,914.78
259733207554739476,Domitila545 Vandervort697,GENERAL PRACTICE,2015-09,1,1,0,20.483333333333334,10435.50
914990834498768109,Zachary28 Gleichner915,GENERAL PRACTICE,2015-09,1,1,0,18.766666666666666,1567.00
193210267373407472,Amparo58 Hayes766,GENERAL PRACTICE,2015-09,1,1,6,42.51666666666666,6017.76
572970996214541044,Amado512 Adams676,GENERAL PRACTICE,2015-10,1,1,0,51.13333333333333,785.58
311126358396755254,Ted955 Reilly981,GENERAL PRACTICE,2015-10,2,1,0,37.5,9572.30
649208082638985778,Derick144 King743,GENERAL PRACTICE,2015-10,1,1,0,15.0,272.80
717311760003828486,Maren639 Aufderhar910,GENERAL PRACTICE,2015-10,1,1,0,55.0,778.78
1137716374724131528,Lady554 Kovacek682,GENERAL PRACTICE,2015-11,1,1,5,37.583333333333336,8909.55
843686674439627048,Eleni953 Franecki195,GENERAL PRACTICE,2015-11,1,1,0,43.38333333333333,985.50
104443324623586425,Alan320 Keeling57,GENERAL PRACTICE,2015-11,1,1,0,34.96666666666667,1125.36
259733207554739476,Domitila545 Vandervort697,GENERAL PRACTICE,2015-11,1,1,0,38.88333333333333,732.65
385398007267188660,Donovan745 Daugherty69,GENERAL PRACTICE,2015-11,1,1,0,53.15,2011.56
757165526207794756,Hunter736 Lesch175,GENERAL PRACTICE,2015-11,1,1,0,15.0,142.58
1063416607639151960,Sharyl439 Williamson769,GENERAL PRACTICE,2015-11,1,1,0,30.366666666666667,1001.28
557542335892374462,Rafael239 Delafuente833,GENERAL PRACTICE,2016-01,1,1,0,1873.0,7867.95
543343207625722774,Anh979 Schroeder447,GENERAL PRACTICE,2016-01,2,2,0,15.0,1595.58
1137716374724131528,Lady554 Kovacek682,GENERAL PRACTICE,2016-02,3,1,25,223.98066666666665,85240.97
311126358396755254,Ted955 Reilly981,GENERAL PRACTICE,2016-02,1,1,0,266.7,1444.46
525551825041219194,Valentine262 Leannon79,GENERAL PRACTICE,2016-02,1,1,0,35.31666666666667,947.41
982978929763219993,Derick144 Bashirian201,GENERAL PRACTICE,2016-02,1,1,0,46.75,1432.68
544507194386793082,Stephen891 Okuneva707,GENERAL PRACTICE,2016-03,1,1,0,41.583333333333336,792.38
1137716374724131528,Lady554 Kovacek682,GENERAL PRACTICE,2016-03,1,1,6,46.01666666666666,5786.58
534772609694406275,Alysha630 Koch169,GENERAL PRACTICE,2016-03,1,1,0,15.0,142.58
757165526207794756,Hunter736 Lesch175,GENERAL PRACTICE,2016-03,1,1,0,15.0,85.55
157840080095889559,Son314 MacGyver246,GENERAL PRACTICE,2016-03,1,1,0,57.266666666666666,919.90
1137716374724131528,Lady554 Kovacek682,GENERAL PRACTICE,2016-04,1,1,0,15.0,85.55
688338662061437354,Brian582 Cummerata161,GENERAL PRACTICE,2016-04,1,1,5,58.0,4361.50
305532101201638812,Cristy798 Auer97,GENERAL PRACTICE,2016-04,1,1,0,60.0,295.34
797317867592804508,Idella49 Runte676,GENERAL PRACTICE,2016-04,1,1,0,44.833333333333336,860.16
757165526207794756,Hunter736 Lesch175,GENERAL PRACTICE,2016-05,1,1,0,15.0,85.55
589522183230517886,Cleveland582 Kuphal363,GENERAL PRACTICE,2016-05,1,1,0,15.983333333333333,2092.95
1070962888088048845,Rubén780 Amaya149,GENERAL PRACTICE,2016-05,1,1,0,15.0,142.58
835509182532742600,Larraine124 Torphy630,GENERAL PRACTICE,2016-05,1,1,0,31.95,927.94
688338662061437354,Brian582 Cummerata161,GENERAL PRACTICE,2016-05,2,1,5,51.236111111111114,4653.24
1137716374724131528,Lady554 Kovacek682,GENERAL PRACTICE,2016-05,2,1,6,121.2,16129.25
305532101201638812,Cristy798 Auer97,GENERAL PRACTICE,2016-06,1,1,0,60.0,295.34
990948620886424088,Jarvis643 Ankunding277,GENERAL PRACTICE,2016-06,1,1,1,32.0,4052.91
885005692682172258,Jewel43 Kassulke119,GENERAL PRACTICE,2016-06,1,1,0,54.766666666666666,865.94
506566847745572873,Pearlene638 Towne435,GENERAL PRACTICE,2016-06,1,1,0,44.21666666666667,840.20
1137716374724131528,Lady554 Kovacek682,GENERAL PRACTICE,2016-06,1,1,8,44.85000000000001,10235.20
883431140021126480,Teisha100 Leffler128,GENERAL PRACTICE,2016-06,1,1,0,33.71666666666667,1453.79
119816323964506061,Clement78 Gleason633,GENERAL PRACTICE,2016-06,1,1,0,60.0,87.71
505555747501163910,Norbert530 Veum823,GENERAL PRACTICE,2016-06,1,1,0,15.0,1567.00
417994371414450048,Beth967 McKenzie376,GENERAL PRACTICE,2016-06,1,1,0,15.0,816.80
688338662061437354,Brian582 Cummerata161,GENERAL PRACTICE,2016-06,2,1,8,37.37037037037037,7270.14
358575454180073229,Luther918 Jakubowski832,GENERAL PRACTICE,2016-06,1,1,0,1440.0,9609.74
120057643579548119,Enriqueta274 Barton704,GENERAL PRACTICE,2016-06,1,1,0,36.233333333333334,704.20
819112072617298357,Elmer371 Gusikowski974,GENERAL PRACTICE,2016-06,1,1,0,15.0,568.20
659708650451791585,Thanh759 Weber641,GENERAL PRACTICE,2016-06,1,1,0,16.366666666666667,250.35
557542335892374462,Rafael239 Delafuente833,GENERAL PRACTICE,2016-06,1,1,0,15.0,142.58
366615259928051559,Jodie811 Hermann103,GENERAL PRACTICE,2016-07,1,1,0,49.88333333333333,1140.38
1127027579373672694,Gabriel934 Alcántar600,GENERAL PRACTICE,2016-07,1,1,0,15.0,488.50
326249472953830996,Marcus77 Schamberger479,GENERAL PRACTICE,2016-07,1,1,0,15.0,85.55
1137716374724131528,Lady554 Kovacek682,GENERAL PRACTICE,2016-07,1,1,7,226.73333333333332,21737.45
274123491455613599,Margarita164 Abbott774,GENERAL PRACTICE,2016-07,1,1,0,15.0,704.20
417994371414450048,Beth967 McKenzie376,GENERAL PRACTICE,2016-08,1,1,1,15.0,1032.50
688338662061437354,Brian582 Cummerata161,GENERAL PRACTICE,2016-08,1,1,0,15.0,278.58
1001928878040672327,Sharron285 Batz141,GENERAL PRACTICE,2016-08,1,1,0,15.0,948.35
326249472953830996,Marcus77 Schamberger479,GENERAL PRACTICE,2016-08,1,1,1,15.0,2544.44
585949657781855973,Stephen891 Stamm704,GENERAL PRACTICE,2016-08,1,1,0,60.0,146.18
817265798161599645,Barton704 Hahn503,GENERAL PRACTICE,2016-08,1,1,2,60.0,2017.96
358575454180073229,Luther918 Jakubowski832,GENERAL PRACTICE,2016-08,1,1,1,53.75,5263.67
1149431584739820752,Jill895 Monahan736,GENERAL PRACTICE,2016-09,1,1,6,57.36666666666667,4672.68
87043910366159377,Velda682 Gutmann970,GENERAL PRACTICE,2016-09,1,1,6,47.28333333333333,5120.16
358575454180073229,Luther918 Jakubowski832,GENERAL PRACTICE,2016-09,2,1,2,33.96666666666667,31182.19
914990834498768109,Zachary28 Gleichner915,GENERAL PRACTICE,2016-09,1,1,5,18.9,3521.00
120057643579548119,Enriqueta274 Barton704,GENERAL PRACTICE,2016-09,1,1,7,38.31666666666667,7531.02
767594969606856678,Numbers230 Stehr398,GENERAL PRACTICE,2016-09,2,2,9,221.5925925925926,28499.71
153604355254142314,Fallon874 Homenick806,GENERAL PRACTICE,2016-10,1,1,2,63.0,2017.96
956869997697263058,Carlos172 Salas880,GENERAL PRACTICE,2016-10,1,1,1,15.0,573.98
659708650451791585,Thanh759 Weber641,GENERAL PRACTICE,2016-10,1,1,1,15.0,2255.08
259733207554739476,Domitila545 Vandervort697,GENERAL PRACTICE,2016-10,2,1,1,35.025,5281.86
801728232490770318,Ulysses632 Ziemann98,GENERAL PRACTICE,2016-10,1,1,0,15.0,136.80
944661317191180968,Sherron201 Flatley871,GENERAL PRACTICE,2016-10,1,1,1,60.0,5308.14
358575454180073229,Luther918 Jakubowski832,GENERAL PRACTICE,2016-10,1,1,1,16.716666666666665,5263.67
1137716374724131528,Lady554 Kovacek682,GENERAL PRACTICE,2016-10,4,1,3,140.25,2566.95
649208082638985778,Derick144 King743,GENERAL PRACTICE,2016-10,1,1,1,15.0,1248.20
572970996214541044,Amado512 Adams676,GENERAL PRACTICE,2016-10,1,1,4,37.31666666666667,2598.32
477715583309581043,Victoria535 Roob72,GENERAL PRACTICE,2016-10,1,1,0,15.0,347.38
503147753871397607,Carroll471 Eichmann909,GENERAL PRACTICE,2016-10,1,1,6,161.65,16043.70
1001810865406500417,Bennett146 Rippin620,GENERAL PRACTICE,2016-10,1,1,0,15.0,85.55
662230053408795548,Lucas404 Arteaga169,GENERAL PRACTICE,2016-10,1,1,0,15.0,85.55
1001928878040672327,Sharron285 Batz141,GENERAL PRACTICE,2016-11,1,1,0,15.0,142.58
1137716374724131528,Lady554 Kovacek682,GENERAL PRACTICE,2016-11,11,1,10,154.919696969697,6313.62
1063416607639151960,Sharyl439 Williamson769,GENERAL PRACTICE,2016-11,1,1,8,54.14999999999999,14871.68
619052238124270980,Jamey282 Graham902,GENERAL PRACTICE,2016-11,1,1,1,15.0,488.50
358575454180073229,Luther918 Jakubowski832,GENERAL PRACTICE,2016-11,1,1,1,20.433333333333334,20626.96
466401755129169261,Carson894 Krajcik437,GENERAL PRACTICE,2016-11,3,1,7,132.85,16597.41
417994371414450048,Beth967 McKenzie376,GENERAL PRACTICE,2016-11,1,1,0,15.0,816.80
717311760003828486,Maren639 Aufderhar910,GENERAL PRACTICE,2016-11,1,1,6,46.333333333333336,6472.14
220387732963487694,Sulema841 Ryan260,GENERAL PRACTICE,2016-11,2,1,7,167.48333333333335,21823.00
467518901701294765,Evelin941 Ratke343,GENERAL PRACTICE,2016-11,1,1,0,15.0,272.80
325967294132029093,Cleo27 Crooks415,GENERAL PRACTICE,2016-11,1,1,1,60.0,17324.87
635693475161891891,Chanelle850 Schuster709,GENERAL PRACTICE,2016-11,1,1,11,387.83333333333337,53140.45
990948620886424088,Jarvis643 Ankunding277,GENERAL PRACTICE,2016-11,1,1,12,346.09999999999997,63148.20
325967294132029093,Cleo27 Crooks415,GENERAL PRACTICE,2016-12,1,1,1,60.0,8273.23
659708650451791585,Thanh759 Weber641,GENERAL PRACTICE,2016-12,2,1,0,15.0,285.16
259733207554739476,Domitila545 Vandervort697,GENERAL PRACTICE,2016-12,1,1,0,15.0,142.58
1001928878040672327,Sharron285 Batz141,GENERAL PRACTICE,2016-12,1,1,0,15.0,85.55
1137716374724131528,Lady554 Kovacek682,GENERAL PRACTICE,2016-12,11,1,10,146.8181818181818,8434.44
509648299636698482,Zachary28 Bogan287,GENERAL PRACTICE,2016-12,1,1,0,60.0,146.18
819112072617298357,Elmer371 Gusikowski974,GENERAL PRACTICE,2016-12,1,1,0,15.0,136.80
423527009837327279,Benita195 VonRueden376,GENERAL PRACTICE,2016-12,1,1,0,15.0,755.38
385398007267188660,Donovan745 Daugherty69,GENERAL PRACTICE,2016-12,2,1,16,123.31874999999997,32629.07
358575454180073229,Luther918 Jakubowski832,GENERAL PRACTICE,2016-12,1,1,1,34.7,20626.96
767594969606856678,Numbers230 Stehr398,GENERAL PRACTICE,2017-01,2,2,17,283.07450980392156,69184.15
732047689731087291,Jackelyn13 Pacocha935,GENERAL PRACTICE,2017-01,2,2,11,370.3305555555555,53283.03
543343207625722774,Anh979 Schroeder447,GENERAL PRACTICE,2017-01,3,3,9,40.34259259259259,6793.20
1137716374724131528,Lady554 Kovacek682,GENERAL PRACTICE,2017-01,15,1,16,363.57017543859655,226998.96
944661317191180968,Sherron201 Flatley871,GENERAL PRACTICE,2017-01,1,1,1,60.0,20794.05
929246809949396381,Patricia625 Aragón562,GENERAL PRACTICE,2017-01,1,1,1,15.0,912.25
659708650451791585,Thanh759 Weber641,GENERAL PRACTICE,2017-01,1,1,1,15.0,3469.87
627552435495576060,Louis204 Hauck852,GENERAL PRACTICE,2017-01,1,1,1,29.95,5138.45
840366989655278220,Francene766 Halvorson124,GENERAL PRACTICE,2017-01,1,1,1,15.0,704.20
789934400191248198,Guadalupe206 Ponce361,GENERAL PRACTICE,2017-01,1,1,12,364.1999999999999,63148.20
812642555216453051,Clora637 Pagac496,GENERAL PRACTICE,2017-01,1,1,7,34.65,4929.40
358575454180073229,Luther918 Jakubowski832,GENERAL PRACTICE,2017-01,2,1,2,28.708333333333332,13076.88
1070962888088048845,Rubén780 Amaya149,GENERAL PRACTICE,2017-02,1,1,7,30.666666666666664,6602.61
358575454180073229,Luther918 Jakubowski832,GENERAL PRACTICE,2017-02,1,1,1,35.56666666666667,12114.57
503147753871397607,Carroll471 Eichmann909,GENERAL PRACTICE,2017-02,1,1,0,15.0,85.55
944661317191180968,Sherron201 Flatley871,GENERAL PRACTICE,2017-02,1,1,0,60.0,87.71
982978929763219993,Derick144 Bashirian201,GENERAL PRACTICE,2017-02,1,1,9,45.85000000000001,10156.68
1137716374724131528,Lady554 Kovacek682,GENERAL PRACTICE,2017-02,12,1,16,103.82352941176471,29618.72
534772609694406275,Alysha630 Koch169,GENERAL PRACTICE,2017-02,1,1,3,53.48333333333333,2366.85
119816323964506061,Clement78 Gleason633,GENERAL PRACTICE,2017-02,1,1,1,60.0,5308.14
325967294132029093,Cleo27 Crooks415,GENERAL PRACTICE,2017-02,1,1,0,60.0,87.71
843686674439627048,Eleni953 Franecki195,GENERAL PRACTICE,2017-02,1,1,1,36.7,6108.09
417994371414450048,Beth967 McKenzie376,GENERAL PRACTICE,2017-02,1,1,1,15.0,999.60
757165526207794756,Hunter736 Lesch175,GENERAL PRACTICE,2017-03,2,1,10,384.51515151515144,44081.05
358575454180073229,Luther918 Jakubowski832,GENERAL PRACTICE,2017-03,1,1,1,49.88333333333333,5263.67
14365703936548903,Terrie907 Ratke343,GENERAL PRACTICE,2017-03,1,1,7,33.46666666666667,9406.88
773210380597549127,Dylan44 Robel940,GENERAL PRACTICE,2017-03,1,1,7,227.16666666666669,21737.45
544507194386793082,Stephen891 Okuneva707,GENERAL PRACTICE,2017-03,1,1,8,52.050000000000004,9660.16
525551825041219194,Valentine262 Leannon79,GENERAL PRACTICE,2017-03,1,1,6,56.966666666666676,4672.68
1070962888088048845,Rubén780 Amaya149,GENERAL PRACTICE,2017-03,1,1,1,17.0,504.41
311126358396755254,Ted955 Reilly981,GENERAL PRACTICE,2017-03,1,1,2,55.18333333333333,1896.70
944661317191180968,Sherron201 Flatley871,GENERAL PRACTICE,2017-03,1,1,0,60.0,146.18
1137716374724131528,Lady554 Kovacek682,GENERAL PRACTICE,2017-03,12,1,11,164.0,28893.00
534772609694406275,Alysha630 Koch169,GENERAL PRACTICE,2017-03,2,1,0,15.0,228.13
688338662061437354,Brian582 Cummerata161,GENERAL PRACTICE,2017-04,1,1,1,15.0,902.28
1001928878040672327,Sharron285 Batz141,GENERAL PRACTICE,2017-04,1,1,0,15.0,85.55
1137716374724131528,Lady554 Kovacek682,GENERAL PRACTICE,2017-04,13,1,11,138.69230769230768,14751.95
305532101201638812,Cristy798 Auer97,GENERAL PRACTICE,2017-04,1,1,10,127.43333333333337,44762.90
797317867592804508,Idella49 Runte676,GENERAL PRACTICE,2017-04,1,1,7,53.050000000000004,5499.06
119816323964506061,Clement78 Gleason633,GENERAL PRACTICE,2017-04,1,1,1,60.0,6323.03
659708650451791585,Thanh759 Weber641,GENERAL PRACTICE,2017-04,1,1,1,19.233333333333334,2739.73
811344739361390226,Thaddeus38 Stiedemann542,GENERAL PRACTICE,2017-04,1,1,8,30.23333333333334,11219.84
157840080095889559,Son314 MacGyver246,GENERAL PRACTICE,2017-04,1,1,7,45.25,6961.36
325967294132029093,Cleo27 Crooks415,GENERAL PRACTICE,2017-04,1,1,1,60.0,7342.86
104443324623586425,Alan320 Keeling57,GENERAL PRACTICE,2017-04,1,1,8,45.08333333333333,41850.32
933374996853591879,Damaris45 Funk324,GENERAL PRACTICE,2017-04,1,1,9,248.95000000000002,35713.35
620574705160663378,Emilio417 Barton704,GENERAL PRACTICE,2017-04,1,1,8,195.06666666666663,28294.00
358575454180073229,Luther918 Jakubowski832,GENERAL PRACTICE,2017-04,1,1,1,48.333333333333336,5263.67
801728232490770318,Ulysses632 Ziemann98,GENERAL PRACTICE,2017-04,1,1,0,15.0,272.80
330368346251735978,Douglas31 Kuhlman484,GENERAL PRACTICE,2017-04,1,1,2,15.0,2252.56
417994371414450048,Beth967 McKenzie376,GENERAL PRACTICE,2017-05,1,1,0,15.0,816.80
589522183230517886,Cleveland582 Kuphal363,GENERAL PRACTICE,2017-05,1,1,0,15.0,142.58
1137716374724131528,Lady554 Kovacek682,GENERAL PRACTICE,2017-05,10,1,10,182.3,15112.63
415187786701005895,Nicholas495 Greenfelder433,GENERAL PRACTICE,2017-05,1,1,1,1599.6833333333334,25325.38
119816323964506061,Clement78 Gleason633,GENERAL PRACTICE,2017-05,1,1,0,60.0,146.18
1070962888088048845,Rubén780 Amaya149,GENERAL PRACTICE,2017-05,2,1,1,21.40833333333333,12094.15
292967037467650792,Margarite168 Koepp521,GENERAL PRACTICE,2017-05,3,1,7,1290.6428571428569,41600.13
843686674439627048,Eleni953 Franecki195,GENERAL PRACTICE,2017-05,1,1,7,46.58333333333333,22658.72
835509182532742600,Larraine124 Torphy630,GENERAL PRACTICE,2017-05,1,1,8,40.050000000000004,12003.68
732047689731087291,Jackelyn13 Pacocha935,GENERAL PRACTICE,2017-05,1,1,11,329.65000000000003,53140.45
358575454180073229,Luther918 Jakubowski832,GENERAL PRACTICE,2017-05,2,1,2,39.45,12669.77
1137716374724131528,Lady554 Kovacek682,GENERAL PRACTICE,2017-06,6,1,8,111.475,8075.58
292967037467650792,Margarite168 Koepp521,GENERAL PRACTICE,2017-06,1,1,1,43.0,516.95
883431140021126480,Teisha100 Leffler128,GENERAL PRACTICE,2017-06,1,1,6,57.666666666666664,4225.20
506566847745572873,Pearlene638 Towne435,GENERAL PRACTICE,2017-06,1,1,0,60.0,146.18
534772609694406275,Alysha630 Koch169,GENERAL PRACTICE,2017-06,1,1,0,15.0,142.58
358575454180073229,Luther918 Jakubowski832,GENERAL PRACTICE,2017-06,1,1,1,37.61666666666667,9297.07
557542335892374462,Rafael239 Delafuente833,GENERAL PRACTICE,2017-06,1,1,4,76.73333333333333,4334.24
945768052921162857,Arden380 Bergstrom287,GENERAL PRACTICE,2017-06,1,1,0,15.0,85.55
982453732923389287,Leonie332 Wunsch504,GENERAL PRACTICE,2017-06,1,1,4,51.083333333333336,3115.12
120057643579548119,Enriqueta274 Barton704,GENERAL PRACTICE,2017-06,1,1,7,39.6,9602.88
325967294132029093,Cleo27 Crooks415,GENERAL PRACTICE,2017-06,1,1,0,60.0,146.18
274123491455613599,Margarita164 Abbott774,GENERAL PRACTICE,2017-07,1,1,0,15.0,272.80
990948620886424088,Jarvis643 Ankunding277,GENERAL PRACTICE,2017-07,1,1,1,28.333333333333332,4052.91
358575454180073229,Luther918 Jakubowski832,GENERAL PRACTICE,2017-07,1,1,1,36.95,20626.96
366615259928051559,Jodie811 Hermann103,GENERAL PRACTICE,2017-07,1,1,3,52.63333333333333,2336.34
659708650451791585,Thanh759 Weber641,GENERAL PRACTICE,2017-07,1,1,1,16.1,1354.67
461859169553966575,Lael572 Kris249,GENERAL PRACTICE,2017-07,1,1,19,24511.71666666667,158348.47
817265798161599645,Barton704 Hahn503,GENERAL PRACTICE,2017-07,1,1,0,60.0,146.18
589522183230517886,Cleveland582 Kuphal363,GENERAL PRACTICE,2017-07,1,1,8,199.08333333333331,28294.00
505555747501163910,Norbert530 Veum823,GENERAL PRACTICE,2017-07,1,1,0,15.0,755.38
944661317191180968,Sherron201 Flatley871,GENERAL PRACTICE,2017-07,1,1,1,60.0,5308.14
1127027579373672694,Gabriel934 Alcántar600,GENERAL PRACTICE,2017-07,1,1,6,15.0,5488.68
1137716374724131528,Lady554 Kovacek682,GENERAL PRACTICE,2017-07,11,1,16,167.69215686274512,39844.76
506566847745572873,Pearlene638 Towne435,GENERAL PRACTICE,2017-07,1,1,3,32.266666666666666,3152.34
415187786701005895,Nicholas495 Greenfelder433,GENERAL PRACTICE,2017-07,1,1,11,329.25,53140.45
292967037467650792,Margarite168 Koepp521,GENERAL PRACTICE,2017-07,1,1,1,70.0,516.95
1137716374724131528,Lady554 Kovacek682,GENERAL PRACTICE,2017-08,12,1,11,154.41666666666666,11379.42
292967037467650792,Margarite168 Koepp521,GENERAL PRACTICE,2017-08,2,1,2,70.0,1033.90
417994371414450048,Beth967 McKenzie376,GENERAL PRACTICE,2017-08,1,1,1,15.0,1135.60
843686674439627048,Eleni953 Franecki195,GENERAL PRACTICE,2017-08,1,1,0,15.0,85.55
193210267373407472,Amparo58 Hayes766,GENERAL PRACTICE,2017-08,1,1,0,15.0,211.38
670601237767308522,January966 Roberts511,GENERAL PRACTICE,2017-08,1,1,1,15.15,629.53
421206441428313843,Elizbeth263 Dickinson688,GENERAL PRACTICE,2017-08,1,1,3,32.53333333333333,2129.94
358575454180073229,Luther918 Jakubowski832,GENERAL PRACTICE,2017-08,2,1,2,36.53333333333333,34333.84
557542335892374462,Rafael239 Delafuente833,GENERAL PRACTICE,2017-08,1,1,6,176.85,16043.70
944661317191180968,Sherron201 Flatley871,GENERAL PRACTICE,2017-09,1,1,1,60.0,5308.14
358575454180073229,Luther918 Jakubowski832,GENERAL PRACTICE,2017-09,1,1,1,23.983333333333334,5263.67
247183019506608427,Lynwood354 Ratke343,GENERAL PRACTICE,2017-09,1,1,7,56.449999999999996,7355.46
119816323964506061,Clement78 Gleason633,GENERAL PRACTICE,2017-09,1,1,0,60.0,146.18
914990834498768109,Zachary28 Gleichner915,GENERAL PRACTICE,2017-09,1,1,4,16.133333333333333,3679.60
292967037467650792,Margarite168 Koepp521,GENERAL PRACTICE,2017-09,1,1,1,96.0,516.95
1070962888088048845,Rubén780 Amaya149,GENERAL PRACTICE,2017-09,1,1,6,168.78333333333333,16043.70
1137716374724131528,Lady554 Kovacek682,GENERAL PRACTICE,2017-09,11,1,10,155.0909090909091,11247.45
120057643579548119,Enriqueta274 Barton704,GENERAL PRACTICE,2017-09,1,1,3,47.76666666666667,3358.65
659708650451791585,Thanh759 Weber641,GENERAL PRACTICE,2017-09,1,1,1,15.0,3477.24
990948620886424088,Jarvis643 Ankunding277,GENERAL PRACTICE,2017-09,1,1,0,15.0,85.55
1137716374724131528,Lady554 Kovacek682,GENERAL PRACTICE,2017-10,11,1,10,161.36363636363637,11374.81
662230053408795548,Lucas404 Arteaga169,GENERAL PRACTICE,2017-10,1,1,0,15.0,85.55
659708650451791585,Thanh759 Weber641,GENERAL PRACTICE,2017-10,1,1,1,15.0,4575.68
1001810865406500417,Bennett146 Rippin620,GENERAL PRACTICE,2017-10,2,1,6,51.31111111111111,3111.71
635693475161891891,Chanelle850 Schuster709,GENERAL PRACTICE,2017-10,1,1,0,15.0,85.55
1149431584739820752,Jill895 Monahan736,GENERAL PRACTICE,2017-10,1,1,7,33.4,4929.40
477715583309581043,Victoria535 Roob72,GENERAL PRACTICE,2017-10,1,1,1,15.0,706.80
292967037467650792,Margarite168 Koepp521,GENERAL PRACTICE,2017-10,2,1,2,50.5,1033.90
358575454180073229,Luther918 Jakubowski832,GENERAL PRACTICE,2017-10,1,1,1,52.06666666666667,7271.72
119816323964506061,Clement78 Gleason633,GENERAL PRACTICE,2017-11,1,1,0,60.0,87.71
1137716374724131528,Lady554 Kovacek682,GENERAL PRACTICE,2017-11,10,1,9,161.0,7685.03
662230053408795548,Lucas404 Arteaga169,GENERAL PRACTICE,2017-11,2,1,10,201.72,36366.30
993330102316984502,Gloria696 Deleón21,GENERAL PRACTICE,2017-11,1,1,7,48.66666666666667,6403.46
358575454180073229,Luther918 Jakubowski832,GENERAL PRACTICE,2017-11,1,1,1,36.516666666666666,5263.67
635693475161891891,Chanelle850 Schuster709,GENERAL PRACTICE,2017-11,1,1,6,180.46666666666667,16043.70
292967037467650792,Margarite168 Koepp521,GENERAL PRACTICE,2017-11,1,1,0,15.0,85.55
104443324623586425,Alan320 Keeling57,GENERAL PRACTICE,2017-11,1,1,5,46.916666666666664,3927.90
572970996214541044,Amado512 Adams676,GENERAL PRACTICE,2017-11,1,1,7,39.75,8734.74
1063416607639151960,Sharyl439 Williamson769,GENERAL PRACTICE,2017-11,1,1,8,40.13333333333333,9057.28
619052238124270980,Jamey282 Graham902,GENERAL PRACTICE,2017-11,1,1,2,15.0,2927.80
649208082638985778,Derick144 King743,GENERAL PRACTICE,2017-11,1,1,1,15.0,796.11
717311760003828486,Maren639 Aufderhar910,GENERAL PRACTICE,2017-11,1,1,8,38.300000000000004,7955.84
1001810865406500417,Bennett146 Rippin620,GENERAL PRACTICE,2017-11,2,2,18,330.48888888888894,79191.90
467518901701294765,Evelin941 Ratke343,GENERAL PRACTICE,2017-11,1,1,1,15.0,704.20
1137716374724131528,Lady554 Kovacek682,GENERAL PRACTICE,2017-12,11,1,10,178.54545454545453,10626.87
627552435495576060,Louis204 Hauck852,GENERAL PRACTICE,2017-12,1,1,8,225.06666666666663,28294.00
423527009837327279,Benita195 VonRueden376,GENERAL PRACTICE,2017-12,1,1,7,15.733333333333333,8969.73
385398007267188660,Donovan745 Daugherty69,GENERAL PRACTICE,2017-12,2,1,18,215.18888888888887,56053.58
358575454180073229,Luther918 Jakubowski832,GENERAL PRACTICE,2017-12,2,1,2,21.633333333333333,22539.61
358575454180073229,Luther918 Jakubowski832,GENERAL PRACTICE,2018-01,1,1,1,25.383333333333333,5263.67
819112072617298357,Elmer371 Gusikowski974,GENERAL PRACTICE,2018-01,1,1,1,15.0,704.20
773210380597549127,Dylan44 Robel940,GENERAL PRACTICE,2018-01,2,1,24,26.694444444444443,789617.48
732047689731087291,Jackelyn13 Pacocha935,GENERAL PRACTICE,2018-01,1,1,12,457.16666666666674,63148.20
285802138677722447,Bettye671 Tromp100,GENERAL PRACTICE,2018-01,1,1,1,15.0,750.25
119816323964506061,Clement78 Gleason633,GENERAL PRACTICE,2018-01,1,1,0,60.0,146.18
789934400191248198,Guadalupe206 Ponce361,GENERAL PRACTICE,2018-01,1,1,6,167.18333333333337,16043.70
659708650451791585,Thanh759 Weber641,GENERAL PRACTICE,2018-01,1,1,1,15.316666666666666,1250.85
1001928878040672327,Sharron285 Batz141,GENERAL PRACTICE,2018-01,1,1,9,214.29999999999998,35713.35
840366989655278220,Francene766 Halvorson124,GENERAL PRACTICE,2018-01,1,1,2,15.0,1839.80
543343207625722774,Anh979 Schroeder447,GENERAL PRACTICE,2018-01,3,3,6,33.285714285714285,4519.20
812642555216453051,Clora637 Pagac496,GENERAL PRACTICE,2018-01,1,1,7,34.083333333333336,4929.40
767594969606856678,Numbers230 Stehr398,GENERAL PRACTICE,2018-01,1,1,0,15.0,85.55
1137716374724131528,Lady554 Kovacek682,GENERAL PRACTICE,2018-01,8,1,12,105.46153846153847,22325.39
358575454180073229,Luther918 Jakubowski832,GENERAL PRACTICE,2018-02,2,1,2,36.11666666666667,17173.77
292967037467650792,Margarite168 Koepp521,GENERAL PRACTICE,2018-02,1,1,1,35.083333333333336,573.98
944661317191180968,Sherron201 Flatley871,GENERAL PRACTICE,2018-02,1,1,0,60.0,146.18
417994371414450048,Beth967 McKenzie376,GENERAL PRACTICE,2018-02,1,1,1,15.0,738.22
285802138677722447,Bettye671 Tromp100,GENERAL PRACTICE,2018-02,1,1,0,15.0,272.80
1137716374724131528,Lady554 Kovacek682,GENERAL PRACTICE,2018-02,10,1,9,172.5,10134.76
325967294132029093,Cleo27 Crooks415,GENERAL PRACTICE,2018-02,1,1,1,60.0,13989.92
982978929763219993,Derick144 Bashirian201,GENERAL PRACTICE,2018-02,1,1,9,47.53333333333333,13565.34
773210380597549127,Dylan44 Robel940,GENERAL PRACTICE,2018-02,1,1,3,15.0,38029.38
929246809949396381,Patricia625 Aragón562,GENERAL PRACTICE,2018-02,1,1,0,15.0,272.80
1137716374724131528,Lady554 Kovacek682,GENERAL PRACTICE,2018-03,8,1,12,104.91538461538461,11314.45
525551825041219194,Valentine262 Leannon79,GENERAL PRACTICE,2018-03,1,1,2,53.766666666666666,2911.04
544507194386793082,Stephen891 Okuneva707,GENERAL PRACTICE,2018-03,1,1,9,48.28333333333333,10353.96
773210380597549127,Dylan44 Robel940,GENERAL PRACTICE,2018-03,1,1,4,15.0,50980.88
944661317191180968,Sherron201 Flatley871,GENERAL PRACTICE,2018-03,1,1,1,60.0,9974.85
358575454180073229,Luther918 Jakubowski832,GENERAL PRACTICE,2018-03,1,1,1,24.2,573.98
80036345970440990,Jude172 Hammes673,GENERAL PRACTICE,2018-03,1,1,5,39.38333333333333,8081.70
1070962888088048845,Rubén780 Amaya149,GENERAL PRACTICE,2018-03,1,1,11,378.96666666666664,53140.45
757165526207794756,Hunter736 Lesch175,GENERAL PRACTICE,2018-03,1,1,8,228.40000000000003,28294.00
534772609694406275,Alysha630 Koch169,GENERAL PRACTICE,2018-03,2,1,1,40.141666666666666,4195.49
330368346251735978,Douglas31 Kuhlman484,GENERAL PRACTICE,2018-04,1,1,1,15.0,488.50
325967294132029093,Cleo27 Crooks415,GENERAL PRACTICE,2018-04,1,1,1,60.0,5831.97
138629371706085844,Sandie760 Rodriguez71,GENERAL PRACTICE,2018-04,1,1,7,40.1,4929.40
801728232490770318,Ulysses632 Ziemann98,GENERAL PRACTICE,2018-04,1,1,0,15.0,816.80
659708650451791585,Thanh759 Weber641,GENERAL PRACTICE,2018-04,1,1,1,16.283333333333335,3098.26
1001810865406500417,Bennett146 Rippin620,GENERAL PRACTICE,2018-04,1,1,7,198.5,21737.45
285802138677722447,Bettye671 Tromp100,GENERAL PRACTICE,2018-04,1,1,1,15.0,1032.50
503147753871397607,Carroll471 Eichmann909,GENERAL PRACTICE,2018-04,2,1,8,186.7125,21949.43
773210380597549127,Dylan44 Robel940,GENERAL PRACTICE,2018-04,1,1,2,15.0,24772.32
157840080095889559,Son314 MacGyver246,GENERAL PRACTICE,2018-04,1,1,6,57.63333333333333,5488.68
843686674439627048,Eleni953 Franecki195,GENERAL PRACTICE,2018-04,1,1,7,47.83333333333333,22658.72
1137716374724131528,Lady554 Kovacek682,GENERAL PRACTICE,2018-04,9,1,14,164.17499999999998,34808.74
553071481483026407,Maryann106 Hintz995,GENERAL PRACTICE,2018-04,1,1,5,29.25,3264.75
797317867592804508,Idella49 Runte676,GENERAL PRACTICE,2018-04,1,1,7,39.48333333333334,8017.24
773210380597549127,Dylan44 Robel940,GENERAL PRACTICE,2018-05,2,1,7,15.0,66647.13
1137716374724131528,Lady554 Kovacek682,GENERAL PRACTICE,2018-05,10,1,10,189.0,8584.94
494963808912363135,Silva841 Grimes165,GENERAL PRACTICE,2018-05,1,1,1,20.133333333333333,347.73
843686674439627048,Eleni953 Franecki195,GENERAL PRACTICE,2018-05,2,1,8,194.62291666666667,21942.62
557542335892374462,Rafael239 Delafuente833,GENERAL PRACTICE,2018-05,1,1,0,15.0,142.58
835509182532742600,Larraine124 Torphy630,GENERAL PRACTICE,2018-05,1,1,7,44.38333333333333,8993.32
1070962888088048845,Rubén780 Amaya149,GENERAL PRACTICE,2018-05,1,1,1,15.0,1333.04
933374996853591879,Damaris45 Funk324,GENERAL PRACTICE,2018-05,1,1,8,233.38333333333327,28294.00
358575454180073229,Luther918 Jakubowski832,GENERAL PRACTICE,2018-05,1,1,0,15.0,85.55
732047689731087291,Jackelyn13 Pacocha935,GENERAL PRACTICE,2018-05,1,1,20,15.0,680613.00
104443324623586425,Alan320 Keeling57,GENERAL PRACTICE,2018-05,1,1,7,49.300000000000004,9423.26
1001928878040672327,Sharron285 Batz141,GENERAL PRACTICE,2018-05,1,1,0,15.0,142.58
982453732923389287,Leonie332 Wunsch504,GENERAL PRACTICE,2018-06,1,1,8,37.416666666666664,9744.88
773210380597549127,Dylan44 Robel940,GENERAL PRACTICE,2018-06,1,1,2,15.0,9331.92
292967037467650792,Margarite168 Koepp521,GENERAL PRACTICE,2018-06,1,1,1,30.2,573.98
119816323964506061,Clement78 Gleason633,GENERAL PRACTICE,2018-06,1,1,1,60.0,5308.14
944661317191180968,Sherron201 Flatley871,GENERAL PRACTICE,2018-06,1,1,0,60.0,146.18
1137716374724131528,Lady554 Kovacek682,GENERAL PRACTICE,2018-06,7,1,12,90.09487179487178,19856.13
177353855562464587,Jules135 Emard19,GENERAL PRACTICE,2018-06,1,1,0,15.0,85.55
589522183230517886,Cleveland582 Kuphal363,GENERAL PRACTICE,2018-06,1,1,2,57.55,50215.86
732047689731087291,Jackelyn13 Pacocha935,GENERAL PRACTICE,2018-06,1,1,3,15.0,40684.20
285802138677722447,Bettye671 Tromp100,GENERAL PRACTICE,2018-06,1,1,0,15.0,816.80
1001810865406500417,Bennett146 Rippin620,GENERAL PRACTICE,2018-06,1,1,1,15.0,1254.21
843686674439627048,Eleni953 Franecki195,GENERAL PRACTICE,2018-06,2,2,7,152.65714285714284,16250.06
1137716374724131528,Lady554 Kovacek682,GENERAL PRACTICE,2018-07,11,1,10,168.9090909090909,10492.87
659708650451791585,Thanh759 Weber641,GENERAL PRACTICE,2018-07,1,1,20,15.0,919818.00
1070962888088048845,Rubén780 Amaya149,GENERAL PRACTICE,2018-07,1,1,1,60.85,5436.20
325967294132029093,Cleo27 Crooks415,GENERAL PRACTICE,2018-07,1,1,0,60.0,87.71
1127027579373672694,Gabriel934 Alcántar600,GENERAL PRACTICE,2018-07,1,1,8,18.716666666666665,8592.16
466401755129169261,Carson894 Krajcik437,GENERAL PRACTICE,2018-07,1,1,6,183.28333333333333,16043.70
883431140021126480,Teisha100 Leffler128,GENERAL PRACTICE,2018-07,1,1,8,47.60000000000001,7359.20
366615259928051559,Jodie811 Hermann103,GENERAL PRACTICE,2018-07,1,1,6,58.13333333333333,5975.10
385398007267188660,Donovan745 Daugherty69,GENERAL PRACTICE,2018-07,1,1,10,7215.0,44515.30
119816323964506061,Clement78 Gleason633,GENERAL PRACTICE,2018-07,1,1,0,60.0,87.71
505555747501163910,Norbert530 Veum823,GENERAL PRACTICE,2018-07,1,1,4,16.033333333333335,3360.80
747110926960089803,Gerard367 Pouros728,GENERAL PRACTICE,2018-07,1,1,6,49.25,7178.46
945768052921162857,Arden380 Bergstrom287,GENERAL PRACTICE,2018-07,1,1,7,191.5,21737.45
773210380597549127,Dylan44 Robel940,GENERAL PRACTICE,2018-07,1,1,3,15.0,42483.57
589522183230517886,Cleveland582 Kuphal363,GENERAL PRACTICE,2018-07,1,1,7,183.46666666666667,21737.45
732047689731087291,Jackelyn13 Pacocha935,GENERAL PRACTICE,2018-07,1,1,4,15.0,33973.52
506566847745572873,Pearlene638 Towne435,GENERAL PRACTICE,2018-07,1,1,6,45.949999999999996,5519.40
773210380597549127,Dylan44 Robel940,GENERAL PRACTICE,2018-08,1,1,2,15.0,22902.04
358575454180073229,Luther918 Jakubowski832,GENERAL PRACTICE,2018-08,1,1,8,253.81666666666663,28294.00
659708650451791585,Thanh759 Weber641,GENERAL PRACTICE,2018-08,2,1,7,15.0,51888.03
557542335892374462,Rafael239 Delafuente833,GENERAL PRACTICE,2018-08,1,1,7,208.31666666666663,21737.45
883538179487277878,Otha286 Roberts511,GENERAL PRACTICE,2018-08,1,1,10,309.90000000000003,43995.50
732047689731087291,Jackelyn13 Pacocha935,GENERAL PRACTICE,2018-08,1,1,2,15.0,10531.38
1107470851567662464,Pat3 Bradtke547,GENERAL PRACTICE,2018-08,1,1,2,60.0,4303.64
1137716374724131528,Lady554 Kovacek682,GENERAL PRACTICE,2018-08,11,1,10,154.0,9351.20
417994371414450048,Beth967 McKenzie376,GENERAL PRACTICE,2018-08,1,1,1,15.0,704.20
274123491455613599,Margarita164 Abbott774,GENERAL PRACTICE,2018-08,1,1,2,15.0,2804.96
259733207554739476,Domitila545 Vandervort697,GENERAL PRACTICE,2018-09,1,1,0,15.0,142.58
120057643579548119,Enriqueta274 Barton704,GENERAL PRACTICE,2018-09,1,1,8,38.88333333333333,6284.64
1137716374724131528,Lady554 Kovacek682,GENERAL PRACTICE,2018-09,10,1,9,170.6,7083.01
292967037467650792,Margarite168 Koepp521,GENERAL PRACTICE,2018-09,2,1,7,179.8791666666667,21829.80
285802138677722447,Bettye671 Tromp100,GENERAL PRACTICE,2018-09,1,1,1,15.0,1298.03
773210380597549127,Dylan44 Robel940,GENERAL PRACTICE,2018-09,1,1,2,15.0,2010.76
659708650451791585,Thanh759 Weber641,GENERAL PRACTICE,2018-09,1,1,2,15.0,22902.04
1063997594632910493,Carmelina668 Goyette777,GENERAL PRACTICE,2018-09,1,1,8,179.59999999999997,28294.00
119816323964506061,Clement78 Gleason633,GENERAL PRACTICE,2018-09,1,1,0,60.0,146.18
732047689731087291,Jackelyn13 Pacocha935,GENERAL PRACTICE,2018-09,1,1,2,15.0,22534.18
1001810865406500417,Bennett146 Rippin620,GENERAL PRACTICE,2018-09,1,1,1,15.0,3136.60
659708650451791585,Thanh759 Weber641,GENERAL PRACTICE,2018-10,1,1,2,15.0,27075.92
914990834498768109,Zachary28 Gleichner915,GENERAL PRACTICE,2018-10,1,1,7,28.316666666666666,5451.46
477715583309581043,Victoria535 Roob72,GENERAL PRACTICE,2018-10,1,1,1,15.0,514.03
385398007267188660,Donovan745 Daugherty69,GENERAL PRACTICE,2018-10,1,1,1,37.516666666666666,5138.45
292967037467650792,Margarite168 Koepp521,GENERAL PRACTICE,2018-10,4,1,3,24.120833333333334,5110.10
732047689731087291,Jackelyn13 Pacocha935,GENERAL PRACTICE,2018-10,1,1,5,15.0,48073.30
503147753871397607,Carroll471 Eichmann909,GENERAL PRACTICE,2018-10,1,1,6,165.83333333333334,16043.70
1001928878040672327,Sharron285 Batz141,GENERAL PRACTICE,2018-10,2,1,1,21.9,602.50
1149431584739820752,Jill895 Monahan736,GENERAL PRACTICE,2018-10,1,1,8,59.86666666666667,12390.16
534772609694406275,Alysha630 Koch169,GENERAL PRACTICE,2018-10,1,1,0,15.0,85.55
325967294132029093,Cleo27 Crooks415,GENERAL PRACTICE,2018-10,1,1,0,60.0,87.71
1137716374724131528,Lady554 Kovacek682,GENERAL PRACTICE,2018-10,11,1,10,153.54545454545453,10615.76
259733207554739476,Domitila545 Vandervort697,GENERAL PRACTICE,2018-10,1,1,7,190.65000000000003,21737.45
944661317191180968,Sherron201 Flatley871,GENERAL PRACTICE,2018-11,1,1,0,60.0,146.18
649208082638985778,Derick144 King743,GENERAL PRACTICE,2018-11,1,1,0,15.0,272.80
1001810865406500417,Bennett146 Rippin620,GENERAL PRACTICE,2018-11,1,1,8,232.25,28294.00
503147753871397607,Carroll471 Eichmann909,GENERAL PRACTICE,2018-11,1,1,0,15.0,85.55
325967294132029093,Cleo27 Crooks415,GENERAL PRACTICE,2018-11,1,1,0,60.0,87.71
717311760003828486,Maren639 Aufderhar910,GENERAL PRACTICE,2018-11,1,1,7,53.66666666666667,6439.30
572970996214541044,Amado512 Adams676,GENERAL PRACTICE,2018-11,1,1,2,32.11666666666667,1571.16
421206441428313843,Elizbeth263 Dickinson688,GENERAL PRACTICE,2018-11,1,1,4,41.96666666666667,7730.08
305532101201638812,Cristy798 Auer97,GENERAL PRACTICE,2018-11,2,1,26,15969.23076923077,253166.44
1137716374724131528,Lady554 Kovacek682,GENERAL PRACTICE,2018-11,11,1,10,147.1818181818182,7791.63
732047689731087291,Jackelyn13 Pacocha935,GENERAL PRACTICE,2018-11,1,1,2,15.0,22902.04
1063416607639151960,Sharyl439 Williamson769,GENERAL PRACTICE,2018-11,1,1,5,33.85,5006.40
757165526207794756,Hunter736 Lesch175,GENERAL PRACTICE,2018-11,1,1,2,65.6,16585.34
619052238124270980,Jamey282 Graham902,GENERAL PRACTICE,2018-11,1,1,1,15.0,778.78
933374996853591879,Damaris45 Funk324,GENERAL PRACTICE,2018-11,1,1,1,15.0,2635.46
659708650451791585,Thanh759 Weber641,GENERAL PRACTICE,2018-11,1,1,5,15.0,64889.85
78857915488003984,Gordon377 Reichert620,GENERAL PRACTICE,2018-12,1,1,2,60.0,6725.72
627552435495576060,Louis204 Hauck852,GENERAL PRACTICE,2018-12,2,2,6,173.68571428571428,16129.25
467518901701294765,Evelin941 Ratke343,GENERAL PRACTICE,2018-12,1,1,2,16.616666666666667,2709.50
311126358396755254,Ted955 Reilly981,GENERAL PRACTICE,2018-12,1,1,2,52.833333333333336,1896.70
153604355254142314,Fallon874 Homenick806,GENERAL PRACTICE,2018-12,1,1,2,99.0,2017.96
385398007267188660,Donovan745 Daugherty69,GENERAL PRACTICE,2018-12,1,1,6,55.98333333333334,7301.88
1137716374724131528,Lady554 Kovacek682,GENERAL PRACTICE,2018-12,12,1,16,118.94117647058823,25640.38
1063997594632910493,Carmelina668 Goyette777,GENERAL PRACTICE,2018-12,1,1,0,15.0,85.55
843686674439627048,Eleni953 Franecki195,GENERAL PRACTICE,2018-12,1,1,7,46.93333333333333,22658.72
259733207554739476,Domitila545 Vandervort697,GENERAL PRACTICE,2018-12,1,1,0,15.0,142.58
285802138677722447,Bettye671 Tromp100,GENERAL PRACTICE,2018-12,1,1,0,15.0,136.80
659708650451791585,Thanh759 Weber641,GENERAL PRACTICE,2018-12,1,1,2,15.0,22902.04
325967294132029093,Cleo27 Crooks415,GENERAL PRACTICE,2019-01,1,1,1,60.0,5480.13
503147753871397607,Carroll471 Eichmann909,GENERAL PRACTICE,2019-01,1,1,0,15.0,85.55
423527009837327279,Benita195 VonRueden376,GENERAL PRACTICE,2019-01,1,1,2,28.433333333333334,1680.40
543343207625722774,Anh979 Schroeder447,GENERAL PRACTICE,2019-01,3,3,6,34.68888888888889,5568.80
292967037467650792,Margarite168 Koepp521,GENERAL PRACTICE,2019-01,1,1,1,30.25,573.98
534772609694406275,Alysha630 Koch169,GENERAL PRACTICE,2019-01,1,1,8,223.23333333333332,28294.00
1137716374724131528,Lady554 Kovacek682,GENERAL PRACTICE,2019-01,11,1,10,166.54545454545453,11129.03
659708650451791585,Thanh759 Weber641,GENERAL PRACTICE,2019-01,2,1,5,15.0,65269.78
819112072617298357,Elmer371 Gusikowski974,GENERAL PRACTICE,2019-01,1,1,0,15.0,347.38
732047689731087291,Jackelyn13 Pacocha935,GENERAL PRACTICE,2019-01,2,2,9,173.7185185185185,23748.21
840366989655278220,Francene766 Halvorson124,GENERAL PRACTICE,2019-01,1,1,1,15.0,704.20
1137716374724131528,Lady554 Kovacek682,GENERAL PRACTICE,2019-02,10,1,9,163.6,8042.67
1070962888088048845,Rubén780 Amaya149,GENERAL PRACTICE,2019-02,1,1,0,15.0,85.55
944661317191180968,Sherron201 Flatley871,GENERAL PRACTICE,2019-02,1,1,0,60.0,87.71
767594969606856678,Numbers230 Stehr398,GENERAL PRACTICE,2019-02,1,1,6,141.96666666666667,16043.70
662230053408795548,Lucas404 Arteaga169,GENERAL PRACTICE,2019-02,1,1,7,206.20000000000002,21737.45
1039168502954151773,Javier97 Collier206,GENERAL PRACTICE,2019-02,1,1,2,60.0,19659.02
659708650451791585,Thanh759 Weber641,GENERAL PRACTICE,2019-02,3,1,6,15.0,62541.14
982978929763219993,Derick144 Bashirian201,GENERAL PRACTICE,2019-02,1,1,7,47.60000000000001,9040.92
929246809949396381,Patricia625 Aragón562,GENERAL PRACTICE,2019-02,1,1,1,15.0,712.68
417994371414450048,Beth967 McKenzie376,GENERAL PRACTICE,2019-02,1,1,0,15.0,272.80
285802138677722447,Bettye671 Tromp100,GENERAL PRACTICE,2019-03,1,1,1,15.0,1384.48
544507194386793082,Stephen891 Okuneva707,GENERAL PRACTICE,2019-03,1,1,9,44.26666666666666,7070.22
259733207554739476,Domitila545 Vandervort697,GENERAL PRACTICE,2019-03,1,1,0,15.0,85.55
325967294132029093,Cleo27 Crooks415,GENERAL PRACTICE,2019-03,1,1,0,60.0,87.71
525551825041219194,Valentine262 Leannon79,GENERAL PRACTICE,2019-03,1,1,4,36.516666666666666,2816.80
757165526207794756,Hunter736 Lesch175,GENERAL PRACTICE,2019-03,1,1,7,203.75,21737.45
1137716374724131528,Lady554 Kovacek682,GENERAL PRACTICE,2019-03,11,1,10,180.45454545454547,7035.04
534772609694406275,Alysha630 Koch169,GENERAL PRACTICE,2019-03,2,1,1,36.79166666666667,4195.49
1001928878040672327,Sharron285 Batz141,GENERAL PRACTICE,2019-03,1,1,1,22.383333333333333,148.80
1001810865406500417,Bennett146 Rippin620,GENERAL PRACTICE,2019-04,1,1,10,358.84999999999997,43995.50
494963808912363135,Silva841 Grimes165,GENERAL PRACTICE,2019-04,1,1,6,183.35,16043.70
1137716374724131528,Lady554 Kovacek682,GENERAL PRACTICE,2019-04,11,1,9,127.63636363636364,7041.37
797317867592804508,Idella49 Runte676,GENERAL PRACTICE,2019-04,1,1,6,58.23333333333334,5567.64
801728232490770318,Ulysses632 Ziemann98,GENERAL PRACTICE,2019-04,1,1,0,15.0,347.38
292967037467650792,Margarite168 Koepp521,GENERAL PRACTICE,2019-04,1,1,1,43.733333333333334,573.98
659708650451791585,Thanh759 Weber641,GENERAL PRACTICE,2019-04,2,1,2,15.0,2153.34
330368346251735978,Douglas31 Kuhlman484,GENERAL PRACTICE,2019-04,1,1,0,15.0,272.80
1001928878040672327,Sharron285 Batz141,GENERAL PRACTICE,2019-04,1,1,5,50.483333333333334,5495.95
534772609694406275,Alysha630 Koch169,GENERAL PRACTICE,2019-04,1,1,0,15.0,85.55
157840080095889559,Son314 MacGyver246,GENERAL PRACTICE,2019-04,1,1,5,39.1,3521.00
589522183230517886,Cleveland582 Kuphal363,GENERAL PRACTICE,2019-05,1,1,0,15.0,142.58
757165526207794756,Hunter736 Lesch175,GENERAL PRACTICE,2019-05,1,1,1,28.35,8418.72
1001928878040672327,Sharron285 Batz141,GENERAL PRACTICE,2019-05,1,1,0,15.0,142.58
557542335892374462,Rafael239 Delafuente833,GENERAL PRACTICE,2019-05,1,1,0,15.0,142.58
1137716374724131528,Lady554 Kovacek682,GENERAL PRACTICE,2019-05,11,1,10,161.72727272727272,8904.56
104443324623586425,Alan320 Keeling57,GENERAL PRACTICE,2019-05,1,1,10,43.91666666666667,14755.40
119816323964506061,Clement78 Gleason633,GENERAL PRACTICE,2019-05,1,1,0,60.0,146.18
835509182532742600,Larraine124 Torphy630,GENERAL PRACTICE,2019-05,1,1,8,51.61666666666667,8552.48
627552435495576060,Louis204 Hauck852,GENERAL PRACTICE,2019-05,1,1,7,222.84999999999997,21737.45
1070962888088048845,Rubén780 Amaya149,GENERAL PRACTICE,2019-05,1,1,0,15.0,142.58
534772609694406275,Alysha630 Koch169,GENERAL PRACTICE,2019-06,2,1,6,39.833333333333336,5812.33
466401755129169261,Carson894 Krajcik437,GENERAL PRACTICE,2019-06,1,1,1,26.8,573.98
982453732923389287,Leonie332 Wunsch504,GENERAL PRACTICE,2019-06,1,1,5,56.916666666666664,3521.00
589522183230517886,Cleveland582 Kuphal363,GENERAL PRACTICE,2019-06,1,1,1,62.71666666666667,516.95
1137716374724131528,Lady554 Kovacek682,GENERAL PRACTICE,2019-06,2,1,26,37444.45555555558,295413.56
325967294132029093,Cleo27 Crooks415,GENERAL PRACTICE,2019-06,1,1,0,60.0,146.18
817265798161599645,Barton704 Hahn503,GENERAL PRACTICE,2019-06,1,1,1,60.0,4140.89
944661317191180968,Sherron201 Flatley871,GENERAL PRACTICE,2019-06,1,1,0,60.0,146.18
285802138677722447,Bettye671 Tromp100,GENERAL PRACTICE,2019-06,1,1,1,15.0,629.87
366615259928051559,Jodie811 Hermann103,GENERAL PRACTICE,2019-07,1,1,4,47.7,2816.80
505555747501163910,Norbert530 Veum823,GENERAL PRACTICE,2019-07,1,1,2,29.033333333333335,3406.00
945768052921162857,Arden380 Bergstrom287,GENERAL PRACTICE,2019-07,1,1,8,209.21666666666667,28294.00
589522183230517886,Cleveland582 Kuphal363,GENERAL PRACTICE,2019-07,1,1,1,74.88333333333334,516.95
506566847745572873,Pearlene638 Towne435,GENERAL PRACTICE,2019-07,1,1,5,40.85,3919.50
883431140021126480,Teisha100 Leffler128,GENERAL PRACTICE,2019-07,1,1,7,50.53333333333334,6961.36
494963808912363135,Silva841 Grimes165,GENERAL PRACTICE,2019-07,2,1,4,15.0,59214.40
466401755129169261,Carson894 Krajcik437,GENERAL PRACTICE,2019-07,2,1,14,124.04166666666664,140434.98
385398007267188660,Donovan745 Daugherty69,GENERAL PRACTICE,2019-07,1,1,0,15.0,85.55
417994371414450048,Beth967 McKenzie376,GENERAL PRACTICE,2019-08,1,1,0,15.0,136.80
274123491455613599,Margarita164 Abbott774,GENERAL PRACTICE,2019-08,1,1,5,15.0,4201.00
466401755129169261,Carson894 Krajcik437,GENERAL PRACTICE,2019-08,1,1,1,30.466666666666665,5263.67
688338662061437354,Brian582 Cummerata161,GENERAL PRACTICE,2019-08,1,1,1,15.0,494.28
494963808912363135,Silva841 Grimes165,GENERAL PRACTICE,2019-08,1,1,3,15.0,5604.54
1127027579373672694,Gabriel934 Alcántar600,GENERAL PRACTICE,2019-08,1,1,8,31.066666666666666,7359.20
259733207554739476,Domitila545 Vandervort697,GENERAL PRACTICE,2019-08,2,1,6,52.385714285714286,5848.19
1001928878040672327,Sharron285 Batz141,GENERAL PRACTICE,2019-08,1,1,1,15.0,1603.64
292967037467650792,Margarite168 Koepp521,GENERAL PRACTICE,2019-08,3,1,3,24.916666666666668,5051.67
119816323964506061,Clement78 Gleason633,GENERAL PRACTICE,2019-08,1,1,1,60.0,20794.05
589522183230517886,Cleveland582 Kuphal363,GENERAL PRACTICE,2019-08,1,1,4,69.5,4236.64
557542335892374462,Rafael239 Delafuente833,GENERAL PRACTICE,2019-08,1,1,7,193.16666666666669,21737.45
325967294132029093,Cleo27 Crooks415,GENERAL PRACTICE,2019-08,1,1,0,60.0,146.18
466401755129169261,Carson894 Krajcik437,GENERAL PRACTICE,2019-09,2,1,2,25.366666666666667,10527.34
87043910366159377,Velda682 Gutmann970,GENERAL PRACTICE,2019-09,1,1,6,43.43333333333333,7339.86
259733207554739476,Domitila545 Vandervort697,GENERAL PRACTICE,2019-09,2,1,2,53.97777777777778,37110.18
688338662061437354,Brian582 Cummerata161,GENERAL PRACTICE,2019-09,1,1,1,15.0,573.98
247183019506608427,Lynwood354 Ratke343,GENERAL PRACTICE,2019-09,1,1,5,33.166666666666664,5290.60
120057643579548119,Enriqueta274 Barton704,GENERAL PRACTICE,2019-09,1,1,8,42.11666666666667,6881.28
1070962888088048845,Rubén780 Amaya149,GENERAL PRACTICE,2019-09,1,1,8,234.40000000000003,28294.00
759145525723149247,Marlene554 Hammes673,GENERAL PRACTICE,2019-09,1,1,2,60.0,2017.96
311126358396755254,Ted955 Reilly981,GENERAL PRACTICE,2019-09,1,1,2,49.81666666666667,1896.70
1001928878040672327,Sharron285 Batz141,GENERAL PRACTICE,2019-09,4,1,9,125.47777777777777,26174.50
325967294132029093,Cleo27 Crooks415,GENERAL PRACTICE,2019-10,1,1,0,60.0,146.18
944661317191180968,Sherron201 Flatley871,GENERAL PRACTICE,2019-10,1,1,0,60.0,146.18
757165526207794756,Hunter736 Lesch175,GENERAL PRACTICE,2019-10,1,1,0,15.0,142.58
259733207554739476,Domitila545 Vandervort697,GENERAL PRACTICE,2019-10,1,1,1,48.53333333333333,6937.84
292967037467650792,Margarite168 Koepp521,GENERAL PRACTICE,2019-10,1,1,6,185.1,16043.70
477715583309581043,Victoria535 Roob72,GENERAL PRACTICE,2019-10,1,1,2,29.266666666666666,1839.80
119816323964506061,Clement78 Gleason633,GENERAL PRACTICE,2019-10,1,1,0,60.0,87.71
914990834498768109,Zachary28 Gleichner915,GENERAL PRACTICE,2019-10,1,1,2,15.0,1408.40
466401755129169261,Carson894 Krajcik437,GENERAL PRACTICE,2019-10,1,1,1,39.916666666666664,8656.98
1149431584739820752,Jill895 Monahan736,GENERAL PRACTICE,2019-10,1,1,3,47.21666666666667,1704.60
843686674439627048,Eleni953 Franecki195,GENERAL PRACTICE,2019-10,1,1,7,47.23333333333334,22658.72
670601237767308522,January966 Roberts511,GENERAL PRACTICE,2019-10,1,1,0,15.0,85.55
1070962888088048845,Rubén780 Amaya149,GENERAL PRACTICE,2019-11,1,1,0,15.0,85.55
259733207554739476,Domitila545 Vandervort697,GENERAL PRACTICE,2019-11,1,1,8,229.65000000000003,28294.00
589522183230517886,Cleveland582 Kuphal363,GENERAL PRACTICE,2019-11,1,1,1,79.23333333333333,516.95
649208082638985778,Derick144 King743,GENERAL PRACTICE,2019-11,1,1,0,15.0,272.80
933374996853591879,Damaris45 Funk324,GENERAL PRACTICE,2019-11,1,1,0,15.0,85.55
572970996214541044,Amado512 Adams676,GENERAL PRACTICE,2019-11,1,1,6,39.18333333333333,5160.96
305532101201638812,Cristy798 Auer97,GENERAL PRACTICE,2019-11,1,1,0,60.0,146.18
717311760003828486,Maren639 Aufderhar910,GENERAL PRACTICE,2019-11,1,1,5,55.966666666666676,4201.00
466401755129169261,Carson894 Krajcik437,GENERAL PRACTICE,2019-11,1,1,1,38.583333333333336,7805.89
619052238124270980,Jamey282 Graham902,GENERAL PRACTICE,2019-11,1,1,1,15.0,704.20
292967037467650792,Margarite168 Koepp521,GENERAL PRACTICE,2019-12,1,1,1,31.15,573.98
1001810865406500417,Bennett146 Rippin620,GENERAL PRACTICE,2019-12,1,1,8,213.96666666666667,28294.00
466401755129169261,Carson894 Krajcik437,GENERAL PRACTICE,2019-12,2,1,2,44.13333333333333,21810.19
856516491094869609,Chaya236 Osinski784,GENERAL PRACTICE,2019-12,1,1,53,69135.0,1219091.69
104443324623586425,Alan320 Keeling57,GENERAL PRACTICE,2019-12,1,1,7,30.666666666666664,8424.99
285802138677722447,Bettye671 Tromp100,GENERAL PRACTICE,2019-12,1,1,0,15.0,272.80
119816323964506061,Clement78 Gleason633,GENERAL PRACTICE,2019-12,2,1,2,61.333333333333336,2105.67
627552435495576060,Louis204 Hauck852,GENERAL PRACTICE,2019-12,1,1,8,238.11666666666673,28294.00
1001928878040672327,Sharron285 Batz141,GENERAL PRACTICE,2019-12,1,1,6,190.9,16043.70
467518901701294765,Evelin941 Ratke343,GENERAL PRACTICE,2019-12,1,1,2,15.0,1839.80
385398007267188660,Donovan745 Daugherty69,GENERAL PRACTICE,2019-12,1,1,8,45.050000000000004,9735.84
1063416607639151960,Sharyl439 Williamson769,GENERAL PRACTICE,2019-12,1,1,6,44.51666666666666,7783.74
944661317191180968,Sherron201 Flatley871,GENERAL PRACTICE,2019-12,1,1,0,60.0,87.71
777367571448378347,Rolland302 Lemke654,GENERAL PRACTICE,2019-12,1,1,1,15.0,563.08
325967294132029093,Cleo27 Crooks415,GENERAL PRACTICE,2019-12,1,1,0,60.0,87.71
732047689731087291,Jackelyn13 Pacocha935,GENERAL PRACTICE,2020-01,1,1,0,15.0,85.55
956869997697263058,Carlos172 Salas880,GENERAL PRACTICE,2020-01,2,1,6,16.97142857142857,4402.46
662230053408795548,Lucas404 Arteaga169,GENERAL PRACTICE,2020-01,1,1,0,15.0,85.55
385398007267188660,Donovan745 Daugherty69,GENERAL PRACTICE,2020-01,1,1,6,175.08333333333334,16043.70
466401755129169261,Carson894 Krajcik437,GENERAL PRACTICE,2020-01,1,1,0,15.0,85.55
767594969606856678,Numbers230 Stehr398,GENERAL PRACTICE,2020-01,1,1,1,40.25,20297.15
840366989655278220,Francene766 Halvorson124,GENERAL PRACTICE,2020-01,1,1,0,15.0,755.38
543343207625722774,Anh979 Schroeder447,GENERAL PRACTICE,2020-01,1,1,5,46.766666666666666,3521.00
819112072617298357,Elmer371 Gusikowski974,GENERAL PRACTICE,2020-01,1,1,2,15.0,2316.46
423527009837327279,Benita195 VonRueden376,GENERAL PRACTICE,2020-01,1,1,5,25.266666666666666,7580.30
789934400191248198,Guadalupe206 Ponce361,GENERAL PRACTICE,2020-01,1,1,0,15.0,85.55
1001928878040672327,Sharron285 Batz141,GENERAL PRACTICE,2020-01,1,1,8,209.51666666666668,28294.00
534772609694406275,Alysha630 Koch169,GENERAL PRACTICE,2020-01,1,1,9,249.84999999999997,35713.35
777367571448378347,Rolland302 Lemke654,GENERAL PRACTICE,2020-01,1,1,1,15.0,857.32
990948620886424088,Jarvis643 Ankunding277,GENERAL PRACTICE,2020-02,2,1,2,15.0,10755.86
466401755129169261,Carson894 Krajcik437,GENERAL PRACTICE,2020-02,3,1,2,24.872222222222224,19158.71
14365703936548903,Terrie907 Ratke343,GENERAL PRACTICE,2020-02,1,1,2,15.0,2195.24
417994371414450048,Beth967 McKenzie376,GENERAL PRACTICE,2020-02,1,1,1,15.0,506.96
543343207625722774,Anh979 Schroeder447,GENERAL PRACTICE,2020-02,2,2,3,15.0,3685.92
627552435495576060,Louis204 Hauck852,GENERAL PRACTICE,2020-02,1,1,0,15.0,85.55
659708650451791585,Thanh759 Weber641,GENERAL PRACTICE,2020-02,1,1,8,43.60000000000001,10263.76
662230053408795548,Lucas404 Arteaga169,GENERAL PRACTICE,2020-02,1,1,8,263.5833333333333,28294.00
982978929763219993,Derick144 Bashirian201,GENERAL PRACTICE,2020-02,1,1,6,46.61666666666667,7301.88
732047689731087291,Jackelyn13 Pacocha935,GENERAL PRACTICE,2020-02,1,1,1,15.0,481.90
767594969606856678,Numbers230 Stehr398,GENERAL PRACTICE,2020-02,1,1,6,161.83333333333334,16043.70
929246809949396381,Patricia625 Aragón562,GENERAL PRACTICE,2020-02,1,1,0,15.0,272.80
928807084084529673,Kerrie266 Bergstrom287,GENERAL PRACTICE,2020-02,1,1,0,60.0,146.18
259733207554739476,Domitila545 Vandervort697,GENERAL PRACTICE,2020-02,1,1,1,44.21666666666667,8155.71
1001928878040672327,Sharron285 Batz141,GENERAL PRACTICE,2020-03,2,1,28,16708.489880952387,516494.05
466401755129169261,Carson894 Krajcik437,GENERAL PRACTICE,2020-03,1,1,1,46.55,20626.96
659708650451791585,Thanh759 Weber641,GENERAL PRACTICE,2020-03,1,1,0,15.0,85.55
732047689731087291,Jackelyn13 Pacocha935,GENERAL PRACTICE,2020-03,2,1,8,199.60740740740744,28379.55
325967294132029093,Cleo27 Crooks415,GENERAL PRACTICE,2020-03,1,1,0,60.0,87.71
525551825041219194,Valentine262 Leannon79,GENERAL PRACTICE,2020-03,1,1,5,42.766666666666666,5714.45
534772609694406275,Alysha630 Koch169,GENERAL PRACTICE,2020-03,1,1,0,15.0,142.58
944661317191180968,Sherron201 Flatley871,GENERAL PRACTICE,2020-03,1,1,1,60.0,8826.88
1001810865406500417,Bennett146 Rippin620,GENERAL PRACTICE,2020-03,1,1,0,15.0,85.55
990948620886424088,Jarvis643 Ankunding277,GENERAL PRACTICE,2020-04,1,1,0,15.0,85.55
544507194386793082,Stephen891 Okuneva707,GENERAL PRACTICE,2020-04,1,1,8,55.10000000000001,7955.84
843686674439627048,Eleni953 Franecki195,GENERAL PRACTICE,2020-04,2,2,7,42.95625,22744.27
292967037467650792,Margarite168 Koepp521,GENERAL PRACTICE,2020-04,1,1,1,36.2,573.98
311126358396755254,Ted955 Reilly981,GENERAL PRACTICE,2020-04,1,1,2,45.3,1896.70
777367571448378347,Rolland302 Lemke654,GENERAL PRACTICE,2020-04,1,1,0,15.0,816.80
659708650451791585,Thanh759 Weber641,GENERAL PRACTICE,2020-04,1,1,0,15.0,142.58
157840080095889559,Son314 MacGyver246,GENERAL PRACTICE,2020-04,1,1,6,59.86666666666667,4672.68
325967294132029093,Cleo27 Crooks415,GENERAL PRACTICE,2020-04,1,1,0,60.0,146.18
415187786701005895,Nicholas495 Greenfelder433,GENERAL PRACTICE,2020-04,1,1,0,15.0,85.55
1001810865406500417,Bennett146 Rippin620,GENERAL PRACTICE,2020-04,2,1,7,207.31041666666667,21823.00
259733207554739476,Domitila545 Vandervort697,GENERAL PRACTICE,2020-04,3,1,11,138.1625,24434.80
466401755129169261,Carson894 Krajcik437,GENERAL PRACTICE,2020-04,1,1,1,16.5,5263.67
801728232490770318,Ulysses632 Ziemann98,GENERAL PRACTICE,2020-04,1,1,0,15.0,272.80
773210380597549127,Dylan44 Robel940,GENERAL PRACTICE,2020-04,2,1,7,178.45,21823.00
670601237767308522,January966 Roberts511,GENERAL PRACTICE,2020-05,1,1,1,40.1,10120.22
330368346251735978,Douglas31 Kuhlman484,GENERAL PRACTICE,2020-05,1,1,2,15.0,4074.12
494963808912363135,Silva841 Grimes165,GENERAL PRACTICE,2020-05,2,1,7,231.67916666666662,21880.03
466401755129169261,Carson894 Krajcik437,GENERAL PRACTICE,2020-05,2,1,2,18.425,13535.44
944661317191180968,Sherron201 Flatley871,GENERAL PRACTICE,2020-05,1,1,0,60.0,87.71
797317867592804508,Idella49 Runte676,GENERAL PRACTICE,2020-05,1,1,7,59.53333333333332,12535.18
811344739361390226,Thaddeus38 Stiedemann542,GENERAL PRACTICE,2020-05,1,1,7,53.01666666666666,4929.40
104443324623586425,Alan320 Keeling57,GENERAL PRACTICE,2020-05,1,1,9,36.416666666666664,12161.70
620574705160663378,Emilio417 Barton704,GENERAL PRACTICE,2020-05,1,1,11,343.84999999999997,53140.45
933374996853591879,Damaris45 Funk324,GENERAL PRACTICE,2020-05,1,1,7,225.13333333333327,21737.45
1063997594632910493,Carmelina668 Goyette777,GENERAL PRACTICE,2020-06,1,1,1,15.0,1787.61
982453732923389287,Leonie332 Wunsch504,GENERAL PRACTICE,2020-06,1,1,5,38.13333333333333,5794.45
285802138677722447,Bettye671 Tromp100,GENERAL PRACTICE,2020-06,1,1,1,15.0,1070.65
120057643579548119,Enriqueta274 Barton704,GENERAL PRACTICE,2020-06,1,1,6,34.48333333333334,8414.88
777367571448378347,Rolland302 Lemke654,GENERAL PRACTICE,2020-06,1,1,0,15.0,816.80
843686674439627048,Eleni953 Franecki195,GENERAL PRACTICE,2020-06,1,1,0,15.0,85.55
466401755129169261,Carson894 Krajcik437,GENERAL PRACTICE,2020-06,1,1,1,40.8,5263.67
835509182532742600,Larraine124 Torphy630,GENERAL PRACTICE,2020-06,1,1,4,33.733333333333334,4832.68
366615259928051559,Jodie811 Hermann103,GENERAL PRACTICE,2020-07,1,1,5,40.75,3893.90
883431140021126480,Teisha100 Leffler128,GENERAL PRACTICE,2020-07,1,1,4,33.25,2816.80
505555747501163910,Norbert530 Veum823,GENERAL PRACTICE,2020-07,1,1,4,15.0,2272.80
506566847745572873,Pearlene638 Towne435,GENERAL PRACTICE,2020-07,1,1,7,40.28333333333334,4929.40
466401755129169261,Carson894 Krajcik437,GENERAL PRACTICE,2020-07,1,1,1,54.31666666666667,6815.64
385398007267188660,Donovan745 Daugherty69,GENERAL PRACTICE,2020-07,1,1,1,80.05,235.03
926186281053564192,George991 Haley279,GENERAL PRACTICE,2020-07,1,1,1,15.0,1189.82
325967294132029093,Cleo27 Crooks415,GENERAL PRACTICE,2020-07,1,1,0,60.0,87.71
358575454180073229,Luther918 Jakubowski832,GENERAL PRACTICE,2020-07,1,1,1,44.3,15783.94
466401755129169261,Carson894 Krajcik437,GENERAL PRACTICE,2020-08,2,1,8,177.81875000000002,27001.12
534772609694406275,Alysha630 Koch169,GENERAL PRACTICE,2020-08,1,1,8,221.96666666666667,28294.00
589522183230517886,Cleveland582 Kuphal363,GENERAL PRACTICE,2020-08,1,1,6,206.28333333333333,16043.70
883538179487277878,Otha286 Roberts511,GENERAL PRACTICE,2020-08,1,1,7,167.9,21737.45
1127027579373672694,Gabriel934 Alcántar600,GENERAL PRACTICE,2020-08,1,1,4,47.53333333333333,3679.60
292967037467650792,Margarite168 Koepp521,GENERAL PRACTICE,2020-08,4,1,4,30.845833333333335,19065.17
274123491455613599,Margarita164 Abbott774,GENERAL PRACTICE,2020-08,1,1,7,17.400000000000002,5881.40
687324914576395334,Dorotea472 Rico947,GENERAL PRACTICE,2020-08,1,1,0,180.0,146.18
415187786701005895,Nicholas495 Greenfelder433,GENERAL PRACTICE,2020-08,1,1,1,15.0,1577.18
773210380597549127,Dylan44 Robel940,GENERAL PRACTICE,2020-09,1,1,1,18.816666666666666,1250.85
557542335892374462,Rafael239 Delafuente833,GENERAL PRACTICE,2020-09,2,1,25,30.523333333333333,586977.60
1070962888088048845,Rubén780 Amaya149,GENERAL PRACTICE,2020-09,2,1,11,43.789393939393946,103938.87
466401755129169261,Carson894 Krajcik437,GENERAL PRACTICE,2020-09,1,1,1,27.116666666666667,5263.67
944661317191180968,Sherron201 Flatley871,GENERAL PRACTICE,2020-09,1,1,0,60.0,146.18
777367571448378347,Rolland302 Lemke654,GENERAL PRACTICE,2020-09,1,1,0,15.0,816.80
120057643579548119,Enriqueta274 Barton704,GENERAL PRACTICE,2020-09,1,1,6,39.46666666666667,4713.48
247183019506608427,Lynwood354 Ratke343,GENERAL PRACTICE,2020-09,1,1,7,49.08333333333333,105260.96
259733207554739476,Domitila545 Vandervort697,GENERAL PRACTICE,2020-10,1,1,1,35.7,4052.91
677098075056565681,Tracy345 Wilderman619,GENERAL PRACTICE,2020-10,1,1,5,34.2,8256.90
843686674439627048,Eleni953 Franecki195,GENERAL PRACTICE,2020-10,1,1,1,92.98333333333333,239.57
1149431584739820752,Jill895 Monahan736,GENERAL PRACTICE,2020-10,1,1,5,45.88333333333333,4201.00
466401755129169261,Carson894 Krajcik437,GENERAL PRACTICE,2020-10,2,1,2,42.825,20443.22
589522183230517886,Cleveland582 Kuphal363,GENERAL PRACTICE,2020-10,1,1,0,54720.0,146.18
1067664423944760255,Ted955 O'Connell601,GENERAL PRACTICE,2020-10,1,1,10,151.59999999999997,44762.90
494963808912363135,Silva841 Grimes165,GENERAL PRACTICE,2020-10,1,1,1,22.416666666666668,132.96
292967037467650792,Margarite168 Koepp521,GENERAL PRACTICE,2020-10,1,1,7,142.85,21737.45
757165526207794756,Hunter736 Lesch175,GENERAL PRACTICE,2020-10,3,1,8,42.650000000000006,10245.65
557542335892374462,Rafael239 Delafuente833,GENERAL PRACTICE,2020-10,1,1,3,15.0,51167.31
1070962888088048845,Rubén780 Amaya149,GENERAL PRACTICE,2020-10,1,1,10,394.66666666666663,43995.50
759145525723149247,Marlene554 Hammes673,GENERAL PRACTICE,2020-10,1,1,2,60.0,2017.96
503147753871397607,Carroll471 Eichmann909,GENERAL PRACTICE,2020-10,1,1,12,476.41666666666674,63148.20
914990834498768109,Zachary28 Gleichner915,GENERAL PRACTICE,2020-10,1,1,8,32.88333333333333,7366.72
415187786701005895,Nicholas495 Greenfelder433,GENERAL PRACTICE,2020-10,3,1,8,177.2533333333333,28737.10
993330102316984502,Gloria696 Deleón21,GENERAL PRACTICE,2020-11,1,1,5,58.1,6070.40
933374996853591879,Damaris45 Funk324,GENERAL PRACTICE,2020-11,2,1,7,173.68124999999998,21823.00
572970996214541044,Amado512 Adams676,GENERAL PRACTICE,2020-11,1,1,6,49.583333333333336,8206.38
175240302948815055,Clemente531 Schamberger479,GENERAL PRACTICE,2020-11,1,1,5,31.583333333333332,6147.40
557542335892374462,Rafael239 Delafuente833,GENERAL PRACTICE,2020-11,1,1,4,15.0,36944.76
843686674439627048,Eleni953 Franecki195,GENERAL PRACTICE,2020-11,1,1,0,15.0,85.55
477715583309581043,Victoria535 Roob72,GENERAL PRACTICE,2020-11,1,1,2,15.0,2838.18
466401755129169261,Carson894 Krajcik437,GENERAL PRACTICE,2020-11,1,1,1,54.21666666666667,5263.67
325967294132029093,Cleo27 Crooks415,GENERAL PRACTICE,2020-11,1,1,0,60.0,146.18
717311760003828486,Maren639 Aufderhar910,GENERAL PRACTICE,2020-11,1,1,8,50.25,13729.28
649208082638985778,Derick144 King743,GENERAL PRACTICE,2020-11,1,1,1,15.0,704.20
990948620886424088,Jarvis643 Ankunding277,GENERAL PRACTICE,2020-11,2,1,7,208.3166666666667,21823.00
259733207554739476,Domitila545 Vandervort697,GENERAL PRACTICE,2020-11,2,1,14,264.3607142857142,57279.70
326249472953830996,Marcus77 Schamberger479,GENERAL PRACTICE,2020-12,1,1,4,66.85,3711.12
534772609694406275,Alysha630 Koch169,GENERAL PRACTICE,2020-12,1,1,0,15.0,142.58
619052238124270980,Jamey282 Graham902,GENERAL PRACTICE,2020-12,1,1,1,17.766666666666666,704.20
1063416607639151960,Sharyl439 Williamson769,GENERAL PRACTICE,2020-12,1,1,7,48.03333333333334,7531.02
292967037467650792,Margarite168 Koepp521,GENERAL PRACTICE,2020-12,1,1,1,36.96666666666667,573.98
843686674439627048,Eleni953 Franecki195,GENERAL PRACTICE,2020-12,2,2,6,42.24285714285714,17054.91
385398007267188660,Donovan745 Daugherty69,GENERAL PRACTICE,2020-12,1,1,8,35.583333333333336,12600.32
285802138677722447,Bettye671 Tromp100,GENERAL PRACTICE,2020-12,1,1,1,15.0,704.20
557542335892374462,Rafael239 Delafuente833,GENERAL PRACTICE,2020-12,1,1,2,15.0,22902.04
732047689731087291,Jackelyn13 Pacocha935,GENERAL PRACTICE,2020-12,1,1,0,15.0,85.55
990948620886424088,Jarvis643 Ankunding277,GENERAL PRACTICE,2020-12,1,1,1,90.88333333333334,237.11
627552435495576060,Louis204 Hauck852,GENERAL PRACTICE,2020-12,1,1,8,187.03333333333333,28294.00
944661317191180968,Sherron201 Flatley871,GENERAL PRACTICE,2020-12,1,1,0,60.0,87.71
1001810865406500417,Bennett146 Rippin620,GENERAL PRACTICE,2020-12,1,1,6,137.38333333333333,16043.70
467518901701294765,Evelin941 Ratke343,GENERAL PRACTICE,2020-12,1,1,2,15.0,2892.76
259733207554739476,Domitila545 Vandervort697,GENERAL PRACTICE,2020-12,3,1,5,135.46388888888887,7904.13
777367571448378347,Rolland302 Lemke654,GENERAL PRACTICE,2020-12,1,1,1,15.0,507.17
635693475161891891,Chanelle850 Schuster709,GENERAL PRACTICE,2020-12,1,1,0,15.0,75.00
466401755129169261,Carson894 Krajcik437,GENERAL PRACTICE,2020-12,1,1,1,50.68333333333333,14983.01
773210380597549127,Dylan44 Robel940,GENERAL PRACTICE,2021-01,1,1,1,15.0,1250.85
423527009837327279,Benita195 VonRueden376,GENERAL PRACTICE,2021-01,1,1,7,18.966666666666665,4929.40
812642555216453051,Clora637 Pagac496,GENERAL PRACTICE,2021-01,1,1,6,47.13333333333333,7120.68
534772609694406275,Alysha630 Koch169,GENERAL PRACTICE,2021-01,1,1,12,383.81666666666666,63148.20
494963808912363135,Silva841 Grimes165,GENERAL PRACTICE,2021-01,1,1,11,410.66666666666663,53140.45
945768052921162857,Arden380 Bergstrom287,GENERAL PRACTICE,2021-01,1,1,0,15.0,278.58
119816323964506061,Clement78 Gleason633,GENERAL PRACTICE,2021-01,1,1,1,60.0,20091.03
466401755129169261,Carson894 Krajcik437,GENERAL PRACTICE,2021-01,1,1,1,50.81666666666667,20626.96
789934400191248198,Guadalupe206 Ponce361,GENERAL PRACTICE,2021-01,1,1,6,183.81666666666663,16043.70
819112072617298357,Elmer371 Gusikowski974,GENERAL PRACTICE,2021-01,1,1,1,15.0,704.20
840366989655278220,Francene766 Halvorson124,GENERAL PRACTICE,2021-01,1,1,5,21.266666666666666,6974.75
1001928878040672327,Sharron285 Batz141,GENERAL PRACTICE,2021-01,1,1,6,163.33333333333334,16043.70
557542335892374462,Rafael239 Delafuente833,GENERAL PRACTICE,2021-01,1,1,2,15.0,11737.46
944661317191180968,Sherron201 Flatley871,GENERAL PRACTICE,2021-02,1,1,0,60.0,146.18
767594969606856678,Numbers230 Stehr398,GENERAL PRACTICE,2021-02,1,1,7,166.88333333333335,21737.45
1001928878040672327,Sharron285 Batz141,GENERAL PRACTICE,2021-02,1,1,0,15.0,278.58
220387732963487694,Sulema841 Ryan260,GENERAL PRACTICE,2021-02,1,1,0,15.0,85.55
732047689731087291,Jackelyn13 Pacocha935,GENERAL PRACTICE,2021-02,1,1,6,179.23333333333332,16043.70
466401755129169261,Carson894 Krajcik437,GENERAL PRACTICE,2021-02,2,1,1,20.541666666666664,15223.09
945768052921162857,Arden380 Bergstrom287,GENERAL PRACTICE,2021-02,1,1,0,15.0,278.58
417994371414450048,Beth967 McKenzie376,GENERAL PRACTICE,2021-02,1,1,1,22.866666666666667,1248.20
543343207625722774,Anh979 Schroeder447,GENERAL PRACTICE,2021-02,3,3,9,12961.222222222226,7749.22
153604355254142314,Fallon874 Homenick806,GENERAL PRACTICE,2021-02,1,1,2,60.0,17147.98
557542335892374462,Rafael239 Delafuente833,GENERAL PRACTICE,2021-02,1,1,5,15.0,50561.60
929246809949396381,Patricia625 Aragón562,GENERAL PRACTICE,2021-02,1,1,0,15.0,755.38
385398007267188660,Donovan745 Daugherty69,GENERAL PRACTICE,2021-02,1,1,0,15.0,278.58
466401755129169261,Carson894 Krajcik437,GENERAL PRACTICE,2021-03,2,1,2,41.40833333333333,29595.68
982978929763219993,Derick144 Bashirian201,GENERAL PRACTICE,2021-03,1,1,6,43.06666666666667,7749.36
662230053408795548,Lucas404 Arteaga169,GENERAL PRACTICE,2021-03,3,1,7,1054.4571428571428,9715.28
1001928878040672327,Sharron285 Batz141,GENERAL PRACTICE,2021-03,2,2,0,15.0,364.13
80036345970440990,Jude172 Hammes673,GENERAL PRACTICE,2021-03,1,1,6,44.416666666666664,5120.16
220387732963487694,Sulema841 Ryan260,GENERAL PRACTICE,2021-03,1,1,0,15.0,85.55
1070962888088048845,Rubén780 Amaya149,GENERAL PRACTICE,2021-03,1,1,6,202.86666666666667,16043.70
627552435495576060,Louis204 Hauck852,GENERAL PRACTICE,2021-03,1,1,0,15.0,278.58
557542335892374462,Rafael239 Delafuente833,GENERAL PRACTICE,2021-03,1,1,2,15.0,22902.04
1063997594632910493,Carmelina668 Goyette777,GENERAL PRACTICE,2021-03,1,1,8,243.21666666666667,28294.00
777367571448378347,Rolland302 Lemke654,GENERAL PRACTICE,2021-03,1,1,0,15.0,816.80
525551825041219194,Valentine262 Leannon79,GENERAL PRACTICE,2021-03,1,1,6,41.23333333333334,4225.20
385398007267188660,Donovan745 Daugherty69,GENERAL PRACTICE,2021-03,1,1,0,15.0,278.58
773210380597549127,Dylan44 Robel940,GENERAL PRACTICE,2021-04,2,1,11,362.56060606060606,45246.35
627552435495576060,Louis204 Hauck852,GENERAL PRACTICE,2021-04,4,2,11,194.64230769230772,38274.88
1001810865406500417,Bennett146 Rippin620,GENERAL PRACTICE,2021-04,2,1,8,145.84166666666664,23206.40
220387732963487694,Sulema841 Ryan260,GENERAL PRACTICE,2021-04,2,1,0,15.0,557.16
767594969606856678,Numbers230 Stehr398,GENERAL PRACTICE,2021-04,1,1,0,15.0,278.58
544507194386793082,Stephen891 Okuneva707,GENERAL PRACTICE,2021-04,1,1,6,40.98333333333334,5976.96
292967037467650792,Margarite168 Koepp521,GENERAL PRACTICE,2021-04,1,1,0,15.0,278.58
259733207554739476,Domitila545 Vandervort697,GENERAL PRACTICE,2021-04,1,1,0,15.0,278.58
157840080095889559,Son314 MacGyver246,GENERAL PRACTICE,2021-04,1,1,7,57.56666666666667,4929.40
589522183230517886,Cleveland582 Kuphal363,GENERAL PRACTICE,2021-04,1,1,0,15.0,278.58
928807084084529673,Kerrie266 Bergstrom287,GENERAL PRACTICE,2021-04,1,1,1,60.0,577.58
659708650451791585,Thanh759 Weber641,GENERAL PRACTICE,2021-04,1,1,0,15.0,278.58
557542335892374462,Rafael239 Delafuente833,GENERAL PRACTICE,2021-04,1,1,3,15.0,16586.28
326249472953830996,Marcus77 Schamberger479,GENERAL PRACTICE,2021-04,2,2,1,15.0,3815.33
415187786701005895,Nicholas495 Greenfelder433,GENERAL PRACTICE,2021-04,1,1,1,42.03333333333333,556.40
620574705160663378,Emilio417 Barton704,GENERAL PRACTICE,2021-04,1,1,0,15.0,85.55
138629371706085844,Sandie760 Rodriguez71,GENERAL PRACTICE,2021-04,1,1,7,42.56666666666667,8075.27
97141455760162461,Georgetta870 Turner526,GENERAL PRACTICE,2021-04,1,1,0,60.0,146.18
466401755129169261,Carson894 Krajcik437,GENERAL PRACTICE,2021-04,1,1,1,41.0,16601.19
1070962888088048845,Rubén780 Amaya149,GENERAL PRACTICE,2021-04,1,1,0,15.0,142.58
1001928878040672327,Sharron285 Batz141,GENERAL PRACTICE,2021-04,2,1,1,37.5,4646.15
670601237767308522,January966 Roberts511,GENERAL PRACTICE,2021-04,2,1,0,15.0,557.16
801728232490770318,Ulysses632 Ziemann98,GENERAL PRACTICE,2021-04,1,1,1,15.0,917.85
330368346251735978,Douglas31 Kuhlman484,GENERAL PRACTICE,2021-05,1,1,8,25.599999999999998,13624.00
466401755129169261,Carson894 Krajcik437,GENERAL PRACTICE,2021-05,1,1,1,36.31666666666667,5263.67
1063997594632910493,Carmelina668 Goyette777,GENERAL PRACTICE,2021-05,1,1,0,15.0,278.58
732047689731087291,Jackelyn13 Pacocha935,GENERAL PRACTICE,2021-05,2,1,21,15.0,1200901.55
259733207554739476,Domitila545 Vandervort697,GENERAL PRACTICE,2021-05,1,1,0,15.0,278.58
589522183230517886,Cleveland582 Kuphal363,GENERAL PRACTICE,2021-05,1,1,0,15.0,278.58
553071481483026407,Maryann106 Hintz995,GENERAL PRACTICE,2021-05,1,1,0,15.0,278.58
292967037467650792,Margarite168 Koepp521,GENERAL PRACTICE,2021-05,1,1,0,15.0,278.58
119816323964506061,Clement78 Gleason633,GENERAL PRACTICE,2021-05,1,1,1,60.0,8515.23
747110926960089803,Gerard367 Pouros728,GENERAL PRACTICE,2021-05,1,1,5,50.43333333333333,4573.90
326249472953830996,Marcus77 Schamberger479,GENERAL PRACTICE,2021-05,1,1,0,15.0,278.58
557542335892374462,Rafael239 Delafuente833,GENERAL PRACTICE,2021-05,1,1,2,15.0,2010.76
494963808912363135,Silva841 Grimes165,GENERAL PRACTICE,2021-05,1,1,8,255.08333333333331,29382.00
944661317191180968,Sherron201 Flatley871,GENERAL PRACTICE,2021-05,1,1,0,60.0,146.18
358575454180073229,Luther918 Jakubowski832,GENERAL PRACTICE,2021-05,2,1,0,15.0,557.16
311126358396755254,Ted955 Reilly981,GENERAL PRACTICE,2021-05,1,1,2,44.13333333333333,1896.70
767594969606856678,Numbers230 Stehr398,GENERAL PRACTICE,2021-05,1,1,0,15.0,278.58
843686674439627048,Eleni953 Franecki195,GENERAL PRACTICE,2021-05,1,1,8,158.18333333333337,28294.00
797317867592804508,Idella49 Runte676,GENERAL PRACTICE,2021-05,1,1,6,46.51666666666666,6462.60
1001810865406500417,Bennett146 Rippin620,GENERAL PRACTICE,2021-05,1,1,1,86.45,516.95
933374996853591879,Damaris45 Funk324,GENERAL PRACTICE,2021-05,1,1,9,240.59999999999997,35713.35
104443324623586425,Alan320 Keeling57,GENERAL PRACTICE,2021-05,1,1,8,57.51666666666666,9681.44
659708650451791585,Thanh759 Weber641,GENERAL PRACTICE,2021-05,1,1,0,15.0,278.58
1001928878040672327,Sharron285 Batz141,GENERAL PRACTICE,2021-05,1,1,1,60.0,4514.12
620574705160663378,Emilio417 Barton704,GENERAL PRACTICE,2021-05,1,1,9,275.8333333333333,35713.35
732047689731087291,Jackelyn13 Pacocha935,GENERAL PRACTICE,2021-06,2,2,3,15.0,28364.76
1063997594632910493,Carmelina668 Goyette777,GENERAL PRACTICE,2021-06,1,1,0,15.0,278.58
553071481483026407,Maryann106 Hintz995,GENERAL PRACTICE,2021-06,1,1,0,15.0,278.58
1070962888088048845,Rubén780 Amaya149,GENERAL PRACTICE,2021-06,1,1,0,15.0,278.58
835509182532742600,Larraine124 Torphy630,GENERAL PRACTICE,2021-06,1,1,7,31.199999999999996,11025.28
843686674439627048,Eleni953 Franecki195,GENERAL PRACTICE,2021-06,1,1,8,227.31666666666663,28294.00
285802138677722447,Bettye671 Tromp100,GENERAL PRACTICE,2021-06,1,1,0,15.0,136.80
982453732923389287,Leonie332 Wunsch504,GENERAL PRACTICE,2021-06,1,1,7,53.16666666666667,7413.42
627552435495576060,Louis204 Hauck852,GENERAL PRACTICE,2021-06,1,1,7,191.26666666666668,21737.45
466401755129169261,Carson894 Krajcik437,GENERAL PRACTICE,2021-06,2,1,2,25.924999999999997,19126.06
557542335892374462,Rafael239 Delafuente833,GENERAL PRACTICE,2021-06,1,1,0,15.0,142.58
777367571448378347,Rolland302 Lemke654,GENERAL PRACTICE,2021-06,1,1,0,15.0,272.80
1001810865406500417,Bennett146 Rippin620,GENERAL PRACTICE,2021-06,1,1,1,81.48333333333333,516.95
366615259928051559,Jodie811 Hermann103,GENERAL PRACTICE,2021-07,1,1,3,36.666666666666664,2112.60
1070962888088048845,Rubén780 Amaya149,GENERAL PRACTICE,2021-07,1,1,0,15.0,278.58
635693475161891891,Chanelle850 Schuster709,GENERAL PRACTICE,2021-07,1,1,0,15.0,278.58
944661317191180968,Sherron201 Flatley871,GENERAL PRACTICE,2021-07,1,1,0,60.0,87.71
883431140021126480,Teisha100 Leffler128,GENERAL PRACTICE,2021-07,1,1,6,53.76666666666666,5966.88
670601237767308522,January966 Roberts511,GENERAL PRACTICE,2021-07,1,1,7,179.25,21737.45
817265798161599645,Barton704 Hahn503,GENERAL PRACTICE,2021-07,1,1,2,60.0,2017.96
773210380597549127,Dylan44 Robel940,GENERAL PRACTICE,2021-07,2,1,9,78.2888888888889,32765.35
732047689731087291,Jackelyn13 Pacocha935,GENERAL PRACTICE,2021-07,2,2,4,15.0,24864.70
506566847745572873,Pearlene638 Towne435,GENERAL PRACTICE,2021-07,1,1,6,40.81666666666667,8431.08
505555747501163910,Norbert530 Veum823,GENERAL PRACTICE,2021-07,1,1,6,15.0,4225.20
883538179487277878,Otha286 Roberts511,GENERAL PRACTICE,2021-07,1,1,1,15.0,3204.10
945768052921162857,Arden380 Bergstrom287,GENERAL PRACTICE,2021-08,1,1,7,209.40000000000003,21737.45
635693475161891891,Chanelle850 Schuster709,GENERAL PRACTICE,2021-08,1,1,0,15.0,278.58
292967037467650792,Margarite168 Koepp521,GENERAL PRACTICE,2021-08,3,1,3,24.272222222222222,11127.53
534772609694406275,Alysha630 Koch169,GENERAL PRACTICE,2021-08,1,1,8,206.68333333333337,28294.00
274123491455613599,Margarita164 Abbott774,GENERAL PRACTICE,2021-08,1,1,6,17.849999999999998,4225.20
843686674439627048,Eleni953 Franecki195,GENERAL PRACTICE,2021-08,2,1,0,15.0,557.16
767594969606856678,Numbers230 Stehr398,GENERAL PRACTICE,2021-08,1,1,0,15.0,85.55
466401755129169261,Carson894 Krajcik437,GENERAL PRACTICE,2021-08,3,1,8,107.24375,27857.62
589522183230517886,Cleveland582 Kuphal363,GENERAL PRACTICE,2021-08,1,1,7,225.84999999999997,21737.45
358575454180073229,Luther918 Jakubowski832,GENERAL PRACTICE,2021-08,1,1,1,15.0,2715.80
325967294132029093,Cleo27 Crooks415,GENERAL PRACTICE,2021-08,1,1,0,60.0,146.18
732047689731087291,Jackelyn13 Pacocha935,GENERAL PRACTICE,2021-08,1,1,2,15.0,9331.92
120057643579548119,Enriqueta274 Barton704,GENERAL PRACTICE,2021-09,1,1,4,59.0,4549.12
662230053408795548,Lucas404 Arteaga169,GENERAL PRACTICE,2021-09,1,1,0,15.0,85.55
1001810865406500417,Bennett146 Rippin620,GENERAL PRACTICE,2021-09,1,1,1,68.43333333333334,516.95
732047689731087291,Jackelyn13 Pacocha935,GENERAL PRACTICE,2021-09,1,1,2,15.0,10942.68
767594969606856678,Numbers230 Stehr398,GENERAL PRACTICE,2021-09,1,1,0,15.0,278.58
100964940075677046,Latrisha74 Rippin620,GENERAL PRACTICE,2021-09,1,1,0,60.0,146.18
247183019506608427,Lynwood354 Ratke343,GENERAL PRACTICE,2021-09,1,1,4,52.63333333333333,40477.08
466401755129169261,Carson894 Krajcik437,GENERAL PRACTICE,2021-09,1,1,1,31.516666666666666,5263.67
494963808912363135,Silva841 Grimes165,GENERAL PRACTICE,2021-10,1,1,0,15.0,278.58
534772609694406275,Alysha630 Koch169,GENERAL PRACTICE,2021-10,1,1,0,15.0,278.58
767594969606856678,Numbers230 Stehr398,GENERAL PRACTICE,2021-10,1,1,0,15.0,278.58
1070962888088048845,Rubén780 Amaya149,GENERAL PRACTICE,2021-10,1,1,8,249.25,28294.00
1149431584739820752,Jill895 Monahan736,GENERAL PRACTICE,2021-10,1,1,5,36.28333333333333,6025.30
773210380597549127,Dylan44 Robel940,GENERAL PRACTICE,2021-10,1,1,1,15.0,1250.85
466401755129169261,Carson894 Krajcik437,GENERAL PRACTICE,2021-10,1,1,1,59.43333333333333,5263.67
944661317191180968,Sherron201 Flatley871,GENERAL PRACTICE,2021-10,1,1,1,60.0,20398.65
415187786701005895,Nicholas495 Greenfelder433,GENERAL PRACTICE,2021-10,1,1,0,15.0,278.58
914990834498768109,Zachary28 Gleichner915,GENERAL PRACTICE,2021-10,1,1,8,38.4,7398.88
732047689731087291,Jackelyn13 Pacocha935,GENERAL PRACTICE,2021-10,1,1,5,15.0,52594.40
557542335892374462,Rafael239 Delafuente833,GENERAL PRACTICE,2021-10,1,1,0,15.0,278.58
1001810865406500417,Bennett146 Rippin620,GENERAL PRACTICE,2021-10,1,1,1,75.31666666666666,516.95
259733207554739476,Domitila545 Vandervort697,GENERAL PRACTICE,2021-11,1,1,0,15.0,142.58
415187786701005895,Nicholas495 Greenfelder433,GENERAL PRACTICE,2021-11,1,1,0,15.0,278.58
477715583309581043,Victoria535 Roob72,GENERAL PRACTICE,2021-11,1,1,0,15.0,755.38
557542335892374462,Rafael239 Delafuente833,GENERAL PRACTICE,2021-11,1,1,0,15.0,278.58
883538179487277878,Otha286 Roberts511,GENERAL PRACTICE,2021-11,1,1,1,15.0,948.35
732047689731087291,Jackelyn13 Pacocha935,GENERAL PRACTICE,2021-11,1,1,2,15.0,11933.84
1001810865406500417,Bennett146 Rippin620,GENERAL PRACTICE,2021-11,1,1,1,63.666666666666664,516.95
494963808912363135,Silva841 Grimes165,GENERAL PRACTICE,2021-11,1,1,0,15.0,278.58
843686674439627048,Eleni953 Franecki195,GENERAL PRACTICE,2021-11,1,1,6,45.949999999999996,16833.36
534772609694406275,Alysha630 Koch169,GENERAL PRACTICE,2021-11,2,2,0,15.0,421.16
649208082638985778,Derick144 King743,GENERAL PRACTICE,2021-11,1,1,0,15.0,272.80
572970996214541044,Amado512 Adams676,GENERAL PRACTICE,2021-11,1,1,7,36.31666666666667,9852.57
1089893394563807044,Tyron580 Reinger292,GENERAL PRACTICE,2021-11,1,1,0,60.0,146.18
812461953915892340,Leah288 Sauer652,GENERAL PRACTICE,2021-11,1,1,0,60.0,146.18
920109888844239658,Warren653 O'Keefe54,GENERAL PRACTICE,2021-11,1,1,0,15.0,278.58
292967037467650792,Margarite168 Koepp521,GENERAL PRACTICE,2021-11,1,1,1,33.55,573.98
466401755129169261,Carson894 Krajcik437,GENERAL PRACTICE,2021-11,2,1,2,38.891666666666666,26385.64
717311760003828486,Maren639 Aufderhar910,GENERAL PRACTICE,2021-12,1,1,7,51.83333333333333,4929.40
285802138677722447,Bettye671 Tromp100,GENERAL PRACTICE,2021-12,1,1,1,15.0,1135.60
619052238124270980,Jamey282 Graham902,GENERAL PRACTICE,2021-12,1,1,0,15.0,272.80
1063416607639151960,Sharyl439 Williamson769,GENERAL PRACTICE,2021-12,1,1,5,53.13333333333334,5379.30
415187786701005895,Nicholas495 Greenfelder433,GENERAL PRACTICE,2021-12,1,1,1,70.36666666666666,516.95
104443324623586425,Alan320 Keeling57,GENERAL PRACTICE,2021-12,1,1,7,35.11666666666667,6961.36
920109888844239658,Warren653 O'Keefe54,GENERAL PRACTICE,2021-12,1,1,0,15.0,278.58
777367571448378347,Rolland302 Lemke654,GENERAL PRACTICE,2021-12,1,1,1,15.0,488.50
385398007267188660,Donovan745 Daugherty69,GENERAL PRACTICE,2021-12,1,1,8,31.099999999999998,15346.00
1001810865406500417,Bennett146 Rippin620,GENERAL PRACTICE,2021-12,1,1,1,79.01666666666667,516.95
933374996853591879,Damaris45 Funk324,GENERAL PRACTICE,2021-12,1,1,7,34.5,7646.73
635693475161891891,Chanelle850 Schuster709,GENERAL PRACTICE,2021-12,1,1,7,151.46666666666667,21737.45
627552435495576060,Louis204 Hauck852,GENERAL PRACTICE,2021-12,1,1,0,15.0,85.55
467518901701294765,Evelin941 Ratke343,GENERAL PRACTICE,2021-12,1,1,3,15.0,2520.60
78857915488003984,Gordon377 Reichert620,GENERAL PRACTICE,2021-12,1,1,2,60.0,5851.20
732047689731087291,Jackelyn13 Pacocha935,GENERAL PRACTICE,2021-12,2,1,5,15.0,63804.05
466401755129169261,Carson894 Krajcik437,GENERAL PRACTICE,2021-12,1,1,1,24.116666666666667,20626.96
627552435495576060,Louis204 Hauck852,GENERAL PRACTICE,2022-01,2,2,10,172.52666666666664,63328.55
1001810865406500417,Bennett146 Rippin620,GENERAL PRACTICE,2022-01,1,1,1,71.15,516.95
220387732963487694,Sulema841 Ryan260,GENERAL PRACTICE,2022-01,1,1,0,15.0,85.55
423527009837327279,Benita195 VonRueden376,GENERAL PRACTICE,2022-01,1,1,7,27.683333333333334,6403.46
415187786701005895,Nicholas495 Greenfelder433,GENERAL PRACTICE,2022-01,1,1,1,70.83333333333333,516.95
933374996853591879,Damaris45 Funk324,GENERAL PRACTICE,2022-01,2,2,7,132.82857142857145,18027.69
819112072617298357,Elmer371 Gusikowski974,GENERAL PRACTICE,2022-01,1,1,1,15.0,488.50
466401755129169261,Carson894 Krajcik437,GENERAL PRACTICE,2022-01,1,1,1,19.416666666666668,5263.67
494963808912363135,Silva841 Grimes165,GENERAL PRACTICE,2022-01,2,1,4,15.0,46983.46
534772609694406275,Alysha630 Koch169,GENERAL PRACTICE,2022-01,1,1,0,15.0,85.55
326249472953830996,Marcus77 Schamberger479,GENERAL PRACTICE,2022-01,1,1,0,15.0,85.55
944661317191180968,Sherron201 Flatley871,GENERAL PRACTICE,2022-01,1,1,0,60.0,146.18
773210380597549127,Dylan44 Robel940,GENERAL PRACTICE,2022-01,1,1,1,17.966666666666665,1250.85
385398007267188660,Donovan745 Daugherty69,GENERAL PRACTICE,2022-01,2,1,6,178.48571428571427,16129.25
466401755129169261,Carson894 Krajcik437,GENERAL PRACTICE,2022-02,1,1,1,40.11666666666667,15185.56
534772609694406275,Alysha630 Koch169,GENERAL PRACTICE,2022-02,1,1,6,181.93333333333337,16043.70
840366989655278220,Francene766 Halvorson124,GENERAL PRACTICE,2022-02,1,1,4,15.0,5017.60
415187786701005895,Nicholas495 Greenfelder433,GENERAL PRACTICE,2022-02,1,1,1,81.75,516.95
627552435495576060,Louis204 Hauck852,GENERAL PRACTICE,2022-02,1,1,0,15.0,278.58
843686674439627048,Eleni953 Franecki195,GENERAL PRACTICE,2022-02,1,1,1,30.933333333333334,20297.15
929246809949396381,Patricia625 Aragón562,GENERAL PRACTICE,2022-02,1,1,6,19.466666666666665,6335.40
220387732963487694,Sulema841 Ryan260,GENERAL PRACTICE,2022-02,2,1,2,1761.6666666666667,15821.45
732047689731087291,Jackelyn13 Pacocha935,GENERAL PRACTICE,2022-02,1,1,2,15.0,2010.76
326249472953830996,Marcus77 Schamberger479,GENERAL PRACTICE,2022-02,1,1,0,15.0,278.58
543343207625722774,Anh979 Schroeder447,GENERAL PRACTICE,2022-02,3,3,13,33.67692307692308,17155.96
635693475161891891,Chanelle850 Schuster709,GENERAL PRACTICE,2022-03,1,1,1,15.0,2715.80
1070962888088048845,Rubén780 Amaya149,GENERAL PRACTICE,2022-03,1,1,0,15.0,85.55
627552435495576060,Louis204 Hauck852,GENERAL PRACTICE,2022-03,1,1,0,15.0,278.58
757165526207794756,Hunter736 Lesch175,GENERAL PRACTICE,2022-03,1,1,11,350.06666666666666,53140.45
417994371414450048,Beth967 McKenzie376,GENERAL PRACTICE,2022-03,1,1,1,15.0,563.08
982978929763219993,Derick144 Bashirian201,GENERAL PRACTICE,2022-03,1,1,10,33.73333333333334,20416.00
415187786701005895,Nicholas495 Greenfelder433,GENERAL PRACTICE,2022-03,1,1,1,87.8,516.95
259733207554739476,Domitila545 Vandervort697,GENERAL PRACTICE,2022-03,1,1,0,15.0,85.55
326249472953830996,Marcus77 Schamberger479,GENERAL PRACTICE,2022-03,1,1,7,175.65000000000003,22689.45
292967037467650792,Margarite168 Koepp521,GENERAL PRACTICE,2022-03,1,1,1,36.53333333333333,573.98
220387732963487694,Sulema841 Ryan260,GENERAL PRACTICE,2022-03,1,1,0,15.0,85.55
906886907908167319,José3 Cedillo160,GENERAL PRACTICE,2022-03,1,1,6,40.083333333333336,4259.88
466401755129169261,Carson894 Krajcik437,GENERAL PRACTICE,2022-03,2,1,2,56.96666666666667,24924.52
525551825041219194,Valentine262 Leannon79,GENERAL PRACTICE,2022-03,1,1,5,50.56666666666667,3521.00
933374996853591879,Damaris45 Funk324,GENERAL PRACTICE,2022-03,1,1,7,44.41666666666667,5184.83
589522183230517886,Cleveland582 Kuphal363,GENERAL PRACTICE,2022-04,2,1,1,27.891666666666666,7179.66
466401755129169261,Carson894 Krajcik437,GENERAL PRACTICE,2022-04,1,1,1,29.433333333333334,20626.96
415187786701005895,Nicholas495 Greenfelder433,GENERAL PRACTICE,2022-04,1,1,1,77.6,516.95
1001810865406500417,Bennett146 Rippin620,GENERAL PRACTICE,2022-04,1,1,7,191.46666666666667,21737.45
1070962888088048845,Rubén780 Amaya149,GENERAL PRACTICE,2022-04,1,1,0,15.0,142.58
635693475161891891,Chanelle850 Schuster709,GENERAL PRACTICE,2022-04,1,1,7,174.08333333333331,21737.45
933374996853591879,Damaris45 Funk324,GENERAL PRACTICE,2022-04,1,1,8,204.26666666666668,28294.00
544507194386793082,Stephen891 Okuneva707,GENERAL PRACTICE,2022-04,1,1,6,49.93333333333333,4713.48
157840080095889559,Son314 MacGyver246,GENERAL PRACTICE,2022-04,1,1,2,55.43333333333333,1408.40
773210380597549127,Dylan44 Robel940,GENERAL PRACTICE,2022-04,1,1,1,15.0,1250.85
259733207554739476,Domitila545 Vandervort697,GENERAL PRACTICE,2022-05,1,1,0,15.0,85.55
797317867592804508,Idella49 Runte676,GENERAL PRACTICE,2022-05,1,1,6,50.48333333333334,4751.64
97141455760162461,Georgetta870 Turner526,GENERAL PRACTICE,2022-05,1,1,0,60.0,146.18
466401755129169261,Carson894 Krajcik437,GENERAL PRACTICE,2022-05,2,1,2,33.69166666666666,25890.63
494963808912363135,Silva841 Grimes165,GENERAL PRACTICE,2022-05,1,1,6,184.76666666666668,16043.70
801728232490770318,Ulysses632 Ziemann98,GENERAL PRACTICE,2022-05,1,1,2,15.0,3134.00
757165526207794756,Hunter736 Lesch175,GENERAL PRACTICE,2022-05,1,1,0,15.0,85.55
104443324623586425,Alan320 Keeling57,GENERAL PRACTICE,2022-05,1,1,7,57.78333333333332,7949.20
177353855562464587,Jules135 Emard19,GENERAL PRACTICE,2022-05,1,1,7,225.63333333333327,21737.45
330368346251735978,Douglas31 Kuhlman484,GENERAL PRACTICE,2022-05,1,1,4,21.216666666666665,3360.80
933374996853591879,Damaris45 Funk324,GENERAL PRACTICE,2022-05,1,1,7,239.95000000000002,21737.45
620574705160663378,Emilio417 Barton704,GENERAL PRACTICE,2022-05,1,1,7,167.88333333333335,21737.45
87043910366159377,Velda682 Gutmann970,GENERAL PRACTICE,2022-06,1,1,8,53.61666666666667,9043.84
777367571448378347,Rolland302 Lemke654,GENERAL PRACTICE,2022-06,1,1,0,15.0,272.80
627552435495576060,Louis204 Hauck852,GENERAL PRACTICE,2022-06,1,1,8,240.13333333333327,28294.00
835509182532742600,Larraine124 Torphy630,GENERAL PRACTICE,2022-06,1,1,7,47.03333333333334,8993.32
494963808912363135,Silva841 Grimes165,GENERAL PRACTICE,2022-06,2,1,24,24.894444444444446,1015363.60
944661317191180968,Sherron201 Flatley871,GENERAL PRACTICE,2022-06,1,1,0,60.0,87.71
466401755129169261,Carson894 Krajcik437,GENERAL PRACTICE,2022-06,1,1,1,45.46666666666667,5263.67
466401755129169261,Carson894 Krajcik437,GENERAL PRACTICE,2022-07,1,1,1,33.983333333333334,6125.57
773210380597549127,Dylan44 Robel940,GENERAL PRACTICE,2022-07,1,1,1,18.766666666666666,1250.85
670601237767308522,January966 Roberts511,GENERAL PRACTICE,2022-07,1,1,7,222.58333333333331,21737.45
843686674439627048,Eleni953 Franecki195,GENERAL PRACTICE,2022-07,2,1,15,168.75333333333327,52546.71
506566847745572873,Pearlene638 Towne435,GENERAL PRACTICE,2022-07,1,1,6,33.333333333333336,7620.96
494963808912363135,Silva841 Grimes165,GENERAL PRACTICE,2022-07,1,1,3,15.0,31190.49
589522183230517886,Cleveland582 Kuphal363,GENERAL PRACTICE,2022-07,2,1,3,71.60000000000001,27788.91
1001928878040672327,Sharron285 Batz141,GENERAL PRACTICE,2022-07,4,2,7,152.06666666666666,16731.75
883431140021126480,Teisha100 Leffler128,GENERAL PRACTICE,2022-07,1,1,5,51.88333333333334,3893.90
292967037467650792,Margarite168 Koepp521,GENERAL PRACTICE,2022-07,3,1,3,26.944444444444446,5039.11
982453732923389287,Leonie332 Wunsch504,GENERAL PRACTICE,2022-07,1,1,8,54.78333333333332,13132.64
1001810865406500417,Bennett146 Rippin620,GENERAL PRACTICE,2022-07,1,1,1,64.05,516.95
767594969606856678,Numbers230 Stehr398,GENERAL PRACTICE,2022-08,1,1,0,15.0,85.55
494963808912363135,Silva841 Grimes165,GENERAL PRACTICE,2022-08,1,1,4,15.0,48415.60
534772609694406275,Alysha630 Koch169,GENERAL PRACTICE,2022-08,1,1,10,350.2666666666666,43995.50
505555747501163910,Norbert530 Veum823,GENERAL PRACTICE,2022-08,1,1,6,27.566666666666666,5488.68
366615259928051559,Jodie811 Hermann103,GENERAL PRACTICE,2022-08,1,1,5,38.05,3521.00
274123491455613599,Margarita164 Abbott774,GENERAL PRACTICE,2022-08,1,1,6,15.0,5519.40
1001810865406500417,Bennett146 Rippin620,GENERAL PRACTICE,2022-08,1,1,1,76.08333333333333,516.95
415187786701005895,Nicholas495 Greenfelder433,GENERAL PRACTICE,2022-08,1,1,1,86.43333333333334,516.95
589522183230517886,Cleveland582 Kuphal363,GENERAL PRACTICE,2022-08,2,1,11,362.71212121212125,44512.45
466401755129169261,Carson894 Krajcik437,GENERAL PRACTICE,2022-08,1,1,1,52.35,5263.67
494963808912363135,Silva841 Grimes165,GENERAL PRACTICE,2022-09,2,2,12,34.70833333333333,32502.50
589522183230517886,Cleveland582 Kuphal363,GENERAL PRACTICE,2022-09,1,1,1,76.0,516.95
466401755129169261,Carson894 Krajcik437,GENERAL PRACTICE,2022-09,2,1,2,34.49166666666667,10527.34
944661317191180968,Sherron201 Flatley871,GENERAL PRACTICE,2022-09,1,1,1,60.0,5308.14
120057643579548119,Enriqueta274 Barton704,GENERAL PRACTICE,2022-10,1,1,7,59.03333333333332,6590.78
670601237767308522,January966 Roberts511,GENERAL PRACTICE,2022-10,1,1,0,15.0,85.55
773210380597549127,Dylan44 Robel940,GENERAL PRACTICE,2022-10,1,1,1,15.0,3718.44
466401755129169261,Carson894 Krajcik437,GENERAL PRACTICE,2022-10,1,1,1,53.05,20626.96
757165526207794756,Hunter736 Lesch175,GENERAL PRACTICE,2022-10,2,1,6,146.51428571428573,16129.25
494963808912363135,Silva841 Grimes165,GENERAL PRACTICE,2022-10,1,1,2,15.0,21269.86
325967294132029093,Cleo27 Crooks415,GENERAL PRACTICE,2022-10,1,1,0,120.0,146.18
1070962888088048845,Rubén780 Amaya149,GENERAL PRACTICE,2022-10,1,1,8,200.61666666666667,28294.00
186033129748268366,Harold594 Murray856,GENERAL PRACTICE,2022-10,1,1,1,156.9,4407.08
589522183230517886,Cleveland582 Kuphal363,GENERAL PRACTICE,2022-10,1,1,1,89.4,516.95
247183019506608427,Lynwood354 Ratke343,GENERAL PRACTICE,2022-10,1,1,7,56.73333333333334,56004.06
933374996853591879,Damaris45 Funk324,GENERAL PRACTICE,2022-11,1,1,6,214.08333333333334,16859.70
259733207554739476,Domitila545 Vandervort697,GENERAL PRACTICE,2022-11,1,1,6,170.83333333333334,16043.70
777367571448378347,Rolland302 Lemke654,GENERAL PRACTICE,2022-11,1,1,1,15.0,1135.60
944661317191180968,Sherron201 Flatley871,GENERAL PRACTICE,2022-11,1,1,0,60.0,87.71
466401755129169261,Carson894 Krajcik437,GENERAL PRACTICE,2022-11,1,1,1,48.35,5263.67
1149431584739820752,Jill895 Monahan736,GENERAL PRACTICE,2022-11,1,1,8,56.949999999999996,7436.00
494963808912363135,Silva841 Grimes165,GENERAL PRACTICE,2022-11,1,1,5,15.0,84084.15
945768052921162857,Arden380 Bergstrom287,GENERAL PRACTICE,2022-11,1,1,1,15.0,948.35
477715583309581043,Victoria535 Roob72,GENERAL PRACTICE,2022-11,1,1,4,15.0,6653.36
670601237767308522,January966 Roberts511,GENERAL PRACTICE,2022-12,1,1,0,15.0,85.55
466401755129169261,Carson894 Krajcik437,GENERAL PRACTICE,2022-12,2,1,2,37.391666666666666,38309.15
467518901701294765,Evelin941 Ratke343,GENERAL PRACTICE,2022-12,1,1,6,15.0,5519.40
494963808912363135,Silva841 Grimes165,GENERAL PRACTICE,2022-12,2,1,5,15.0,46074.81
572970996214541044,Amado512 Adams676,GENERAL PRACTICE,2022-12,1,1,8,58.28333333333332,9149.12
619052238124270980,Jamey282 Graham902,GENERAL PRACTICE,2022-12,1,1,1,15.0,904.02
635693475161891891,Chanelle850 Schuster709,GENERAL PRACTICE,2022-12,3,1,13,1147.3589743589744,60637.38
649208082638985778,Derick144 King743,GENERAL PRACTICE,2022-12,1,1,2,15.0,3117.70
659708650451791585,Thanh759 Weber641,GENERAL PRACTICE,2022-12,1,1,6,136.6,16043.70
717311760003828486,Maren639 Aufderhar910,GENERAL PRACTICE,2022-12,1,1,7,57.10000000000001,10017.00
285802138677722447,Bettye671 Tromp100,GENERAL PRACTICE,2022-12,1,1,0,15.0,816.80
933374996853591879,Damaris45 Funk324,GENERAL PRACTICE,2022-12,1,1,0,15.0,278.58
990948620886424088,Jarvis643 Ankunding277,GENERAL PRACTICE,2022-12,1,1,7,189.33333333333331,21737.45
1001810865406500417,Bennett146 Rippin620,GENERAL PRACTICE,2022-12,1,1,1,87.41666666666667,516.95
1063416607639151960,Sharyl439 Williamson769,GENERAL PRACTICE,2022-12,1,1,4,55.266666666666666,4005.12
249605078104956739,Monty345 Ferry570,GENERAL PRACTICE,2023-01,1,1,2,60.0,5851.20
423527009837327279,Benita195 VonRueden376,GENERAL PRACTICE,2023-01,1,1,3,15.0,2112.60
767594969606856678,Numbers230 Stehr398,GENERAL PRACTICE,2023-01,1,1,1,33.266666666666666,573.98
1001810865406500417,Bennett146 Rippin620,GENERAL PRACTICE,2023-01,1,1,1,86.85,516.95
635693475161891891,Chanelle850 Schuster709,GENERAL PRACTICE,2023-01,2,1,4,3609.425,67609.94
819112072617298357,Elmer371 Gusikowski974,GENERAL PRACTICE,2023-01,1,1,0,15.0,272.80
385398007267188660,Donovan745 Daugherty69,GENERAL PRACTICE,2023-01,1,1,7,46.11666666666667,5499.06
466401755129169261,Carson894 Krajcik437,GENERAL PRACTICE,2023-01,1,1,1,45.96666666666667,20466.00
494963808912363135,Silva841 Grimes165,GENERAL PRACTICE,2023-01,2,1,4,15.0,36079.76
635693475161891891,Chanelle850 Schuster709,GENERAL PRACTICE,2023-02,1,1,1,73.0,516.95
415187786701005895,Nicholas495 Greenfelder433,GENERAL PRACTICE,2023-02,1,1,1,73.2,516.95
1001810865406500417,Bennett146 Rippin620,GENERAL PRACTICE,2023-02,1,1,1,79.2,516.95
466401755129169261,Carson894 Krajcik437,GENERAL PRACTICE,2023-02,1,1,1,50.95,20626.96
767594969606856678,Numbers230 Stehr398,GENERAL PRACTICE,2023-02,1,1,5,39.166666666666664,103134.80
509648299636698482,Zachary28 Bogan287,GENERAL PRACTICE,2023-02,1,1,0,60.0,146.18
840366989655278220,Francene766 Halvorson124,GENERAL PRACTICE,2023-02,1,1,8,17.349999999999998,7359.20
732047689731087291,Jackelyn13 Pacocha935,GENERAL PRACTICE,2023-02,2,2,7,169.4809523809524,17294.55
944661317191180968,Sherron201 Flatley871,GENERAL PRACTICE,2023-02,1,1,0,60.0,146.18
534772609694406275,Alysha630 Koch169,GENERAL PRACTICE,2023-02,2,2,12,372.44615384615395,63290.78
773210380597549127,Dylan44 Robel940,GENERAL PRACTICE,2023-02,1,1,20,15.0,1009127.60
543343207625722774,Anh979 Schroeder447,GENERAL PRACTICE,2023-02,3,3,15,21.779999999999994,14439.93
635693475161891891,Chanelle850 Schuster709,GENERAL PRACTICE,2023-03,2,1,2,31.0,1033.90
767594969606856678,Numbers230 Stehr398,GENERAL PRACTICE,2023-03,2,1,7,180.0380952380952,21307.37
305532101201638812,Cristy798 Auer97,GENERAL PRACTICE,2023-03,2,1,36,27217.5,519155.24
326249472953830996,Marcus77 Schamberger479,GENERAL PRACTICE,2023-03,1,1,6,172.11666666666667,16043.70
757165526207794756,Hunter736 Lesch175,GENERAL PRACTICE,2023-03,2,2,9,185.88703703703706,30646.46
1001810865406500417,Bennett146 Rippin620,GENERAL PRACTICE,2023-03,1,1,1,74.3,516.95
659708650451791585,Thanh759 Weber641,GENERAL PRACTICE,2023-03,2,1,1,31.541666666666668,4195.49
417994371414450048,Beth967 McKenzie376,GENERAL PRACTICE,2023-03,1,1,0,15.0,272.80
494963808912363135,Silva841 Grimes165,GENERAL PRACTICE,2023-03,1,1,2,15.0,2010.76
929246809949396381,Patricia625 Aragón562,GENERAL PRACTICE,2023-03,1,1,6,15.0,5041.20
466401755129169261,Carson894 Krajcik437,GENERAL PRACTICE,2023-03,2,1,2,36.40833333333333,10527.34
662230053408795548,Lucas404 Arteaga169,GENERAL PRACTICE,2023-03,1,1,0,15.0,278.58
415187786701005895,Nicholas495 Greenfelder433,GENERAL PRACTICE,2023-03,1,1,1,63.38333333333333,516.95
982978929763219993,Derick144 Bashirian201,GENERAL PRACTICE,2023-03,1,1,6,52.949999999999996,7301.88
534772609694406275,Alysha630 Koch169,GENERAL PRACTICE,2023-03,1,1,1,45.56666666666667,10955.45
773210380597549127,Dylan44 Robel940,GENERAL PRACTICE,2023-03,2,1,7,15.0,65941.70
466401755129169261,Carson894 Krajcik437,GENERAL PRACTICE,2023-04,1,1,1,25.816666666666666,12917.11
773210380597549127,Dylan44 Robel940,GENERAL PRACTICE,2023-04,1,1,2,15.0,23275.46
662230053408795548,Lucas404 Arteaga169,GENERAL PRACTICE,2023-04,1,1,0,15.0,278.58
415187786701005895,Nicholas495 Greenfelder433,GENERAL PRACTICE,2023-04,1,1,1,72.86666666666666,516.95
1070962888088048845,Rubén780 Amaya149,GENERAL PRACTICE,2023-04,1,1,1,27.666666666666668,4993.24
767594969606856678,Numbers230 Stehr398,GENERAL PRACTICE,2023-04,1,1,1,20.966666666666665,7280.83
525551825041219194,Valentine262 Leannon79,GENERAL PRACTICE,2023-04,1,1,2,58.016666666666666,1557.56
627552435495576060,Louis204 Hauck852,GENERAL PRACTICE,2023-04,1,1,1,39.3,5251.60
589522183230517886,Cleveland582 Kuphal363,GENERAL PRACTICE,2023-04,1,1,0,15.0,142.58
1001810865406500417,Bennett146 Rippin620,GENERAL PRACTICE,2023-04,1,1,1,86.73333333333333,516.95
635693475161891891,Chanelle850 Schuster709,GENERAL PRACTICE,2023-04,1,1,1,99.0,516.95
186033129748268366,Harold594 Murray856,GENERAL PRACTICE,2023-04,1,1,1,60.0,16125.04
544507194386793082,Stephen891 Okuneva707,GENERAL PRACTICE,2023-04,1,1,6,30.483333333333338,8829.72
157840080095889559,Son314 MacGyver246,GENERAL PRACTICE,2023-05,1,1,6,49.68333333333333,5990.28
811344739361390226,Thaddeus38 Stiedemann542,GENERAL PRACTICE,2023-05,1,1,6,32.63333333333333,6654.84
466401755129169261,Carson894 Krajcik437,GENERAL PRACTICE,2023-05,1,1,1,20.116666666666667,20626.96
767594969606856678,Numbers230 Stehr398,GENERAL PRACTICE,2023-05,3,1,2,28.072222222222223,12243.29
777367571448378347,Rolland302 Lemke654,GENERAL PRACTICE,2023-05,1,1,0,15.0,136.80
801728232490770318,Ulysses632 Ziemann98,GENERAL PRACTICE,2023-05,1,1,1,15.0,488.50
635693475161891891,Chanelle850 Schuster709,GENERAL PRACTICE,2023-05,3,1,2,46.666666666666664,1119.45
557542335892374462,Rafael239 Delafuente833,GENERAL PRACTICE,2023-05,1,1,0,15.0,142.58
732047689731087291,Jackelyn13 Pacocha935,GENERAL PRACTICE,2023-05,2,1,7,161.33333333333331,17927.46
773210380597549127,Dylan44 Robel940,GENERAL PRACTICE,2023-05,1,1,2,15.0,14561.88
843686674439627048,Eleni953 Franecki195,GENERAL PRACTICE,2023-05,1,1,6,45.18333333333333,16833.36
330368346251735978,Douglas31 Kuhlman484,GENERAL PRACTICE,2023-05,1,1,3,15.0,4701.00
747110926960089803,Gerard367 Pouros728,GENERAL PRACTICE,2023-05,1,1,5,48.06666666666667,5253.90
797317867592804508,Idella49 Runte676,GENERAL PRACTICE,2023-05,1,1,1,15.0,784.54
944661317191180968,Sherron201 Flatley871,GENERAL PRACTICE,2023-05,1,1,0,60.0,146.18
933374996853591879,Damaris45 Funk324,GENERAL PRACTICE,2023-05,2,1,10,136.97999999999996,19550.46
415187786701005895,Nicholas495 Greenfelder433,GENERAL PRACTICE,2023-05,1,1,1,73.06666666666666,516.95
358575454180073229,Luther918 Jakubowski832,GENERAL PRACTICE,2023-05,1,1,7,187.78333333333333,21737.45
773210380597549127,Dylan44 Robel940,GENERAL PRACTICE,2023-06,1,1,5,15.0,44224.45
466401755129169261,Carson894 Krajcik437,GENERAL PRACTICE,2023-06,1,1,1,53.78333333333333,7561.92
835509182532742600,Larraine124 Torphy630,GENERAL PRACTICE,2023-06,1,1,7,44.68333333333333,8993.32
120057643579548119,Enriqueta274 Barton704,GENERAL PRACTICE,2023-06,1,1,2,39.4,1408.40
627552435495576060,Louis204 Hauck852,GENERAL PRACTICE,2023-06,2,1,7,158.80624999999998,21823.00
635693475161891891,Chanelle850 Schuster709,GENERAL PRACTICE,2023-06,2,1,1,58.5,602.50
104443324623586425,Alan320 Keeling57,GENERAL PRACTICE,2023-06,1,1,7,32.61666666666667,13985.09
292967037467650792,Margarite168 Koepp521,GENERAL PRACTICE,2023-06,3,1,3,27.805555555555554,7353.09
415187786701005895,Nicholas495 Greenfelder433,GENERAL PRACTICE,2023-06,1,1,1,77.28333333333333,516.95
175240302948815055,Clemente531 Schamberger479,GENERAL PRACTICE,2023-06,1,1,0,15.0,142.58
767594969606856678,Numbers230 Stehr398,GENERAL PRACTICE,2023-06,1,1,1,46.833333333333336,10066.49
944661317191180968,Sherron201 Flatley871,GENERAL PRACTICE,2023-06,1,1,0,60.0,87.71
767594969606856678,Numbers230 Stehr398,GENERAL PRACTICE,2023-07,1,1,1,31.2,6053.64
1070962888088048845,Rubén780 Amaya149,GENERAL PRACTICE,2023-07,1,1,1,45.31666666666667,5264.17
982453732923389287,Leonie332 Wunsch504,GENERAL PRACTICE,2023-07,1,1,8,45.699999999999996,5633.60
773210380597549127,Dylan44 Robel940,GENERAL PRACTICE,2023-07,1,1,2,15.0,12754.50
503147753871397607,Carroll471 Eichmann909,GENERAL PRACTICE,2023-07,1,1,1,15.0,3536.75
670601237767308522,January966 Roberts511,GENERAL PRACTICE,2023-07,1,1,6,198.9,16043.70
303661099600668074,Colin861 Witting912,GENERAL PRACTICE,2023-07,1,1,0,15.0,347.38
466401755129169261,Carson894 Krajcik437,GENERAL PRACTICE,2023-07,1,1,1,38.85,573.98
883538179487277878,Otha286 Roberts511,GENERAL PRACTICE,2023-07,1,1,0,15.0,142.58
757165526207794756,Hunter736 Lesch175,GENERAL PRACTICE,2023-07,1,1,1,15.0,4575.68
415187786701005895,Nicholas495 Greenfelder433,GENERAL PRACTICE,2023-07,2,1,8,177.67499999999998,22254.40
933374996853591879,Damaris45 Funk324,GENERAL PRACTICE,2023-07,1,1,5,53.3,4383.45
274123491455613599,Margarita164 Abbott774,GENERAL PRACTICE,2023-08,1,1,3,15.0,2744.34
732047689731087291,Jackelyn13 Pacocha935,GENERAL PRACTICE,2023-08,1,1,1,15.916666666666666,1250.85
177353855562464587,Jules135 Emard19,GENERAL PRACTICE,2023-08,1,1,1,15.0,3536.75
175240302948815055,Clemente531 Schamberger479,GENERAL PRACTICE,2023-08,1,1,6,55.15,6927.24
303661099600668074,Colin861 Witting912,GENERAL PRACTICE,2023-08,1,1,0,15.0,272.80
773210380597549127,Dylan44 Robel940,GENERAL PRACTICE,2023-08,2,1,5,15.0,47965.46
534772609694406275,Alysha630 Koch169,GENERAL PRACTICE,2023-08,1,1,11,369.84999999999997,53140.45
883431140021126480,Teisha100 Leffler128,GENERAL PRACTICE,2023-08,1,1,8,40.76666666666666,7359.20
366615259928051559,Jodie811 Hermann103,GENERAL PRACTICE,2023-08,1,1,5,46.166666666666664,4946.80
557542335892374462,Rafael239 Delafuente833,GENERAL PRACTICE,2023-08,1,1,7,255.71666666666667,21737.45
506566847745572873,Pearlene638 Towne435,GENERAL PRACTICE,2023-08,1,1,7,38.333333333333336,9505.09
415187786701005895,Nicholas495 Greenfelder433,GENERAL PRACTICE,2023-08,1,1,1,80.43333333333334,516.95
767594969606856678,Numbers230 Stehr398,GENERAL PRACTICE,2023-08,1,1,1,23.933333333333334,5263.67
505555747501163910,Norbert530 Veum823,GENERAL PRACTICE,2023-08,1,1,7,18.233333333333334,10969.00
589522183230517886,Cleveland582 Kuphal363,GENERAL PRACTICE,2023-08,1,1,7,201.61666666666665,21737.45
945768052921162857,Arden380 Bergstrom287,GENERAL PRACTICE,2023-08,1,1,7,200.75,21737.45
1127027579373672694,Gabriel934 Alcántar600,GENERAL PRACTICE,2023-08,1,1,8,57.91666666666667,9494.24
1107470851567662464,Pat3 Bradtke547,GENERAL PRACTICE,2023-09,1,1,2,60.0,5851.20
767594969606856678,Numbers230 Stehr398,GENERAL PRACTICE,2023-09,2,1,2,37.9,28100.87
627552435495576060,Louis204 Hauck852,GENERAL PRACTICE,2023-09,1,1,0,15.0,85.55
843686674439627048,Eleni953 Franecki195,GENERAL PRACTICE,2023-09,2,1,13,199.4217948717949,40103.39
100964940075677046,Latrisha74 Rippin620,GENERAL PRACTICE,2023-09,1,1,46,59055.0,919168.78
757165526207794756,Hunter736 Lesch175,GENERAL PRACTICE,2023-09,1,1,1,15.333333333333334,4575.68
415187786701005895,Nicholas495 Greenfelder433,GENERAL PRACTICE,2023-09,1,1,1,87.36666666666666,516.95
944661317191180968,Sherron201 Flatley871,GENERAL PRACTICE,2023-10,1,1,1,60.0,15809.94
303661099600668074,Colin861 Witting912,GENERAL PRACTICE,2023-10,1,1,1,15.0,1032.50
620574705160663378,Emilio417 Barton704,GENERAL PRACTICE,2023-10,1,1,1,15.0,948.35
120057643579548119,Enriqueta274 Barton704,GENERAL PRACTICE,2023-10,1,1,5,55.333333333333336,3893.90
292967037467650792,Margarite168 Koepp521,GENERAL PRACTICE,2023-10,1,1,10,327.63333333333327,43995.50
247183019506608427,Lynwood354 Ratke343,GENERAL PRACTICE,2023-10,1,1,7,53.73333333333334,55169.94
767594969606856678,Numbers230 Stehr398,GENERAL PRACTICE,2023-10,1,1,1,36.666666666666664,5263.67
843686674439627048,Eleni953 Franecki195,GENERAL PRACTICE,2023-10,1,1,9,36.26666666666666,11867.94
773210380597549127,Dylan44 Robel940,GENERAL PRACTICE,2023-10,1,1,2,15.0,2010.76
1001928878040672327,Sharron285 Batz141,GENERAL PRACTICE,2023-11,2,1,8,175.40208333333334,31062.83
477715583309581043,Victoria535 Roob72,GENERAL PRACTICE,2023-11,1,1,8,16.599999999999998,8447.20
104443324623586425,Alan320 Keeling57,GENERAL PRACTICE,2023-11,1,1,5,55.81666666666668,7223.25
732047689731087291,Jackelyn13 Pacocha935,GENERAL PRACTICE,2023-11,1,1,1,17.083333333333332,1250.85
635693475161891891,Chanelle850 Schuster709,GENERAL PRACTICE,2023-11,1,1,1,43.13333333333333,556.40
843686674439627048,Eleni953 Franecki195,GENERAL PRACTICE,2023-11,1,1,6,175.98333333333332,16043.70
777367571448378347,Rolland302 Lemke654,GENERAL PRACTICE,2023-11,1,1,1,15.0,676.10
1001810865406500417,Bennett146 Rippin620,GENERAL PRACTICE,2023-11,1,1,0,10080.0,146.18
767594969606856678,Numbers230 Stehr398,GENERAL PRACTICE,2023-11,1,1,1,43.15,5263.67
1149431584739820752,Jill895 Monahan736,GENERAL PRACTICE,2023-11,1,1,6,38.06666666666667,4225.20
259733207554739476,Domitila545 Vandervort697,GENERAL PRACTICE,2023-11,1,1,8,225.08333333333331,28294.00
1063416607639151960,Sharyl439 Williamson769,GENERAL PRACTICE,2023-12,1,1,7,31.76666666666666,7531.02
767594969606856678,Numbers230 Stehr398,GENERAL PRACTICE,2023-12,1,1,1,35.25,5263.67
635693475161891891,Chanelle850 Schuster709,GENERAL PRACTICE,2023-12,1,1,7,210.18333333333337,21737.45
572970996214541044,Amado512 Adams676,GENERAL PRACTICE,2023-12,1,1,3,57.166666666666664,2356.74
717311760003828486,Maren639 Aufderhar910,GENERAL PRACTICE,2023-12,1,1,6,36.31666666666667,5488.68
649208082638985778,Derick144 King743,GENERAL PRACTICE,2023-12,1,1,4,15.0,5139.56
933374996853591879,Damaris45 Funk324,GENERAL PRACTICE,2023-12,1,1,7,196.63333333333335,21737.45
619052238124270980,Jamey282 Graham902,GENERAL PRACTICE,2023-12,1,1,1,15.0,1186.78
757165526207794756,Hunter736 Lesch175,GENERAL PRACTICE,2023-12,1,1,1,19.666666666666668,4575.68
620574705160663378,Emilio417 Barton704,GENERAL PRACTICE,2023-12,1,1,0,15.0,85.55
303661099600668074,Colin861 Witting912,GENERAL PRACTICE,2023-12,1,1,1,15.0,1539.58
993330102316984502,Gloria696 Deleón21,GENERAL PRACTICE,2023-12,1,1,7,46.949999999999996,8503.95
326249472953830996,Marcus77 Schamberger479,GENERAL PRACTICE,2023-12,1,1,6,162.54999999999998,16043.70
990948620886424088,Jarvis643 Ankunding277,GENERAL PRACTICE,2023-12,1,1,8,217.09999999999997,28294.00
1001810865406500417,Bennett146 Rippin620,GENERAL PRACTICE,2023-12,1,1,10,369.63333333333327,43995.50
1001810865406500417,Bennett146 Rippin620,GENERAL PRACTICE,2024-01,3,1,1,22.833333333333332,677.50
285802138677722447,Bettye671 Tromp100,GENERAL PRACTICE,2024-01,1,1,1,15.0,563.08
767594969606856678,Numbers230 Stehr398,GENERAL PRACTICE,2024-01,3,1,2,21.616666666666664,36547.54
467518901701294765,Evelin941 Ratke343,GENERAL PRACTICE,2024-01,1,1,7,24.816666666666666,6439.30
843686674439627048,Eleni953 Franecki195,GENERAL PRACTICE,2024-01,1,1,7,51.10000000000001,7682.57
812642555216453051,Clora637 Pagac496,GENERAL PRACTICE,2024-01,1,1,6,52.083333333333336,4225.20
944661317191180968,Sherron201 Flatley871,GENERAL PRACTICE,2024-01,1,1,0,60.0,146.18
385398007267188660,Donovan745 Daugherty69,GENERAL PRACTICE,2024-01,2,1,15,110.14666666666666,32069.93
990948620886424088,Jarvis643 Ankunding277,GENERAL PRACTICE,2024-01,1,1,0,15.0,278.58
326249472953830996,Marcus77 Schamberger479,GENERAL PRACTICE,2024-01,2,1,7,44.75,22222.21
990948620886424088,Jarvis643 Ankunding277,GENERAL PRACTICE,2024-02,1,1,0,15.0,278.58
843686674439627048,Eleni953 Franecki195,GENERAL PRACTICE,2024-02,1,1,6,47.050000000000004,16833.36
840366989655278220,Francene766 Halvorson124,GENERAL PRACTICE,2024-02,1,1,6,27.433333333333334,4225.20
819112072617298357,Elmer371 Gusikowski974,GENERAL PRACTICE,2024-02,1,1,2,15.0,2804.96
534772609694406275,Alysha630 Koch169,GENERAL PRACTICE,2024-02,1,1,1,67.28333333333333,573.98
543343207625722774,Anh979 Schroeder447,GENERAL PRACTICE,2024-02,3,3,16,29.828125,16770.10
732047689731087291,Jackelyn13 Pacocha935,GENERAL PRACTICE,2024-02,2,1,1,15.808333333333334,1393.43
1001928878040672327,Sharron285 Batz141,GENERAL PRACTICE,2024-02,1,1,0,15.0,85.55
423527009837327279,Benita195 VonRueden376,GENERAL PRACTICE,2024-02,1,1,4,52.86666666666667,2816.80
688338662061437354,Brian582 Cummerata161,GENERAL PRACTICE,2024-02,2,1,3,15.0,2824.60
627552435495576060,Louis204 Hauck852,GENERAL PRACTICE,2024-02,1,1,1,15.0,1495.73
1070962888088048845,Rubén780 Amaya149,GENERAL PRACTICE,2024-03,1,1,8,192.0,28294.00
767594969606856678,Numbers230 Stehr398,GENERAL PRACTICE,2024-03,2,1,2,34.80833333333333,22181.38
326249472953830996,Marcus77 Schamberger479,GENERAL PRACTICE,2024-03,1,1,0,15.0,85.55
417994371414450048,Beth967 McKenzie376,GENERAL PRACTICE,2024-03,1,1,2,15.0,1839.80
1001928878040672327,Sharron285 Batz141,GENERAL PRACTICE,2024-03,2,1,8,201.23703703703706,28379.55
635693475161891891,Chanelle850 Schuster709,GENERAL PRACTICE,2024-03,1,1,1,38.25,573.98
415187786701005895,Nicholas495 Greenfelder433,GENERAL PRACTICE,2024-03,1,1,1,78.31666666666666,516.95
1063997594632910493,Carmelina668 Goyette777,GENERAL PRACTICE,2024-03,1,1,8,225.21666666666667,28294.00
659708650451791585,Thanh759 Weber641,GENERAL PRACTICE,2024-03,1,1,0,15.0,142.58
929246809949396381,Patricia625 Aragón562,GENERAL PRACTICE,2024-03,1,1,4,25.8,5935.48
80036345970440990,Jude172 Hammes673,GENERAL PRACTICE,2024-03,1,1,6,59.949999999999996,4672.68
303661099600668074,Colin861 Witting912,GENERAL PRACTICE,2024-03,1,1,0,15.0,816.80
982978929763219993,Derick144 Bashirian201,GENERAL PRACTICE,2024-03,1,1,6,38.98333333333334,10022.04
757165526207794756,Hunter736 Lesch175,GENERAL PRACTICE,2024-03,2,1,1,17.433333333333334,4718.26
1001810865406500417,Bennett146 Rippin620,GENERAL PRACTICE,2024-03,1,1,1,85.8,516.95
620574705160663378,Emilio417 Barton704,GENERAL PRACTICE,2024-03,1,1,0,15.0,85.55
544507194386793082,Stephen891 Okuneva707,GENERAL PRACTICE,2024-04,1,1,3,55.81666666666667,2580.48
1070962888088048845,Rubén780 Amaya149,GENERAL PRACTICE,2024-04,1,1,0,15.0,142.58
525551825041219194,Valentine262 Leannon79,GENERAL PRACTICE,2024-04,1,1,4,42.15,3831.00
1001928878040672327,Sharron285 Batz141,GENERAL PRACTICE,2024-04,1,1,0,15.0,142.58
138629371706085844,Sandie760 Rodriguez71,GENERAL PRACTICE,2024-04,1,1,5,30.3,4573.90
767594969606856678,Numbers230 Stehr398,GENERAL PRACTICE,2024-04,1,1,1,21.15,9972.00
944661317191180968,Sherron201 Flatley871,GENERAL PRACTICE,2024-04,1,1,1,60.0,12495.74
1063997594632910493,Carmelina668 Goyette777,GENERAL PRACTICE,2024-04,1,1,1,15.0,1250.85
589522183230517886,Cleveland582 Kuphal363,GENERAL PRACTICE,2024-04,1,1,1,23.1,14567.80
415187786701005895,Nicholas495 Greenfelder433,GENERAL PRACTICE,2024-04,1,1,1,71.03333333333333,516.95
534772609694406275,Alysha630 Koch169,GENERAL PRACTICE,2024-04,1,1,20,15.0,896050.20
157840080095889559,Son314 MacGyver246,GENERAL PRACTICE,2024-05,1,1,6,51.783333333333324,6007.68
797317867592804508,Idella49 Runte676,GENERAL PRACTICE,2024-05,1,1,7,56.21666666666668,6065.64
557542335892374462,Rafael239 Delafuente833,GENERAL PRACTICE,2024-05,1,1,0,15.0,142.58
415187786701005895,Nicholas495 Greenfelder433,GENERAL PRACTICE,2024-05,1,1,1,15.0,772.15
330368346251735978,Douglas31 Kuhlman484,GENERAL PRACTICE,2024-05,1,1,4,29.35,3679.60
534772609694406275,Alysha630 Koch169,GENERAL PRACTICE,2024-05,2,1,3,15.0,26913.68
732047689731087291,Jackelyn13 Pacocha935,GENERAL PRACTICE,2024-05,1,1,1,15.0,1250.85
259733207554739476,Domitila545 Vandervort697,GENERAL PRACTICE,2024-05,1,1,0,15.0,142.58
767594969606856678,Numbers230 Stehr398,GENERAL PRACTICE,2024-05,1,1,1,58.766666666666666,5263.67
801728232490770318,Ulysses632 Ziemann98,GENERAL PRACTICE,2024-05,1,1,0,15.0,755.38
326249472953830996,Marcus77 Schamberger479,GENERAL PRACTICE,2024-05,1,1,0,15.0,85.55
104443324623586425,Alan320 Keeling57,GENERAL PRACTICE,2024-06,1,1,5,51.68333333333332,10737.80
534772609694406275,Alysha630 Koch169,GENERAL PRACTICE,2024-06,1,1,4,15.0,73459.28
87043910366159377,Velda682 Gutmann970,GENERAL PRACTICE,2024-06,1,1,4,55.15,4203.12
627552435495576060,Louis204 Hauck852,GENERAL PRACTICE,2024-06,1,1,8,200.95000000000002,28294.00
303661099600668074,Colin861 Witting912,GENERAL PRACTICE,2024-06,1,1,1,15.0,362.44
933374996853591879,Damaris45 Funk324,GENERAL PRACTICE,2024-06,1,1,7,165.04999999999998,21737.45
557542335892374462,Rafael239 Delafuente833,GENERAL PRACTICE,2024-06,2,1,6,147.0,16401.25
767594969606856678,Numbers230 Stehr398,GENERAL PRACTICE,2024-06,1,1,1,28.166666666666668,9360.45
757165526207794756,Hunter736 Lesch175,GENERAL PRACTICE,2024-06,1,1,1,15.0,4575.68
835509182532742600,Larraine124 Torphy630,GENERAL PRACTICE,2024-06,1,1,7,52.78333333333332,8993.32
635693475161891891,Chanelle850 Schuster709,GENERAL PRACTICE,2024-06,3,1,3,27.361111111111114,4966.82
415187786701005895,Nicholas495 Greenfelder433,GENERAL PRACTICE,2024-06,3,2,12,287.0888888888889,45034.53
711785781337608067,Isidro558 Kling921,GENERAL PRACTICE,2024-06,1,1,9,44.76666666666666,13391.91
292967037467650792,Margarite168 Koepp521,GENERAL PRACTICE,2024-06,2,1,2,22.424999999999997,4406.19
677098075056565681,Tracy345 Wilderman619,GENERAL PRACTICE,2024-06,1,1,7,40.083333333333336,4969.86
1063997594632910493,Carmelina668 Goyette777,GENERAL PRACTICE,2024-07,1,1,1,15.0,2307.56
944661317191180968,Sherron201 Flatley871,GENERAL PRACTICE,2024-07,1,1,1,60.0,5308.14
311126358396755254,Ted955 Reilly981,GENERAL PRACTICE,2024-07,1,1,2,37.46666666666667,1896.70
534772609694406275,Alysha630 Koch169,GENERAL PRACTICE,2024-07,1,1,2,15.0,13846.22
557542335892374462,Rafael239 Delafuente833,GENERAL PRACTICE,2024-07,1,1,1,15.0,2239.15
843686674439627048,Eleni953 Franecki195,GENERAL PRACTICE,2024-07,1,1,10,44.11666666666667,10975.10
767594969606856678,Numbers230 Stehr398,GENERAL PRACTICE,2024-07,2,1,2,43.483333333333334,24528.82
589522183230517886,Cleveland582 Kuphal363,GENERAL PRACTICE,2024-07,1,1,1,62.0,516.95
982453732923389287,Leonie332 Wunsch504,GENERAL PRACTICE,2024-07,1,1,3,44.5,2336.34
534772609694406275,Alysha630 Koch169,GENERAL PRACTICE,2024-08,1,1,2,15.0,25159.54
585949657781855973,Stephen891 Stamm704,GENERAL PRACTICE,2024-08,1,1,7,60.0,6561.24
933374996853591879,Damaris45 Funk324,GENERAL PRACTICE,2024-08,1,1,0,15.0,85.55
589522183230517886,Cleveland582 Kuphal363,GENERAL PRACTICE,2024-08,1,1,1,85.91666666666667,516.95
732047689731087291,Jackelyn13 Pacocha935,GENERAL PRACTICE,2024-08,1,1,1,18.65,1356.64
767594969606856678,Numbers230 Stehr398,GENERAL PRACTICE,2024-08,1,1,1,44.7,20626.96
843686674439627048,Eleni953 Franecki195,GENERAL PRACTICE,2024-08,2,1,14,156.49285714285716,34879.06
883431140021126480,Teisha100 Leffler128,GENERAL PRACTICE,2024-08,1,1,5,35.61666666666667,3521.00
503147753871397607,Carroll471 Eichmann909,GENERAL PRACTICE,2024-08,1,1,1,15.05,556.42
505555747501163910,Norbert530 Veum823,GENERAL PRACTICE,2024-08,1,1,7,49.46666666666666,7454.44
292967037467650792,Margarite168 Koepp521,GENERAL PRACTICE,2024-08,1,1,0,30240.0,146.18
506566847745572873,Pearlene638 Towne435,GENERAL PRACTICE,2024-08,1,1,3,45.76666666666667,3194.76
366615259928051559,Jodie811 Hermann103,GENERAL PRACTICE,2024-08,1,1,1,37.06666666666667,976.20
326249472953830996,Marcus77 Schamberger479,GENERAL PRACTICE,2024-08,1,1,0,15.0,85.55
534772609694406275,Alysha630 Koch169,GENERAL PRACTICE,2024-09,2,1,7,15.0,139398.70
627552435495576060,Louis204 Hauck852,GENERAL PRACTICE,2024-09,1,1,1,15.0,10606.55
274123491455613599,Margarita164 Abbott774,GENERAL PRACTICE,2024-09,1,1,4,24.833333333333332,2816.80
883538179487277878,Otha286 Roberts511,GENERAL PRACTICE,2024-09,1,1,7,228.93333333333337,21737.45
589522183230517886,Cleveland582 Kuphal363,GENERAL PRACTICE,2024-09,1,1,1,88.73333333333333,516.95
767594969606856678,Numbers230 Stehr398,GENERAL PRACTICE,2024-09,1,1,1,55.916666666666664,20626.96
757165526207794756,Hunter736 Lesch175,GENERAL PRACTICE,2024-09,1,1,1,15.0,2247.88
933374996853591879,Damaris45 Funk324,GENERAL PRACTICE,2024-09,1,1,12,353.36666666666673,63148.20
303661099600668074,Colin861 Witting912,GENERAL PRACTICE,2024-09,1,1,0,15.0,816.80
914990834498768109,Zachary28 Gleichner915,GENERAL PRACTICE,2024-10,1,1,5,38.666666666666664,5933.90
1063997594632910493,Carmelina668 Goyette777,GENERAL PRACTICE,2024-10,1,1,1,18.183333333333334,2092.75
385398007267188660,Donovan745 Daugherty69,GENERAL PRACTICE,2024-10,1,1,0,15.0,85.55
589522183230517886,Cleveland582 Kuphal363,GENERAL PRACTICE,2024-10,1,1,1,83.6,516.95
767594969606856678,Numbers230 Stehr398,GENERAL PRACTICE,2024-10,2,1,2,30.375,35708.56
534772609694406275,Alysha630 Koch169,GENERAL PRACTICE,2024-10,1,1,3,15.0,33364.20
773210380597549127,Dylan44 Robel940,GENERAL PRACTICE,2024-10,2,1,1,41.13333333333333,4195.49
311126358396755254,Ted955 Reilly981,GENERAL PRACTICE,2024-10,2,1,10,612.0,78020.06
688338662061437354,Brian582 Cummerata161,GENERAL PRACTICE,2024-10,1,1,8,52.41666666666667,9131.04
635693475161891891,Chanelle850 Schuster709,GENERAL PRACTICE,2024-10,1,1,1,41.18333333333333,573.98
247183019506608427,Lynwood354 Ratke343,GENERAL PRACTICE,2024-10,1,1,8,49.88333333333333,34813.44
120057643579548119,Enriqueta274 Barton704,GENERAL PRACTICE,2024-10,1,1,5,44.4,5006.40
627552435495576060,Louis204 Hauck852,GENERAL PRACTICE,2024-10,1,1,0,15.0,85.55
534772609694406275,Alysha630 Koch169,GENERAL PRACTICE,2024-11,2,1,4,15.0,18663.84
1149431584739820752,Jill895 Monahan736,GENERAL PRACTICE,2024-11,1,1,4,35.43333333333333,3115.12
477715583309581043,Victoria535 Roob72,GENERAL PRACTICE,2024-11,1,1,3,15.0,3335.79
326249472953830996,Marcus77 Schamberger479,GENERAL PRACTICE,2024-11,1,1,6,44.0,16385.88
589522183230517886,Cleveland582 Kuphal363,GENERAL PRACTICE,2024-11,1,1,1,75.33333333333333,516.95
767594969606856678,Numbers230 Stehr398,GENERAL PRACTICE,2024-11,1,1,1,47.416666666666664,8300.41
732047689731087291,Jackelyn13 Pacocha935,GENERAL PRACTICE,2024-11,1,1,1,15.0,2491.03
104443324623586425,Alan320 Keeling57,GENERAL PRACTICE,2024-11,1,1,6,47.61666666666667,6792.96
506566847745572873,Pearlene638 Towne435,GENERAL PRACTICE,2024-11,1,1,2,60.0,7942.24
944661317191180968,Sherron201 Flatley871,GENERAL PRACTICE,2024-11,1,1,0,360.0,146.18
843686674439627048,Eleni953 Franecki195,GENERAL PRACTICE,2024-11,1,1,0,4320.0,146.18
757165526207794756,Hunter736 Lesch175,GENERAL PRACTICE,2024-11,1,1,0,15.0,85.55
326249472953830996,Marcus77 Schamberger479,GENERAL PRACTICE,2024-12,1,1,8,229.93333333333337,28294.00
767594969606856678,Numbers230 Stehr398,GENERAL PRACTICE,2024-12,1,1,1,32.38333333333333,5263.67
649208082638985778,Derick144 King743,GENERAL PRACTICE,2024-12,1,1,3,15.0,4510.44
759145525723149247,Marlene554 Hammes673,GENERAL PRACTICE,2024-12,1,1,2,60.0,2017.96
1063416607639151960,Sharyl439 Williamson769,GENERAL PRACTICE,2024-12,1,1,2,48.63333333333333,1557.56
777367571448378347,Rolland302 Lemke654,GENERAL PRACTICE,2024-12,1,1,0,15.0,816.80
993330102316984502,Gloria696 Deleón21,GENERAL PRACTICE,2024-12,1,1,6,47.449999999999996,7869.84
325967294132029093,Cleo27 Crooks415,GENERAL PRACTICE,2024-12,1,1,0,120.0,146.18
303661099600668074,Colin861 Witting912,GENERAL PRACTICE,2024-12,1,1,1,15.0,488.50
843686674439627048,Eleni953 Franecki195,GENERAL PRACTICE,2024-12,1,1,8,40.5,10505.68
670601237767308522,January966 Roberts511,GENERAL PRACTICE,2024-12,1,1,0,15.0,85.55
209723188358828593,Arla414 Fritsch593,GENERAL PRACTICE,2024-12,1,1,0,15.0,347.38
572970996214541044,Amado512 Adams676,GENERAL PRACTICE,2024-12,1,1,5,41.15,3927.90
415187786701005895,Nicholas495 Greenfelder433,GENERAL PRACTICE,2024-12,1,1,1,61.333333333333336,516.95
1001810865406500417,Bennett146 Rippin620,GENERAL PRACTICE,2024-12,1,1,0,15.0,278.58
619052238124270980,Jamey282 Graham902,GENERAL PRACTICE,2024-12,1,1,7,15.0,9632.91
757165526207794756,Hunter736 Lesch175,GENERAL PRACTICE,2024-12,1,1,1,15.0,1271.32
259733207554739476,Domitila545 Vandervort697,GENERAL PRACTICE,2024-12,1,1,8,184.29999999999998,28294.00
717311760003828486,Maren639 Aufderhar910,GENERAL PRACTICE,2024-12,1,1,10,32.033333333333324,10921.10
534772609694406275,Alysha630 Koch169,GENERAL PRACTICE,2025-01,1,1,2,15.0,2010.76
843686674439627048,Eleni953 Franecki195,GENERAL PRACTICE,2025-01,2,1,15,40.29333333333332,26710.95
285802138677722447,Bettye671 Tromp100,GENERAL PRACTICE,2025-01,1,1,1,15.0,721.78
220387732963487694,Sulema841 Ryan260,GENERAL PRACTICE,2025-01,2,1,7,166.02499999999998,21823.00
209723188358828593,Arla414 Fritsch593,GENERAL PRACTICE,2025-01,1,1,0,15.0,272.80
767594969606856678,Numbers230 Stehr398,GENERAL PRACTICE,2025-01,2,2,2,27.03333333333333,21879.57
933374996853591879,Damaris45 Funk324,GENERAL PRACTICE,2025-01,1,1,0,15.0,85.55
732047689731087291,Jackelyn13 Pacocha935,GENERAL PRACTICE,2025-01,1,1,1,23.283333333333335,4052.91
670601237767308522,January966 Roberts511,GENERAL PRACTICE,2025-01,2,1,13,106.52820512820514,26949.35
635693475161891891,Chanelle850 Schuster709,GENERAL PRACTICE,2025-01,1,1,7,171.11666666666665,21737.45
1001810865406500417,Bennett146 Rippin620,GENERAL PRACTICE,2025-01,3,1,14,332.07222222222225,57558.28
627552435495576060,Louis204 Hauck852,GENERAL PRACTICE,2025-01,1,1,8,205.79999999999998,28294.00
119816323964506061,Clement78 Gleason633,GENERAL PRACTICE,2025-01,1,1,0,900.0,146.18
589522183230517886,Cleveland582 Kuphal363,GENERAL PRACTICE,2025-01,1,1,1,72.0,516.95
1063997594632910493,Carmelina668 Goyette777,GENERAL PRACTICE,2025-01,1,1,1,15.0,1645.12
385398007267188660,Donovan745 Daugherty69,GENERAL PRACTICE,2025-01,1,1,4,34.516666666666666,3659.12
467518901701294765,Evelin941 Ratke343,GENERAL PRACTICE,2025-01,1,1,8,25.73333333333334,7843.44
259733207554739476,Domitila545 Vandervort697,GENERAL PRACTICE,2025-02,1,1,1,43.61666666666667,5138.45
843686674439627048,Eleni953 Franecki195,GENERAL PRACTICE,2025-02,1,1,7,31.5,7682.57
732047689731087291,Jackelyn13 Pacocha935,GENERAL PRACTICE,2025-02,1,1,1,18.266666666666666,1250.85
767594969606856678,Numbers230 Stehr398,GENERAL PRACTICE,2025-02,2,1,2,34.56666666666666,25890.63
415187786701005895,Nicholas495 Greenfelder433,GENERAL PRACTICE,2025-02,1,1,1,78.36666666666666,516.95
840366989655278220,Francene766 Halvorson124,GENERAL PRACTICE,2025-02,1,1,7,28.48333333333334,6403.46
1001810865406500417,Bennett146 Rippin620,GENERAL PRACTICE,2025-02,2,2,1,28.591666666666665,602.50
1001928878040672327,Sharron285 Batz141,GENERAL PRACTICE,2025-02,2,2,7,174.6875,21823.00
423527009837327279,Benita195 VonRueden376,GENERAL PRACTICE,2025-02,1,1,7,56.71666666666668,7048.51
819112072617298357,Elmer371 Gusikowski974,GENERAL PRACTICE,2025-02,1,1,8,29.949999999999996,8447.20
543343207625722774,Anh979 Schroeder447,GENERAL PRACTICE,2025-02,2,2,8,28.36458333333333,8222.24
635693475161891891,Chanelle850 Schuster709,GENERAL PRACTICE,2025-02,1,1,1,42.016666666666666,573.98
732047689731087291,Jackelyn13 Pacocha935,GENERAL PRACTICE,2025-03,1,1,9,253.09999999999997,35713.35
757165526207794756,Hunter736 Lesch175,GENERAL PRACTICE,2025-03,1,1,1,15.0,1250.85
982978929763219993,Derick144 Bashirian201,GENERAL PRACTICE,2025-03,1,1,8,39.43333333333333,9681.44
767594969606856678,Numbers230 Stehr398,GENERAL PRACTICE,2025-03,1,1,1,16.633333333333333,18091.34
929246809949396381,Patricia625 Aragón562,GENERAL PRACTICE,2025-03,1,1,6,15.0,5800.50
659708650451791585,Thanh759 Weber641,GENERAL PRACTICE,2025-03,2,1,1,39.28333333333333,7197.48
543343207625722774,Anh979 Schroeder447,GENERAL PRACTICE,2025-03,1,1,4,18.233333333333334,2816.80
1063997594632910493,Carmelina668 Goyette777,GENERAL PRACTICE,2025-03,1,1,6,162.93333333333337,16043.70
417994371414450048,Beth967 McKenzie376,GENERAL PRACTICE,2025-03,1,1,2,15.0,3134.00
627552435495576060,Louis204 Hauck852,GENERAL PRACTICE,2025-03,1,1,1,15.0,2715.80
93123589835675932,Joslyn677 Friesen796,GENERAL PRACTICE,2025-03,1,1,0,60.0,146.18
688338662061437354,Brian582 Cummerata161,GENERAL PRACTICE,2025-03,1,1,5,15.0,7183.90
627552435495576060,Louis204 Hauck852,GENERAL PRACTICE,2025-04,1,1,7,196.18333333333337,21737.45
421206441428313843,Elizbeth263 Dickinson688,GENERAL PRACTICE,2025-04,1,1,1,57.28333333333333,797.72
1063997594632910493,Carmelina668 Goyette777,GENERAL PRACTICE,2025-04,1,1,1,16.75,1250.85
209723188358828593,Arla414 Fritsch593,GENERAL PRACTICE,2025-04,1,1,0,15.0,816.80
525551825041219194,Valentine262 Leannon79,GENERAL PRACTICE,2025-04,1,1,7,40.06666666666667,7637.70
928807084084529673,Kerrie266 Bergstrom287,GENERAL PRACTICE,2025-04,1,1,1,60.0,4140.89
767594969606856678,Numbers230 Stehr398,GENERAL PRACTICE,2025-04,1,1,1,20.15,9497.24
544507194386793082,Stephen891 Okuneva707,GENERAL PRACTICE,2025-04,1,1,6,56.300000000000004,7831.02
1070962888088048845,Rubén780 Amaya149,GENERAL PRACTICE,2025-04,1,1,0,15.0,142.58
773210380597549127,Dylan44 Robel940,GENERAL PRACTICE,2025-04,1,1,8,218.46666666666667,28294.00
757165526207794756,Hunter736 Lesch175,GENERAL PRACTICE,2025-04,1,1,11,403.18333333333334,53140.45
843686674439627048,Eleni953 Franecki195,GENERAL PRACTICE,2025-04,1,1,8,40.03333333333333,8780.08
767594969606856678,Numbers230 Stehr398,GENERAL PRACTICE,2025-05,1,1,1,31.783333333333335,11195.67
670601237767308522,January966 Roberts511,GENERAL PRACTICE,2025-05,1,1,3,42.45,99393.33
635693475161891891,Chanelle850 Schuster709,GENERAL PRACTICE,2025-05,3,1,3,29.8,5063.13
812461953915892340,Leah288 Sauer652,GENERAL PRACTICE,2025-05,1,1,0,60.0,146.18
157840080095889559,Son314 MacGyver246,GENERAL PRACTICE,2025-05,1,1,9,35.65,9341.37
494963808912363135,Silva841 Grimes165,GENERAL PRACTICE,2025-05,1,1,10,330.05000000000007,43995.50
747110926960089803,Gerard367 Pouros728,GENERAL PRACTICE,2025-05,1,1,7,31.98333333333334,4929.40
259733207554739476,Domitila545 Vandervort697,GENERAL PRACTICE,2025-05,1,1,0,15.0,142.58
801728232490770318,Ulysses632 Ziemann98,GENERAL PRACTICE,2025-05,1,1,7,15.599999999999998,7391.30
773210380597549127,Dylan44 Robel940,GENERAL PRACTICE,2025-05,1,1,0,15.0,85.55
732047689731087291,Jackelyn13 Pacocha935,GENERAL PRACTICE,2025-05,1,1,1,15.0,3522.81
557542335892374462,Rafael239 Delafuente833,GENERAL PRACTICE,2025-05,2,1,8,44.74791666666666,8954.54
767594969606856678,Numbers230 Stehr398,GENERAL PRACTICE,2025-06,2,1,2,39.175,14775.44
303661099600668074,Colin861 Witting912,GENERAL PRACTICE,2025-06,1,1,1,15.0,827.37
292967037467650792,Margarite168 Koepp521,GENERAL PRACTICE,2025-06,3,1,3,22.566666666666666,9921.62
620574705160663378,Emilio417 Barton704,GENERAL PRACTICE,2025-06,1,1,9,205.93333333333337,35713.35
933374996853591879,Damaris45 Funk324,GENERAL PRACTICE,2025-06,1,1,7,209.13333333333327,21737.45
305532101201638812,Cristy798 Auer97,GENERAL PRACTICE,2025-06,2,1,18,12826.555555555555,114231.08
797317867592804508,Idella49 Runte676,GENERAL PRACTICE,2025-06,1,1,6,33.06666666666667,6406.62
104443324623586425,Alan320 Keeling57,GENERAL PRACTICE,2025-06,1,1,10,37.050000000000004,14968.40
415187786701005895,Nicholas495 Greenfelder433,GENERAL PRACTICE,2025-06,1,1,1,64.95,516.95
757165526207794756,Hunter736 Lesch175,GENERAL PRACTICE,2025-06,1,1,1,15.0,3485.23
209723188358828593,Arla414 Fritsch593,GENERAL PRACTICE,2025-06,1,1,0,15.0,816.80
330368346251735978,Douglas31 Kuhlman484,GENERAL PRACTICE,2025-06,1,1,8,15.566666666666665,13970.00
1067664423944760255,Ted955 O'Connell601,GENERAL PRACTICE,2025-07,2,1,8,60.0,14825.86
773210380597549127,Dylan44 Robel940,GENERAL PRACTICE,2025-07,1,1,0,15.0,85.55
627552435495576060,Louis204 Hauck852,GENERAL PRACTICE,2025-07,1,1,7,258.18333333333334,21737.45
297399063445829670,Shawnna218 Daniel959,GENERAL PRACTICE,2025-07,1,1,19,20175.0,158348.47
982453732923389287,Leonie332 Wunsch504,GENERAL PRACTICE,2025-07,1,1,6,49.86666666666667,3409.20
835509182532742600,Larraine124 Torphy630,GENERAL PRACTICE,2025-07,1,1,5,33.1,6423.80
589522183230517886,Cleveland582 Kuphal363,GENERAL PRACTICE,2025-07,1,1,1,68.73333333333333,516.95
843686674439627048,Eleni953 Franecki195,GENERAL PRACTICE,2025-07,1,1,0,15.0,85.55
1063997594632910493,Carmelina668 Goyette777,GENERAL PRACTICE,2025-07,1,1,1,16.333333333333332,1250.85
358575454180073229,Luther918 Jakubowski832,GENERAL PRACTICE,2025-07,1,1,1,55.766666666666666,15783.94
767594969606856678,Numbers230 Stehr398,GENERAL PRACTICE,2025-07,1,1,1,20.933333333333334,8826.21
415187786701005895,Nicholas495 Greenfelder433,GENERAL PRACTICE,2025-07,1,1,1,62.766666666666666,516.95
883431140021126480,Teisha100 Leffler128,GENERAL PRACTICE,2025-08,1,1,4,32.016666666666666,3115.12
732047689731087291,Jackelyn13 Pacocha935,GENERAL PRACTICE,2025-08,1,1,1,18.316666666666666,2916.32
466401755129169261,Carson894 Krajcik437,GENERAL PRACTICE,2025-08,1,1,4,68.25,3869.12
945768052921162857,Arden380 Bergstrom287,GENERAL PRACTICE,2025-08,1,1,6,217.96666666666667,16043.70
505555747501163910,Norbert530 Veum823,GENERAL PRACTICE,2025-08,1,1,5,55.466666666666676,3927.90
627552435495576060,Louis204 Hauck852,GENERAL PRACTICE,2025-08,1,1,0,15.0,85.55
883538179487277878,Otha286 Roberts511,GENERAL PRACTICE,2025-08,4,1,3,42.05416666666667,40370.48
767594969606856678,Numbers230 Stehr398,GENERAL PRACTICE,2025-08,1,1,1,24.4,15340.83
506566847745572873,Pearlene638 Towne435,GENERAL PRACTICE,2025-08,1,1,6,40.416666666666664,4713.48
843686674439627048,Eleni953 Franecki195,GENERAL PRACTICE,2025-08,2,2,6,4975.942857142857,16979.54
292967037467650792,Margarite168 Koepp521,GENERAL PRACTICE,2025-08,1,1,1,33.833333333333336,5138.45
933374996853591879,Damaris45 Funk324,GENERAL PRACTICE,2025-08,1,1,8,53.10000000000001,8739.12
415187786701005895,Nicholas495 Greenfelder433,GENERAL PRACTICE,2025-08,2,1,1,50.28333333333333,602.50
1070962888088048845,Rubén780 Amaya149,GENERAL PRACTICE,2025-08,1,1,1,29.0,5138.45
534772609694406275,Alysha630 Koch169,GENERAL PRACTICE,2025-08,1,1,4,74.06666666666666,6832.04
366615259928051559,Jodie811 Hermann103,GENERAL PRACTICE,2025-08,1,1,4,37.75,3396.88
274123491455613599,Margarita164 Abbott774,GENERAL PRACTICE,2025-09,1,1,5,51.45,7835.00
209723188358828593,Arla414 Fritsch593,GENERAL PRACTICE,2025-09,1,1,0,15.0,816.80
767594969606856678,Numbers230 Stehr398,GENERAL PRACTICE,2025-09,1,1,1,24.666666666666668,5263.67
945768052921162857,Arden380 Bergstrom287,GENERAL PRACTICE,2025-09,1,1,0,15.0,85.55
534772609694406275,Alysha630 Koch169,GENERAL PRACTICE,2025-09,1,1,7,236.83333333333331,21737.45
757165526207794756,Hunter736 Lesch175,GENERAL PRACTICE,2025-09,1,1,1,15.0,2984.14
773210380597549127,Dylan44 Robel940,GENERAL PRACTICE,2025-09,1,1,0,15.0,85.55
415187786701005895,Nicholas495 Greenfelder433,GENERAL PRACTICE,2025-09,1,1,1,69.78333333333333,516.95
933374996853591879,Damaris45 Funk324,GENERAL PRACTICE,2025-09,1,1,7,197.54999999999998,21737.45
635693475161891891,Chanelle850 Schuster709,GENERAL PRACTICE,2025-09,1,1,1,40.9,573.98
883538179487277878,Otha286 Roberts511,GENERAL PRACTICE,2025-09,3,1,3,45.416666666666664,51512.71
247183019506608427,Lynwood354 Ratke343,GENERAL PRACTICE,2025-10,1,1,7,40.76666666666666,50341.06
883538179487277878,Otha286 Roberts511,GENERAL PRACTICE,2025-10,3,1,10,218.04666666666668,42694.52
1001810865406500417,Bennett146 Rippin620,GENERAL PRACTICE,2025-10,1,1,1,72.03333333333333,516.95
97141455760162461,Georgetta870 Turner526,GENERAL PRACTICE,2025-10,1,1,0,60.0,146.18
120057643579548119,Enriqueta274 Barton704,GENERAL PRACTICE,2025-10,1,1,5,47.333333333333336,9294.80
1063997594632910493,Carmelina668 Goyette777,GENERAL PRACTICE,2025-10,1,1,1,15.0,1250.85
933374996853591879,Damaris45 Funk324,GENERAL PRACTICE,2025-10,1,1,6,43.03333333333333,9308.58
326249472953830996,Marcus77 Schamberger479,GENERAL PRACTICE,2025-10,1,1,6,44.0,16385.88
1001928878040672327,Sharron285 Batz141,GENERAL PRACTICE,2025-10,1,1,0,15.0,142.58
767594969606856678,Numbers230 Stehr398,GENERAL PRACTICE,2025-10,2,1,2,47.03333333333333,10527.34
104443324623586425,Alan320 Keeling57,GENERAL PRACTICE,2025-11,1,1,5,32.666666666666664,3927.90
1149431584739820752,Jill895 Monahan736,GENERAL PRACTICE,2025-11,1,1,9,38.86666666666667,8279.10
732047689731087291,Jackelyn13 Pacocha935,GENERAL PRACTICE,2025-11,1,1,1,18.283333333333335,2979.21
767594969606856678,Numbers230 Stehr398,GENERAL PRACTICE,2025-11,1,1,1,48.266666666666666,5263.67
933374996853591879,Damaris45 Funk324,GENERAL PRACTICE,2025-11,1,1,6,47.1,9620.94
1001810865406500417,Bennett146 Rippin620,GENERAL PRACTICE,2025-11,1,1,1,71.3,516.95
993330102316984502,Gloria696 Deleón21,GENERAL PRACTICE,2025-12,1,1,4,41.28333333333333,6576.64
777367571448378347,Rolland302 Lemke654,GENERAL PRACTICE,2025-12,1,1,1,15.0,1210.18
1001810865406500417,Bennett146 Rippin620,GENERAL PRACTICE,2025-12,1,1,1,86.8,516.95
572970996214541044,Amado512 Adams676,GENERAL PRACTICE,2025-12,1,1,6,52.63333333333333,6414.36
933374996853591879,Damaris45 Funk324,GENERAL PRACTICE,2025-12,2,2,15,197.0133333333334,50031.45
477715583309581043,Victoria535 Roob72,GENERAL PRACTICE,2025-12,1,1,7,15.0,6439.30
1001928878040672327,Sharron285 Batz141,GENERAL PRACTICE,2025-12,1,1,0,15.0,85.55
649208082638985778,Derick144 King743,GENERAL PRACTICE,2025-12,1,1,4,15.0,3679.60
767594969606856678,Numbers230 Stehr398,GENERAL PRACTICE,2025-12,1,1,1,26.983333333333334,5263.67
209723188358828593,Arla414 Fritsch593,GENERAL PRACTICE,2025-12,1,1,0,15.0,136.80
119816323964506061,Clement78 Gleason633,GENERAL PRACTICE,2025-12,1,1,1,60.0,8155.61
303661099600668074,Colin861 Witting912,GENERAL PRACTICE,2025-12,1,1,0,15.0,272.80
757165526207794756,Hunter736 Lesch175,GENERAL PRACTICE,2025-12,1,1,5,55.4,3637.65
259733207554739476,Domitila545 Vandervort697,GENERAL PRACTICE,2025-12,1,1,6,216.56666666666663,16043.70
717311760003828486,Maren639 Aufderhar910,GENERAL PRACTICE,2025-12,1,1,7,32.083333333333336,5451.46
285802138677722447,Bettye671 Tromp100,GENERAL PRACTICE,2026-01,1,1,1,15.0,704.20
1063416607639151960,Sharyl439 Williamson769,GENERAL PRACTICE,2026-01,1,1,7,33.199999999999996,9088.31
1063997594632910493,Carmelina668 Goyette777,GENERAL PRACTICE,2026-01,1,1,1,15.0,4479.23
635693475161891891,Chanelle850 Schuster709,GENERAL PRACTICE,2026-01,2,1,12,293.6569444444445,53714.43
467518901701294765,Evelin941 Ratke343,GENERAL PRACTICE,2026-01,1,1,3,15.0,4451.31
757165526207794756,Hunter736 Lesch175,GENERAL PRACTICE,2026-01,1,1,1,15.0,4575.68
494963808912363135,Silva841 Grimes165,GENERAL PRACTICE,2026-01,2,2,8,192.11111111111111,28379.55
933374996853591879,Damaris45 Funk324,GENERAL PRACTICE,2026-01,2,1,16,243.2020833333334,48439.64
1001928878040672327,Sharron285 Batz141,GENERAL PRACTICE,2026-01,1,1,0,15.0,142.58
385398007267188660,Donovan745 Daugherty69,GENERAL PRACTICE,2026-01,1,1,9,35.68333333333333,11624.04
619052238124270980,Jamey282 Graham902,GENERAL PRACTICE,2026-01,1,1,3,15.0,2520.60
322254571989385831,Cletus494 Paucek755,GENERAL PRACTICE,2026-01,2,1,1,24.55,591.95
990948620886424088,Jarvis643 Ankunding277,GENERAL PRACTICE,2026-01,1,1,8,199.86666666666667,28294.00
767594969606856678,Numbers230 Stehr398,GENERAL PRACTICE,2026-01,2,1,2,35.1,10527.34
175240302948815055,Clemente531 Schamberger479,GENERAL PRACTICE,2026-01,1,1,9,53.91666666666667,13556.16
659708650451791585,Thanh759 Weber641,GENERAL PRACTICE,2026-01,1,1,11,383.6999999999999,53140.45
385398007267188660,Donovan745 Daugherty69,GENERAL PRACTICE,2026-02,1,1,7,178.65000000000003,21737.45
466401755129169261,Carson894 Krajcik437,GENERAL PRACTICE,2026-02,1,1,0,15.0,142.58
819112072617298357,Elmer371 Gusikowski974,GENERAL PRACTICE,2026-02,1,1,7,28.949999999999996,11203.71
662230053408795548,Lucas404 Arteaga169,GENERAL PRACTICE,2026-02,1,1,0,15.0,85.55
677098075056565681,Tracy345 Wilderman619,GENERAL PRACTICE,2026-02,1,1,7,16.599999999999998,6479.76
589522183230517886,Cleveland582 Kuphal363,GENERAL PRACTICE,2026-02,1,1,1,71.35,516.95
732047689731087291,Jackelyn13 Pacocha935,GENERAL PRACTICE,2026-02,1,1,1,18.983333333333334,2608.80
843686674439627048,Eleni953 Franecki195,GENERAL PRACTICE,2026-02,1,1,4,43.46666666666667,5978.08
911045445238590502,Noreen211 Stroman228,GENERAL PRACTICE,2026-02,1,1,1,60.0,4140.89
840366989655278220,Francene766 Halvorson124,GENERAL PRACTICE,2026-02,1,1,3,15.0,3849.18
767594969606856678,Numbers230 Stehr398,GENERAL PRACTICE,2026-02,1,1,1,26.066666666666666,8885.88
417994371414450048,Beth967 McKenzie376,GENERAL PRACTICE,2026-03,1,1,2,17.066666666666666,1839.80
209723188358828593,Arla414 Fritsch593,GENERAL PRACTICE,2026-03,1,1,1,15.0,1032.50
929246809949396381,Patricia625 Aragón562,GENERAL PRACTICE,2026-03,1,1,5,24.55,4573.90
945378491324188246,Astrid395 Huels583,GENERAL PRACTICE,2026-03,1,1,0,15.0,347.38
543343207625722774,Anh979 Schroeder447,GENERAL PRACTICE,2026-03,3,3,19,31.031578947368416,18462.76
933374996853591879,Damaris45 Funk324,GENERAL PRACTICE,2026-03,1,1,9,39.36666666666667,14431.41
767594969606856678,Numbers230 Stehr398,GENERAL PRACTICE,2026-03,3,2,9,135.16851851851848,29716.92
509648299636698482,Zachary28 Bogan287,GENERAL PRACTICE,2026-03,1,1,2,60.0,12001.12
589522183230517886,Cleveland582 Kuphal363,GENERAL PRACTICE,2026-03,1,1,1,80.73333333333333,516.95
662230053408795548,Lucas404 Arteaga169,GENERAL PRACTICE,2026-03,1,1,6,182.48333333333332,16043.70
659708650451791585,Thanh759 Weber641,GENERAL PRACTICE,2026-03,1,1,0,15.0,142.58
635693475161891891,Chanelle850 Schuster709,GENERAL PRACTICE,2026-04,3,1,3,26.916666666666668,4978.25
982978929763219993,Derick144 Bashirian201,GENERAL PRACTICE,2026-04,1,1,6,34.6,7301.88
589522183230517886,Cleveland582 Kuphal363,GENERAL PRACTICE,2026-04,1,1,1,85.8,516.95
945378491324188246,Astrid395 Huels583,GENERAL PRACTICE,2026-04,1,1,0,15.0,272.80
1063997594632910493,Carmelina668 Goyette777,GENERAL PRACTICE,2026-04,3,2,9,170.45333333333332,29687.43
326249472953830996,Marcus77 Schamberger479,GENERAL PRACTICE,2026-04,1,1,6,169.46666666666667,16043.70
757165526207794756,Hunter736 Lesch175,GENERAL PRACTICE,2026-04,2,2,7,136.55714285714285,17294.55
933374996853591879,Damaris45 Funk324,GENERAL PRACTICE,2026-04,1,1,6,175.85,16043.70
1070962888088048845,Rubén780 Amaya149,GENERAL PRACTICE,2026-04,1,1,1,46.36666666666667,573.98
767594969606856678,Numbers230 Stehr398,GENERAL PRACTICE,2026-04,2,1,2,29.166666666666668,14782.19
525551825041219194,Valentine262 Leannon79,GENERAL PRACTICE,2026-04,1,1,6,57.550000000000004,4672.68
494963808912363135,Silva841 Grimes165,GENERAL PRACTICE,2026-04,1,1,0,15.0,142.58
28775223048141588,Dinah304 Kub800,GENERAL PRACTICE,2026-05,1,1,0,60.0,146.18
773210380597549127,Dylan44 Robel940,GENERAL PRACTICE,2026-05,1,1,7,177.68333333333337,21737.45
544507194386793082,Stephen891 Okuneva707,GENERAL PRACTICE,2026-05,1,1,6,36.449999999999996,4713.48
157840080095889559,Son314 MacGyver246,GENERAL PRACTICE,2026-05,1,1,2,36.68333333333333,1448.32
484247740288856482,Jani266 Schultz619,GENERAL PRACTICE,2026-05,1,1,17,12975.0,124037.10
1001810865406500417,Bennett146 Rippin620,GENERAL PRACTICE,2026-05,1,1,7,219.68333333333337,21737.45
732047689731087291,Jackelyn13 Pacocha935,GENERAL PRACTICE,2026-05,2,1,8,139.925,22993.64
292967037467650792,Margarite168 Koepp521,GENERAL PRACTICE,2026-05,3,1,3,22.177777777777777,4966.82
659708650451791585,Thanh759 Weber641,GENERAL PRACTICE,2026-05,1,1,0,15.0,142.58
767594969606856678,Numbers230 Stehr398,GENERAL PRACTICE,2026-05,1,1,1,50.21666666666667,14029.09
801728232490770318,Ulysses632 Ziemann98,GENERAL PRACTICE,2026-05,1,1,6,15.0,5041.20
811344739361390226,Thaddeus38 Stiedemann542,GENERAL PRACTICE,2026-05,1,1,6,46.01666666666666,7249.14
209723188358828593,Arla414 Fritsch593,GENERAL PRACTICE,2026-06,1,1,0,15.0,272.80
87043910366159377,Velda682 Gutmann970,GENERAL PRACTICE,2026-06,1,1,7,59.46666666666668,4929.40
843686674439627048,Eleni953 Franecki195,GENERAL PRACTICE,2026-06,1,1,6,47.96666666666667,16833.36
797317867592804508,Idella49 Runte676,GENERAL PRACTICE,2026-06,1,1,6,55.550000000000004,5199.12
767594969606856678,Numbers230 Stehr398,GENERAL PRACTICE,2026-06,2,1,1,32.641666666666666,5641.23
104443324623586425,Alan320 Keeling57,GENERAL PRACTICE,2026-06,1,1,7,44.85000000000001,7949.20
933374996853591879,Damaris45 Funk324,GENERAL PRACTICE,2026-06,1,1,7,77.85000000000001,22259.51
494963808912363135,Silva841 Grimes165,GENERAL PRACTICE,2026-06,1,1,2,15.0,18483.54
330368346251735978,Douglas31 Kuhlman484,GENERAL PRACTICE,2026-06,1,1,6,26.433333333333334,4225.20
177353855562464587,Jules135 Emard19,GENERAL PRACTICE,2026-06,1,1,11,383.43333333333334,53140.45
326249472953830996,Marcus77 Schamberger479,GENERAL PRACTICE,2026-06,1,1,0,15.0,85.55
945378491324188246,Astrid395 Huels583,GENERAL PRACTICE,2026-06,1,1,1,15.0,1103.04
466401755129169261,Carson894 Krajcik437,GENERAL PRACTICE,2026-06,2,1,7,32.5,6177.86
303661099600668074,Colin861 Witting912,GENERAL PRACTICE,2026-06,1,1,1,15.0,488.50
120057643579548119,Enriqueta274 Barton704,GENERAL PRACTICE,2026-06,1,1,5,37.05,5423.50
789934400191248198,Guadalupe206 Ponce361,GENERAL PRACTICE,2026-06,1,1,0,15.0,85.55
635693475161891891,Chanelle850 Schuster709,GENERAL PRACTICE,2026-07,2,1,3,38.73333333333334,3336.41
466401755129169261,Carson894 Krajcik437,GENERAL PRACTICE,2026-07,2,1,7,160.9645833333333,21823.00
1063997594632910493,Carmelina668 Goyette777,GENERAL PRACTICE,2026-07,2,2,1,15.0,3257.78
119816323964506061,Clement78 Gleason633,GENERAL PRACTICE,2026-07,1,1,0,540.0,146.18
767594969606856678,Numbers230 Stehr398,GENERAL PRACTICE,2026-07,1,1,1,16.533333333333335,5263.67
982453732923389287,Leonie332 Wunsch504,GENERAL PRACTICE,2026-07,1,1,6,38.98333333333334,6335.40
835509182532742600,Larraine124 Torphy630,GENERAL PRACTICE,2026-07,1,1,7,53.550000000000004,12258.19
494963808912363135,Silva841 Grimes165,GENERAL PRACTICE,2026-07,2,1,5,15.0,28837.94
378462991548531828,Mica978 Lemke654,GENERAL PRACTICE,,0,0,0,,
1019447726827510602,Lorenzo669 Araña824,GENERAL PRACTICE,,0,0,0,,
524889701125783009,Harland508 Breitenberg711,GENERAL PRACTICE,,0,0,0,,
873853204312933214,Venita81 Lind531,GENERAL PRACTICE,,0,0,0,,
335485744969653646,Clifton91 Veum823,GENERAL PRACTICE,,0,0,0,,
870120911269052948,Lauretta754 Dare640,GENERAL PRACTICE,,0,0,0,,
316356198679772739,Cathleen724 Runte676,GENERAL PRACTICE,,0,0,0,,
887350260620921735,Addie421 Ebert178,GENERAL PRACTICE,,0,0,0,,
562966367007249510,Angelic427 McCullough561,GENERAL PRACTICE,,0,0,0,,
330300025621312815,Teresa94 Cepeda588,GENERAL PRACTICE,,0,0,0,,
1124753104385636592,Wm806 Barrows492,GENERAL PRACTICE,,0,0,0,,
791200147467656246,Jolie499 Parisian75,GENERAL PRACTICE,,0,0,0,,
631229328453039814,Carmelo33 Turner526,GENERAL PRACTICE,,0,0,0,,
972883254144341512,Cyrstal592 Mosciski958,GENERAL PRACTICE,,0,0,0,,
1091491137215703938,Jewell855 Schmeler639,GENERAL PRACTICE,,0,0,0,,
420163492194950536,Elmer371 Kutch271,GENERAL PRACTICE,,0,0,0,,
612495238087606247,Alena861 Rolfson709,GENERAL PRACTICE,,0,0,0,,
1023622408106078495,Deangelo7 Hintz995,GENERAL PRACTICE,,0,0,0,,
